
── Ejecución 2026-06-29T11:22:25 ──
  assets\audio\es\silabas\avion-0.mp3
    texto: 'a'  ipa: None
    error: 400 Client Error: Bad Request for url: https://texttospeech.googleapis.com/v1/text:synthesize?key=AIzaSyAL1mg758L1cHG-yiGo-ztfDhRXJu2jmqM
  assets\audio\es\silabas\agua-0.mp3
    texto: 'a'  ipa: None
    error: 400 Client Error: Bad Request for url: https://texttospeech.googleapis.com/v1/text:synthesize?key=AIzaSyAL1mg758L1cHG-yiGo-ztfDhRXJu2jmqM
  assets\audio\es\silabas\avion-1.mp3
    texto: 'vión'  ipa: None
    error: 400 Client Error: Bad Request for url: https://texttospeech.googleapis.com/v1/text:synthesize?key=AIzaSyAL1mg758L1cHG-yiGo-ztfDhRXJu2jmqM
  assets\audio\es\silabas\arbol-1.mp3
    texto: 'bol'  ipa: None
    error: 400 Client Error: Bad Request for url: https://texttospeech.googleapis.com/v1/text:synthesize?key=AIzaSyAL1mg758L1cHG-yiGo-ztfDhRXJu2jmqM
  assets\audio\es\silabas\arbol-0.mp3
    texto: 'ár'  ipa: None
    error: 400 Client Error: Bad Request for url: https://texttospeech.googleapis.com/v1/text:synthesize?key=AIzaSyAL1mg758L1cHG-yiGo-ztfDhRXJu2jmqM
  assets\audio\es\silabas\agua-1.mp3
    texto: 'gua'  ipa: None
    error: 400 Client Error: Bad Request for url: https://texttospeech.googleapis.com/v1/text:synthesize?key=AIzaSyAL1mg758L1cHG-yiGo-ztfDhRXJu2jmqM
  assets\audio\es\silabas\arana-1.mp3
    texto: 'ra'  ipa: 'ɾa'
    error: 400 Client Error: Bad Request for url: https://texttospeech.googleapis.com/v1/text:synthesize?key=AIzaSyAL1mg758L1cHG-yiGo-ztfDhRXJu2jmqM
  assets\audio\es\silabas\arana-0.mp3
    texto: 'a'  ipa: None
    error: 400 Client Error: Bad Request for url: https://texttospeech.googleapis.com/v1/text:synthesize?key=AIzaSyAL1mg758L1cHG-yiGo-ztfDhRXJu2jmqM
  assets\audio\es\silabas\arana-2.mp3
    texto: 'ña'  ipa: None
    error: 400 Client Error: Bad Request for url: https://texttospeech.googleapis.com/v1/text:synthesize?key=AIzaSyAL1mg758L1cHG-yiGo-ztfDhRXJu2jmqM
  assets\audio\es\silabas\arco-iris-0.mp3
    texto: 'ar'  ipa: None
    error: 400 Client Error: Bad Request for url: https://texttospeech.googleapis.com/v1/text:synthesize?key=AIzaSyAL1mg758L1cHG-yiGo-ztfDhRXJu2jmqM
  assets\audio\es\silabas\arco-iris-1.mp3
    texto: 'co'  ipa: None
    error: 400 Client Error: Bad Request for url: https://texttospeech.googleapis.com/v1/text:synthesize?key=AIzaSyAL1mg758L1cHG-yiGo-ztfDhRXJu2jmqM
  assets\audio\es\silabas\arco-iris-3.mp3
    texto: 'ris'  ipa: 'ɾis'
    error: 400 Client Error: Bad Request for url: https://texttospeech.googleapis.com/v1/text:synthesize?key=AIzaSyAL1mg758L1cHG-yiGo-ztfDhRXJu2jmqM
  assets\audio\es\silabas\arco-iris-2.mp3
    texto: 'i'  ipa: None
    error: 400 Client Error: Bad Request for url: https://texttospeech.googleapis.com/v1/text:synthesize?key=AIzaSyAL1mg758L1cHG-yiGo-ztfDhRXJu2jmqM
  assets\audio\es\silabas\ardilla-0.mp3
    texto: 'ar'  ipa: None
    error: 400 Client Error: Bad Request for url: https://texttospeech.googleapis.com/v1/text:synthesize?key=AIzaSyAL1mg758L1cHG-yiGo-ztfDhRXJu2jmqM
  assets\audio\es\silabas\ardilla-1.mp3
    texto: 'di'  ipa: None
    error: 400 Client Error: Bad Request for url: https://texttospeech.googleapis.com/v1/text:synthesize?key=AIzaSyAL1mg758L1cHG-yiGo-ztfDhRXJu2jmqM
  assets\audio\es\silabas\ardilla-2.mp3
    texto: 'llá'  ipa: None
    error: 400 Client Error: Bad Request for url: https://texttospeech.googleapis.com/v1/text:synthesize?key=AIzaSyAL1mg758L1cHG-yiGo-ztfDhRXJu2jmqM
  assets\audio\es\silabas\abeja-0.mp3
    texto: 'a'  ipa: None
    error: 400 Client Error: Bad Request for url: https://texttospeech.googleapis.com/v1/text:synthesize?key=AIzaSyAL1mg758L1cHG-yiGo-ztfDhRXJu2jmqM
  assets\audio\es\silabas\abeja-1.mp3
    texto: 'xbe'  ipa: 'be'
    error: 400 Client Error: Bad Request for url: https://texttospeech.googleapis.com/v1/text:synthesize?key=AIzaSyAL1mg758L1cHG-yiGo-ztfDhRXJu2jmqM
  assets\audio\es\silabas\ajo-0.mp3
    texto: 'a'  ipa: None
    error: 400 Client Error: Bad Request for url: https://texttospeech.googleapis.com/v1/text:synthesize?key=AIzaSyAL1mg758L1cHG-yiGo-ztfDhRXJu2jmqM
  assets\audio\es\silabas\abeja-2.mp3
    texto: 'ja'  ipa: None
    error: 400 Client Error: Bad Request for url: https://texttospeech.googleapis.com/v1/text:synthesize?key=AIzaSyAL1mg758L1cHG-yiGo-ztfDhRXJu2jmqM
  assets\audio\es\silabas\ajo-1.mp3
    texto: 'xjo'  ipa: 'xo'
    error: 400 Client Error: Bad Request for url: https://texttospeech.googleapis.com/v1/text:synthesize?key=AIzaSyAL1mg758L1cHG-yiGo-ztfDhRXJu2jmqM
  assets\audio\es\silabas\bicicleta-1.mp3
    texto: 'ci'  ipa: None
    error: 400 Client Error: Bad Request for url: https://texttospeech.googleapis.com/v1/text:synthesize?key=AIzaSyAL1mg758L1cHG-yiGo-ztfDhRXJu2jmqM
  assets\audio\es\silabas\barco-1.mp3
    texto: 'co'  ipa: None
    error: 400 Client Error: Bad Request for url: https://texttospeech.googleapis.com/v1/text:synthesize?key=AIzaSyAL1mg758L1cHG-yiGo-ztfDhRXJu2jmqM
  assets\audio\es\silabas\bicicleta-0.mp3
    texto: 'bi'  ipa: None
    error: 400 Client Error: Bad Request for url: https://texttospeech.googleapis.com/v1/text:synthesize?key=AIzaSyAL1mg758L1cHG-yiGo-ztfDhRXJu2jmqM
  assets\audio\es\silabas\barco-0.mp3
    texto: 'bar'  ipa: None
    error: 400 Client Error: Bad Request for url: https://texttospeech.googleapis.com/v1/text:synthesize?key=AIzaSyAL1mg758L1cHG-yiGo-ztfDhRXJu2jmqM
  assets\audio\es\silabas\bicicleta-2.mp3
    texto: 'cle'  ipa: None
    error: 400 Client Error: Bad Request for url: https://texttospeech.googleapis.com/v1/text:synthesize?key=AIzaSyAL1mg758L1cHG-yiGo-ztfDhRXJu2jmqM
  assets\audio\es\silabas\bicicleta-3.mp3
    texto: 'ta'  ipa: None
    error: 400 Client Error: Bad Request for url: https://texttospeech.googleapis.com/v1/text:synthesize?key=AIzaSyAL1mg758L1cHG-yiGo-ztfDhRXJu2jmqM
  assets\audio\es\silabas\bebe-0.mp3
    texto: 'xbe'  ipa: 'be'
    error: 400 Client Error: Bad Request for url: https://texttospeech.googleapis.com/v1/text:synthesize?key=AIzaSyAL1mg758L1cHG-yiGo-ztfDhRXJu2jmqM
  assets\audio\es\silabas\boca-1.mp3
    texto: 'ca'  ipa: None
    error: 400 Client Error: Bad Request for url: https://texttospeech.googleapis.com/v1/text:synthesize?key=AIzaSyAL1mg758L1cHG-yiGo-ztfDhRXJu2jmqM
  assets\audio\es\silabas\boca-0.mp3
    texto: 'bo'  ipa: None
    error: 400 Client Error: Bad Request for url: https://texttospeech.googleapis.com/v1/text:synthesize?key=AIzaSyAL1mg758L1cHG-yiGo-ztfDhRXJu2jmqM
  assets\audio\es\silabas\bebe-1.mp3
    texto: 'xbe'  ipa: 'be'
    error: 400 Client Error: Bad Request for url: https://texttospeech.googleapis.com/v1/text:synthesize?key=AIzaSyAL1mg758L1cHG-yiGo-ztfDhRXJu2jmqM
  assets\audio\es\silabas\ballena-0.mp3
    texto: 'bá'  ipa: None
    error: 400 Client Error: Bad Request for url: https://texttospeech.googleapis.com/v1/text:synthesize?key=AIzaSyAL1mg758L1cHG-yiGo-ztfDhRXJu2jmqM
  assets\audio\es\silabas\ballena-1.mp3
    texto: 'lle'  ipa: None
    error: 400 Client Error: Bad Request for url: https://texttospeech.googleapis.com/v1/text:synthesize?key=AIzaSyAL1mg758L1cHG-yiGo-ztfDhRXJu2jmqM
  assets\audio\es\silabas\ballena-2.mp3
    texto: 'na'  ipa: None
    error: 400 Client Error: Bad Request for url: https://texttospeech.googleapis.com/v1/text:synthesize?key=AIzaSyAL1mg758L1cHG-yiGo-ztfDhRXJu2jmqM
  assets\audio\es\silabas\brocoli-0.mp3
    texto: 'bro'  ipa: None
    error: 400 Client Error: Bad Request for url: https://texttospeech.googleapis.com/v1/text:synthesize?key=AIzaSyAL1mg758L1cHG-yiGo-ztfDhRXJu2jmqM
  assets\audio\es\silabas\brocoli-1.mp3
    texto: 'co'  ipa: None
    error: 400 Client Error: Bad Request for url: https://texttospeech.googleapis.com/v1/text:synthesize?key=AIzaSyAL1mg758L1cHG-yiGo-ztfDhRXJu2jmqM
  assets\audio\es\silabas\brocoli-2.mp3
    texto: 'li'  ipa: None
    error: 400 Client Error: Bad Request for url: https://texttospeech.googleapis.com/v1/text:synthesize?key=AIzaSyAL1mg758L1cHG-yiGo-ztfDhRXJu2jmqM
  assets\audio\es\silabas\botas-0.mp3
    texto: 'bo'  ipa: None
    error: 400 Client Error: Bad Request for url: https://texttospeech.googleapis.com/v1/text:synthesize?key=AIzaSyAL1mg758L1cHG-yiGo-ztfDhRXJu2jmqM
  assets\audio\es\silabas\botas-1.mp3
    texto: 'tas'  ipa: None
    error: 400 Client Error: Bad Request for url: https://texttospeech.googleapis.com/v1/text:synthesize?key=AIzaSyAL1mg758L1cHG-yiGo-ztfDhRXJu2jmqM
  assets\audio\es\silabas\boton-0.mp3
    texto: 'bo'  ipa: None
    error: 400 Client Error: Bad Request for url: https://texttospeech.googleapis.com/v1/text:synthesize?key=AIzaSyAL1mg758L1cHG-yiGo-ztfDhRXJu2jmqM
  assets\audio\es\silabas\boton-1.mp3
    texto: 'tón'  ipa: None
    error: 400 Client Error: Bad Request for url: https://texttospeech.googleapis.com/v1/text:synthesize?key=AIzaSyAL1mg758L1cHG-yiGo-ztfDhRXJu2jmqM
  assets\audio\es\silabas\buho-0.mp3
    texto: 'bú'  ipa: None
    error: 400 Client Error: Bad Request for url: https://texttospeech.googleapis.com/v1/text:synthesize?key=AIzaSyAL1mg758L1cHG-yiGo-ztfDhRXJu2jmqM
  assets\audio\es\silabas\casa-0.mp3
    texto: 'ca'  ipa: None
    error: 400 Client Error: Bad Request for url: https://texttospeech.googleapis.com/v1/text:synthesize?key=AIzaSyAL1mg758L1cHG-yiGo-ztfDhRXJu2jmqM
  assets\audio\es\silabas\coche-0.mp3
    texto: 'co'  ipa: None
    error: 400 Client Error: Bad Request for url: https://texttospeech.googleapis.com/v1/text:synthesize?key=AIzaSyAL1mg758L1cHG-yiGo-ztfDhRXJu2jmqM
  assets\audio\es\silabas\buho-1.mp3
    texto: 'o'  ipa: None
    error: 400 Client Error: Bad Request for url: https://texttospeech.googleapis.com/v1/text:synthesize?key=AIzaSyAL1mg758L1cHG-yiGo-ztfDhRXJu2jmqM
  assets\audio\es\silabas\casa-1.mp3
    texto: 'sa'  ipa: None
    error: 400 Client Error: Bad Request for url: https://texttospeech.googleapis.com/v1/text:synthesize?key=AIzaSyAL1mg758L1cHG-yiGo-ztfDhRXJu2jmqM
  assets\audio\es\silabas\coche-1.mp3
    texto: 'che'  ipa: None
    error: 400 Client Error: Bad Request for url: https://texttospeech.googleapis.com/v1/text:synthesize?key=AIzaSyAL1mg758L1cHG-yiGo-ztfDhRXJu2jmqM
  assets\audio\es\silabas\corazon-2.mp3
    texto: 'zón'  ipa: None
    error: 400 Client Error: Bad Request for url: https://texttospeech.googleapis.com/v1/text:synthesize?key=AIzaSyAL1mg758L1cHG-yiGo-ztfDhRXJu2jmqM
  assets\audio\es\silabas\corazon-1.mp3
    texto: 'ra'  ipa: 'ɾa'
    error: 400 Client Error: Bad Request for url: https://texttospeech.googleapis.com/v1/text:synthesize?key=AIzaSyAL1mg758L1cHG-yiGo-ztfDhRXJu2jmqM
  assets\audio\es\silabas\corazon-0.mp3
    texto: 'co'  ipa: None
    error: 400 Client Error: Bad Request for url: https://texttospeech.googleapis.com/v1/text:synthesize?key=AIzaSyAL1mg758L1cHG-yiGo-ztfDhRXJu2jmqM
  assets\audio\es\silabas\cama-0.mp3
    texto: 'ca'  ipa: None
    error: 400 Client Error: Bad Request for url: https://texttospeech.googleapis.com/v1/text:synthesize?key=AIzaSyAL1mg758L1cHG-yiGo-ztfDhRXJu2jmqM
  assets\audio\es\silabas\cama-1.mp3
    texto: 'ma'  ipa: None
    error: 400 Client Error: Bad Request for url: https://texttospeech.googleapis.com/v1/text:synthesize?key=AIzaSyAL1mg758L1cHG-yiGo-ztfDhRXJu2jmqM
  assets\audio\es\silabas\caballo-2.mp3
    texto: 'llo'  ipa: None
    error: 400 Client Error: Bad Request for url: https://texttospeech.googleapis.com/v1/text:synthesize?key=AIzaSyAL1mg758L1cHG-yiGo-ztfDhRXJu2jmqM
  assets\audio\es\silabas\caballo-0.mp3
    texto: 'ca'  ipa: None
    error: 400 Client Error: Bad Request for url: https://texttospeech.googleapis.com/v1/text:synthesize?key=AIzaSyAL1mg758L1cHG-yiGo-ztfDhRXJu2jmqM
  assets\audio\es\silabas\conejo-0.mp3
    texto: 'co'  ipa: None
    error: 400 Client Error: Bad Request for url: https://texttospeech.googleapis.com/v1/text:synthesize?key=AIzaSyAL1mg758L1cHG-yiGo-ztfDhRXJu2jmqM
  assets\audio\es\silabas\conejo-1.mp3
    texto: 'ne'  ipa: None
    error: 400 Client Error: Bad Request for url: https://texttospeech.googleapis.com/v1/text:synthesize?key=AIzaSyAL1mg758L1cHG-yiGo-ztfDhRXJu2jmqM
  assets\audio\es\silabas\conejo-2.mp3
    texto: 'xjo'  ipa: 'xo'
    error: 400 Client Error: Bad Request for url: https://texttospeech.googleapis.com/v1/text:synthesize?key=AIzaSyAL1mg758L1cHG-yiGo-ztfDhRXJu2jmqM
  assets\audio\es\silabas\cohete-1.mp3
    texto: 'he'  ipa: None
    error: 400 Client Error: Bad Request for url: https://texttospeech.googleapis.com/v1/text:synthesize?key=AIzaSyAL1mg758L1cHG-yiGo-ztfDhRXJu2jmqM
  assets\audio\es\silabas\cohete-0.mp3
    texto: 'co'  ipa: None
    error: 400 Client Error: Bad Request for url: https://texttospeech.googleapis.com/v1/text:synthesize?key=AIzaSyAL1mg758L1cHG-yiGo-ztfDhRXJu2jmqM
  assets\audio\es\silabas\caballo-1.mp3
    texto: 'bá'  ipa: None
    error: 400 Client Error: Bad Request for url: https://texttospeech.googleapis.com/v1/text:synthesize?key=AIzaSyAL1mg758L1cHG-yiGo-ztfDhRXJu2jmqM
  assets\audio\es\silabas\cohete-2.mp3
    texto: 'te'  ipa: None
    error: 400 Client Error: Bad Request for url: https://texttospeech.googleapis.com/v1/text:synthesize?key=AIzaSyAL1mg758L1cHG-yiGo-ztfDhRXJu2jmqM
  assets\audio\es\silabas\corona-0.mp3
    texto: 'co'  ipa: None
    error: 400 Client Error: Bad Request for url: https://texttospeech.googleapis.com/v1/text:synthesize?key=AIzaSyAL1mg758L1cHG-yiGo-ztfDhRXJu2jmqM
  assets\audio\es\silabas\corona-2.mp3
    texto: 'na'  ipa: None
    error: 400 Client Error: Bad Request for url: https://texttospeech.googleapis.com/v1/text:synthesize?key=AIzaSyAL1mg758L1cHG-yiGo-ztfDhRXJu2jmqM
  assets\audio\es\silabas\corona-1.mp3
    texto: 'ro'  ipa: 'ɾo'
    error: 400 Client Error: Bad Request for url: https://texttospeech.googleapis.com/v1/text:synthesize?key=AIzaSyAL1mg758L1cHG-yiGo-ztfDhRXJu2jmqM
  assets\audio\es\silabas\cactus-0.mp3
    texto: 'cac'  ipa: None
    error: 400 Client Error: Bad Request for url: https://texttospeech.googleapis.com/v1/text:synthesize?key=AIzaSyAL1mg758L1cHG-yiGo-ztfDhRXJu2jmqM
  assets\audio\es\silabas\cactus-1.mp3
    texto: 'tus'  ipa: None
    error: 400 Client Error: Bad Request for url: https://texttospeech.googleapis.com/v1/text:synthesize?key=AIzaSyAL1mg758L1cHG-yiGo-ztfDhRXJu2jmqM
  assets\audio\es\silabas\cebra-0.mp3
    texto: 'ce'  ipa: None
    error: 400 Client Error: Bad Request for url: https://texttospeech.googleapis.com/v1/text:synthesize?key=AIzaSyAL1mg758L1cHG-yiGo-ztfDhRXJu2jmqM
  assets\audio\es\silabas\cebra-1.mp3
    texto: 'bra'  ipa: None
    error: 400 Client Error: Bad Request for url: https://texttospeech.googleapis.com/v1/text:synthesize?key=AIzaSyAL1mg758L1cHG-yiGo-ztfDhRXJu2jmqM
  assets\audio\es\silabas\camion-1.mp3
    texto: 'mión'  ipa: None
    error: 400 Client Error: Bad Request for url: https://texttospeech.googleapis.com/v1/text:synthesize?key=AIzaSyAL1mg758L1cHG-yiGo-ztfDhRXJu2jmqM
  assets\audio\es\silabas\camion-0.mp3
    texto: 'ca'  ipa: None
    error: 400 Client Error: Bad Request for url: https://texttospeech.googleapis.com/v1/text:synthesize?key=AIzaSyAL1mg758L1cHG-yiGo-ztfDhRXJu2jmqM
  assets\audio\es\silabas\delfin-0.mp3
    texto: 'del'  ipa: None
    error: 400 Client Error: Bad Request for url: https://texttospeech.googleapis.com/v1/text:synthesize?key=AIzaSyAL1mg758L1cHG-yiGo-ztfDhRXJu2jmqM
  assets\audio\es\silabas\delfin-1.mp3
    texto: 'fín'  ipa: None
    error: 400 Client Error: Bad Request for url: https://texttospeech.googleapis.com/v1/text:synthesize?key=AIzaSyAL1mg758L1cHG-yiGo-ztfDhRXJu2jmqM
  assets\audio\es\silabas\dinosaurio-0.mp3
    texto: 'di'  ipa: None
    error: 400 Client Error: Bad Request for url: https://texttospeech.googleapis.com/v1/text:synthesize?key=AIzaSyAL1mg758L1cHG-yiGo-ztfDhRXJu2jmqM
  assets\audio\es\silabas\dinosaurio-2.mp3
    texto: 'sau'  ipa: None
    error: 400 Client Error: Bad Request for url: https://texttospeech.googleapis.com/v1/text:synthesize?key=AIzaSyAL1mg758L1cHG-yiGo-ztfDhRXJu2jmqM
  assets\audio\es\silabas\dinosaurio-1.mp3
    texto: 'no'  ipa: None
    error: 400 Client Error: Bad Request for url: https://texttospeech.googleapis.com/v1/text:synthesize?key=AIzaSyAL1mg758L1cHG-yiGo-ztfDhRXJu2jmqM
  assets\audio\es\silabas\dinosaurio-3.mp3
    texto: 'rio'  ipa: 'ɾio'
    error: 400 Client Error: Bad Request for url: https://texttospeech.googleapis.com/v1/text:synthesize?key=AIzaSyAL1mg758L1cHG-yiGo-ztfDhRXJu2jmqM
  assets\audio\es\silabas\dientes-0.mp3
    texto: 'dien'  ipa: None
    error: 400 Client Error: Bad Request for url: https://texttospeech.googleapis.com/v1/text:synthesize?key=AIzaSyAL1mg758L1cHG-yiGo-ztfDhRXJu2jmqM
  assets\audio\es\silabas\dado-1.mp3
    texto: 'do'  ipa: None
    error: 400 Client Error: Bad Request for url: https://texttospeech.googleapis.com/v1/text:synthesize?key=AIzaSyAL1mg758L1cHG-yiGo-ztfDhRXJu2jmqM
  assets\audio\es\silabas\dientes-1.mp3
    texto: 'tes'  ipa: None
    error: 400 Client Error: Bad Request for url: https://texttospeech.googleapis.com/v1/text:synthesize?key=AIzaSyAL1mg758L1cHG-yiGo-ztfDhRXJu2jmqM
  assets\audio\es\silabas\dragon-0.mp3
    texto: 'drá'  ipa: None
    error: 400 Client Error: Bad Request for url: https://texttospeech.googleapis.com/v1/text:synthesize?key=AIzaSyAL1mg758L1cHG-yiGo-ztfDhRXJu2jmqM
  assets\audio\es\silabas\dado-0.mp3
    texto: 'da'  ipa: None
    error: 400 Client Error: Bad Request for url: https://texttospeech.googleapis.com/v1/text:synthesize?key=AIzaSyAL1mg758L1cHG-yiGo-ztfDhRXJu2jmqM
  assets\audio\es\silabas\dragon-1.mp3
    texto: 'gón'  ipa: None
    error: 400 Client Error: Bad Request for url: https://texttospeech.googleapis.com/v1/text:synthesize?key=AIzaSyAL1mg758L1cHG-yiGo-ztfDhRXJu2jmqM
  assets\audio\es\silabas\dulce-0.mp3
    texto: 'dul'  ipa: None
    error: 400 Client Error: Bad Request for url: https://texttospeech.googleapis.com/v1/text:synthesize?key=AIzaSyAL1mg758L1cHG-yiGo-ztfDhRXJu2jmqM
  assets\audio\es\silabas\dedos-0.mp3
    texto: 'de'  ipa: None
    error: 400 Client Error: Bad Request for url: https://texttospeech.googleapis.com/v1/text:synthesize?key=AIzaSyAL1mg758L1cHG-yiGo-ztfDhRXJu2jmqM
  assets\audio\es\silabas\dulce-1.mp3
    texto: 'ce'  ipa: None
    error: 400 Client Error: Bad Request for url: https://texttospeech.googleapis.com/v1/text:synthesize?key=AIzaSyAL1mg758L1cHG-yiGo-ztfDhRXJu2jmqM
  assets\audio\es\silabas\dedos-1.mp3
    texto: 'dos'  ipa: None
    error: 400 Client Error: Bad Request for url: https://texttospeech.googleapis.com/v1/text:synthesize?key=AIzaSyAL1mg758L1cHG-yiGo-ztfDhRXJu2jmqM
  assets\audio\es\silabas\dia-0.mp3
    texto: 'dí'  ipa: None
    error: 400 Client Error: Bad Request for url: https://texttospeech.googleapis.com/v1/text:synthesize?key=AIzaSyAL1mg758L1cHG-yiGo-ztfDhRXJu2jmqM
  assets\audio\es\silabas\dia-1.mp3
    texto: 'a'  ipa: None
    error: 400 Client Error: Bad Request for url: https://texttospeech.googleapis.com/v1/text:synthesize?key=AIzaSyAL1mg758L1cHG-yiGo-ztfDhRXJu2jmqM
  assets\audio\es\silabas\dinero-0.mp3
    texto: 'di'  ipa: None
    error: 400 Client Error: Bad Request for url: https://texttospeech.googleapis.com/v1/text:synthesize?key=AIzaSyAL1mg758L1cHG-yiGo-ztfDhRXJu2jmqM
  assets\audio\es\silabas\dinero-2.mp3
    texto: 'ro'  ipa: 'ɾo'
    error: 400 Client Error: Bad Request for url: https://texttospeech.googleapis.com/v1/text:synthesize?key=AIzaSyAL1mg758L1cHG-yiGo-ztfDhRXJu2jmqM
  assets\audio\es\silabas\dinero-1.mp3
    texto: 'ne'  ipa: None
    error: 400 Client Error: Bad Request for url: https://texttospeech.googleapis.com/v1/text:synthesize?key=AIzaSyAL1mg758L1cHG-yiGo-ztfDhRXJu2jmqM
  assets\audio\es\silabas\elefante-0.mp3
    texto: 'e'  ipa: None
    error: 400 Client Error: Bad Request for url: https://texttospeech.googleapis.com/v1/text:synthesize?key=AIzaSyAL1mg758L1cHG-yiGo-ztfDhRXJu2jmqM
  assets\audio\es\silabas\elefante-1.mp3
    texto: 'le'  ipa: None
    error: 400 Client Error: Bad Request for url: https://texttospeech.googleapis.com/v1/text:synthesize?key=AIzaSyAL1mg758L1cHG-yiGo-ztfDhRXJu2jmqM
  assets\audio\es\silabas\elefante-2.mp3
    texto: 'fan'  ipa: None
    error: 400 Client Error: Bad Request for url: https://texttospeech.googleapis.com/v1/text:synthesize?key=AIzaSyAL1mg758L1cHG-yiGo-ztfDhRXJu2jmqM
  assets\audio\es\silabas\elefante-3.mp3
    texto: 'te'  ipa: None
    error: 400 Client Error: Bad Request for url: https://texttospeech.googleapis.com/v1/text:synthesize?key=AIzaSyAL1mg758L1cHG-yiGo-ztfDhRXJu2jmqM
  assets\audio\es\silabas\estrella-0.mp3
    texto: 'es'  ipa: None
    error: 400 Client Error: Bad Request for url: https://texttospeech.googleapis.com/v1/text:synthesize?key=AIzaSyAL1mg758L1cHG-yiGo-ztfDhRXJu2jmqM
  assets\audio\es\silabas\estrella-1.mp3
    texto: 'tre'  ipa: None
    error: 400 Client Error: Bad Request for url: https://texttospeech.googleapis.com/v1/text:synthesize?key=AIzaSyAL1mg758L1cHG-yiGo-ztfDhRXJu2jmqM
  assets\audio\es\silabas\estrella-2.mp3
    texto: 'llá'  ipa: None
    error: 400 Client Error: Bad Request for url: https://texttospeech.googleapis.com/v1/text:synthesize?key=AIzaSyAL1mg758L1cHG-yiGo-ztfDhRXJu2jmqM
  assets\audio\es\silabas\escalera-0.mp3
    texto: 'es'  ipa: None
    error: 400 Client Error: Bad Request for url: https://texttospeech.googleapis.com/v1/text:synthesize?key=AIzaSyAL1mg758L1cHG-yiGo-ztfDhRXJu2jmqM
  assets\audio\es\silabas\escalera-1.mp3
    texto: 'ca'  ipa: None
    error: 400 Client Error: Bad Request for url: https://texttospeech.googleapis.com/v1/text:synthesize?key=AIzaSyAL1mg758L1cHG-yiGo-ztfDhRXJu2jmqM
  assets\audio\es\silabas\escalera-2.mp3
    texto: 'le'  ipa: None
    error: 400 Client Error: Bad Request for url: https://texttospeech.googleapis.com/v1/text:synthesize?key=AIzaSyAL1mg758L1cHG-yiGo-ztfDhRXJu2jmqM
  assets\audio\es\silabas\escalera-3.mp3
    texto: 'ra'  ipa: 'ɾa'
    error: 400 Client Error: Bad Request for url: https://texttospeech.googleapis.com/v1/text:synthesize?key=AIzaSyAL1mg758L1cHG-yiGo-ztfDhRXJu2jmqM
  assets\audio\es\silabas\espejo-0.mp3
    texto: 'es'  ipa: None
    error: 400 Client Error: Bad Request for url: https://texttospeech.googleapis.com/v1/text:synthesize?key=AIzaSyAL1mg758L1cHG-yiGo-ztfDhRXJu2jmqM
  assets\audio\es\silabas\espejo-1.mp3
    texto: 'pe'  ipa: None
    error: 400 Client Error: Bad Request for url: https://texttospeech.googleapis.com/v1/text:synthesize?key=AIzaSyAL1mg758L1cHG-yiGo-ztfDhRXJu2jmqM
  assets\audio\es\silabas\escoba-1.mp3
    texto: 'co'  ipa: None
    error: 400 Client Error: Bad Request for url: https://texttospeech.googleapis.com/v1/text:synthesize?key=AIzaSyAL1mg758L1cHG-yiGo-ztfDhRXJu2jmqM
  assets\audio\es\silabas\espejo-2.mp3
    texto: 'xjo'  ipa: 'xo'
    error: 400 Client Error: Bad Request for url: https://texttospeech.googleapis.com/v1/text:synthesize?key=AIzaSyAL1mg758L1cHG-yiGo-ztfDhRXJu2jmqM
  assets\audio\es\silabas\escoba-0.mp3
    texto: 'es'  ipa: None
    error: 400 Client Error: Bad Request for url: https://texttospeech.googleapis.com/v1/text:synthesize?key=AIzaSyAL1mg758L1cHG-yiGo-ztfDhRXJu2jmqM
  assets\audio\es\silabas\escoba-2.mp3
    texto: 'bá'  ipa: None
    error: 400 Client Error: Bad Request for url: https://texttospeech.googleapis.com/v1/text:synthesize?key=AIzaSyAL1mg758L1cHG-yiGo-ztfDhRXJu2jmqM
  assets\audio\es\silabas\erizo-0.mp3
    texto: 'e'  ipa: None
    error: 400 Client Error: Bad Request for url: https://texttospeech.googleapis.com/v1/text:synthesize?key=AIzaSyAL1mg758L1cHG-yiGo-ztfDhRXJu2jmqM
  assets\audio\es\silabas\erizo-1.mp3
    texto: 'ri'  ipa: 'ɾi'
    error: 400 Client Error: Bad Request for url: https://texttospeech.googleapis.com/v1/text:synthesize?key=AIzaSyAL1mg758L1cHG-yiGo-ztfDhRXJu2jmqM
  assets\audio\es\silabas\erizo-2.mp3
    texto: 'zo'  ipa: None
    error: 400 Client Error: Bad Request for url: https://texttospeech.googleapis.com/v1/text:synthesize?key=AIzaSyAL1mg758L1cHG-yiGo-ztfDhRXJu2jmqM
  assets\audio\es\silabas\esponja-0.mp3
    texto: 'es'  ipa: None
    error: 400 Client Error: Bad Request for url: https://texttospeech.googleapis.com/v1/text:synthesize?key=AIzaSyAL1mg758L1cHG-yiGo-ztfDhRXJu2jmqM
  assets\audio\es\silabas\esponja-1.mp3
    texto: 'pon'  ipa: None
    error: 400 Client Error: Bad Request for url: https://texttospeech.googleapis.com/v1/text:synthesize?key=AIzaSyAL1mg758L1cHG-yiGo-ztfDhRXJu2jmqM
  assets\audio\es\silabas\esponja-2.mp3
    texto: 'ja'  ipa: None
    error: 400 Client Error: Bad Request for url: https://texttospeech.googleapis.com/v1/text:synthesize?key=AIzaSyAL1mg758L1cHG-yiGo-ztfDhRXJu2jmqM
  assets\audio\es\silabas\elote-0.mp3
    texto: 'e'  ipa: None
    error: 400 Client Error: Bad Request for url: https://texttospeech.googleapis.com/v1/text:synthesize?key=AIzaSyAL1mg758L1cHG-yiGo-ztfDhRXJu2jmqM
  assets\audio\es\silabas\elote-1.mp3
    texto: 'lo'  ipa: None
    error: 400 Client Error: Bad Request for url: https://texttospeech.googleapis.com/v1/text:synthesize?key=AIzaSyAL1mg758L1cHG-yiGo-ztfDhRXJu2jmqM
  assets\audio\es\silabas\elote-2.mp3
    texto: 'te'  ipa: None
    error: 400 Client Error: Bad Request for url: https://texttospeech.googleapis.com/v1/text:synthesize?key=AIzaSyAL1mg758L1cHG-yiGo-ztfDhRXJu2jmqM
  assets\audio\es\silabas\escuela-0.mp3
    texto: 'es'  ipa: None
    error: 400 Client Error: Bad Request for url: https://texttospeech.googleapis.com/v1/text:synthesize?key=AIzaSyAL1mg758L1cHG-yiGo-ztfDhRXJu2jmqM
  assets\audio\es\silabas\escuela-1.mp3
    texto: 'xcue'  ipa: 'kwe'
    error: 400 Client Error: Bad Request for url: https://texttospeech.googleapis.com/v1/text:synthesize?key=AIzaSyAL1mg758L1cHG-yiGo-ztfDhRXJu2jmqM
  assets\audio\es\silabas\escuela-2.mp3
    texto: 'la'  ipa: None
    error: 400 Client Error: Bad Request for url: https://texttospeech.googleapis.com/v1/text:synthesize?key=AIzaSyAL1mg758L1cHG-yiGo-ztfDhRXJu2jmqM
  assets\audio\es\silabas\espada-1.mp3
    texto: 'pa'  ipa: None
    error: 400 Client Error: Bad Request for url: https://texttospeech.googleapis.com/v1/text:synthesize?key=AIzaSyAL1mg758L1cHG-yiGo-ztfDhRXJu2jmqM
  assets\audio\es\silabas\espada-0.mp3
    texto: 'es'  ipa: None
    error: 400 Client Error: Bad Request for url: https://texttospeech.googleapis.com/v1/text:synthesize?key=AIzaSyAL1mg758L1cHG-yiGo-ztfDhRXJu2jmqM
  assets\audio\es\silabas\espada-2.mp3
    texto: 'da'  ipa: None
    error: 400 Client Error: Bad Request for url: https://texttospeech.googleapis.com/v1/text:synthesize?key=AIzaSyAL1mg758L1cHG-yiGo-ztfDhRXJu2jmqM
  assets\audio\es\silabas\flor-0.mp3
    texto: 'flor'  ipa: None
    error: 400 Client Error: Bad Request for url: https://texttospeech.googleapis.com/v1/text:synthesize?key=AIzaSyAL1mg758L1cHG-yiGo-ztfDhRXJu2jmqM
  assets\audio\es\silabas\fresa-0.mp3
    texto: 'fre'  ipa: None
    error: 400 Client Error: Bad Request for url: https://texttospeech.googleapis.com/v1/text:synthesize?key=AIzaSyAL1mg758L1cHG-yiGo-ztfDhRXJu2jmqM
  assets\audio\es\silabas\fuego-0.mp3
    texto: 'fue'  ipa: None
    error: 400 Client Error: Bad Request for url: https://texttospeech.googleapis.com/v1/text:synthesize?key=AIzaSyAL1mg758L1cHG-yiGo-ztfDhRXJu2jmqM
  assets\audio\es\silabas\fresa-1.mp3
    texto: 'sa'  ipa: None
    error: 400 Client Error: Bad Request for url: https://texttospeech.googleapis.com/v1/text:synthesize?key=AIzaSyAL1mg758L1cHG-yiGo-ztfDhRXJu2jmqM
  assets\audio\es\silabas\foca-0.mp3
    texto: 'fo'  ipa: None
    error: 400 Client Error: Bad Request for url: https://texttospeech.googleapis.com/v1/text:synthesize?key=AIzaSyAL1mg758L1cHG-yiGo-ztfDhRXJu2jmqM
  assets\audio\es\silabas\foca-1.mp3
    texto: 'ca'  ipa: None
    error: 400 Client Error: Bad Request for url: https://texttospeech.googleapis.com/v1/text:synthesize?key=AIzaSyAL1mg758L1cHG-yiGo-ztfDhRXJu2jmqM
  assets\audio\es\silabas\flauta-0.mp3
    texto: 'flau'  ipa: None
    error: 400 Client Error: Bad Request for url: https://texttospeech.googleapis.com/v1/text:synthesize?key=AIzaSyAL1mg758L1cHG-yiGo-ztfDhRXJu2jmqM
  assets\audio\es\silabas\faro-0.mp3
    texto: 'fa'  ipa: None
    error: 400 Client Error: Bad Request for url: https://texttospeech.googleapis.com/v1/text:synthesize?key=AIzaSyAL1mg758L1cHG-yiGo-ztfDhRXJu2jmqM
  assets\audio\es\silabas\faro-1.mp3
    texto: 'ro'  ipa: 'ɾo'
    error: 400 Client Error: Bad Request for url: https://texttospeech.googleapis.com/v1/text:synthesize?key=AIzaSyAL1mg758L1cHG-yiGo-ztfDhRXJu2jmqM
  assets\audio\es\silabas\flauta-1.mp3
    texto: 'ta'  ipa: None
    error: 400 Client Error: Bad Request for url: https://texttospeech.googleapis.com/v1/text:synthesize?key=AIzaSyAL1mg758L1cHG-yiGo-ztfDhRXJu2jmqM
  assets\audio\es\silabas\fruta-0.mp3
    texto: 'fru'  ipa: None
    error: 400 Client Error: Bad Request for url: https://texttospeech.googleapis.com/v1/text:synthesize?key=AIzaSyAL1mg758L1cHG-yiGo-ztfDhRXJu2jmqM
  assets\audio\es\silabas\fruta-1.mp3
    texto: 'ta'  ipa: None
    error: 400 Client Error: Bad Request for url: https://texttospeech.googleapis.com/v1/text:synthesize?key=AIzaSyAL1mg758L1cHG-yiGo-ztfDhRXJu2jmqM
  assets\audio\es\silabas\fuente-0.mp3
    texto: 'fuen'  ipa: None
    error: 400 Client Error: Bad Request for url: https://texttospeech.googleapis.com/v1/text:synthesize?key=AIzaSyAL1mg758L1cHG-yiGo-ztfDhRXJu2jmqM
  assets\audio\es\silabas\gato-0.mp3
    texto: 'ga'  ipa: None
    error: 400 Client Error: Bad Request for url: https://texttospeech.googleapis.com/v1/text:synthesize?key=AIzaSyAL1mg758L1cHG-yiGo-ztfDhRXJu2jmqM
  assets\audio\es\silabas\fuente-1.mp3
    texto: 'te'  ipa: None
    error: 400 Client Error: Bad Request for url: https://texttospeech.googleapis.com/v1/text:synthesize?key=AIzaSyAL1mg758L1cHG-yiGo-ztfDhRXJu2jmqM
  assets\audio\es\silabas\gato-1.mp3
    texto: 'xto'  ipa: 'to'
    error: 400 Client Error: Bad Request for url: https://texttospeech.googleapis.com/v1/text:synthesize?key=AIzaSyAL1mg758L1cHG-yiGo-ztfDhRXJu2jmqM
  assets\audio\es\silabas\globo-aerostatico-0.mp3
    texto: 'glo'  ipa: None
    error: 400 Client Error: Bad Request for url: https://texttospeech.googleapis.com/v1/text:synthesize?key=AIzaSyAL1mg758L1cHG-yiGo-ztfDhRXJu2jmqM
  assets\audio\es\silabas\globo-aerostatico-1.mp3
    texto: 'bo'  ipa: None
    error: 400 Client Error: Bad Request for url: https://texttospeech.googleapis.com/v1/text:synthesize?key=AIzaSyAL1mg758L1cHG-yiGo-ztfDhRXJu2jmqM
  assets\audio\es\silabas\globo-aerostatico-3.mp3
    texto: 'e'  ipa: None
    error: 400 Client Error: Bad Request for url: https://texttospeech.googleapis.com/v1/text:synthesize?key=AIzaSyAL1mg758L1cHG-yiGo-ztfDhRXJu2jmqM
  assets\audio\es\silabas\globo-aerostatico-2.mp3
    texto: 'a'  ipa: None
    error: 400 Client Error: Bad Request for url: https://texttospeech.googleapis.com/v1/text:synthesize?key=AIzaSyAL1mg758L1cHG-yiGo-ztfDhRXJu2jmqM
  assets\audio\es\silabas\globo-aerostatico-4.mp3
    texto: 'ros'  ipa: 'ɾos'
    error: 400 Client Error: Bad Request for url: https://texttospeech.googleapis.com/v1/text:synthesize?key=AIzaSyAL1mg758L1cHG-yiGo-ztfDhRXJu2jmqM
  assets\audio\es\silabas\globo-aerostatico-5.mp3
    texto: 'tá'  ipa: None
    error: 400 Client Error: Bad Request for url: https://texttospeech.googleapis.com/v1/text:synthesize?key=AIzaSyAL1mg758L1cHG-yiGo-ztfDhRXJu2jmqM
  assets\audio\es\silabas\globo-aerostatico-6.mp3
    texto: 'ti'  ipa: None
    error: 400 Client Error: Bad Request for url: https://texttospeech.googleapis.com/v1/text:synthesize?key=AIzaSyAL1mg758L1cHG-yiGo-ztfDhRXJu2jmqM
  assets\audio\es\silabas\globo-aerostatico-7.mp3
    texto: 'co'  ipa: None
    error: 400 Client Error: Bad Request for url: https://texttospeech.googleapis.com/v1/text:synthesize?key=AIzaSyAL1mg758L1cHG-yiGo-ztfDhRXJu2jmqM
  assets\audio\es\silabas\guitarra-0.mp3
    texto: 'gui'  ipa: None
    error: 400 Client Error: Bad Request for url: https://texttospeech.googleapis.com/v1/text:synthesize?key=AIzaSyAL1mg758L1cHG-yiGo-ztfDhRXJu2jmqM
  assets\audio\es\silabas\guitarra-1.mp3
    texto: 'ta'  ipa: None
    error: 400 Client Error: Bad Request for url: https://texttospeech.googleapis.com/v1/text:synthesize?key=AIzaSyAL1mg758L1cHG-yiGo-ztfDhRXJu2jmqM
  assets\audio\es\silabas\guitarra-2.mp3
    texto: 'rrá'  ipa: None
    error: 400 Client Error: Bad Request for url: https://texttospeech.googleapis.com/v1/text:synthesize?key=AIzaSyAL1mg758L1cHG-yiGo-ztfDhRXJu2jmqM
  assets\audio\es\silabas\gallina-0.mp3
    texto: 'ga'  ipa: None
    error: 400 Client Error: Bad Request for url: https://texttospeech.googleapis.com/v1/text:synthesize?key=AIzaSyAL1mg758L1cHG-yiGo-ztfDhRXJu2jmqM
  assets\audio\es\silabas\gallina-1.mp3
    texto: 'llí'  ipa: None
    error: 400 Client Error: Bad Request for url: https://texttospeech.googleapis.com/v1/text:synthesize?key=AIzaSyAL1mg758L1cHG-yiGo-ztfDhRXJu2jmqM
  assets\audio\es\silabas\gallina-2.mp3
    texto: 'na'  ipa: None
    error: 400 Client Error: Bad Request for url: https://texttospeech.googleapis.com/v1/text:synthesize?key=AIzaSyAL1mg758L1cHG-yiGo-ztfDhRXJu2jmqM
  assets\audio\es\silabas\gorila-1.mp3
    texto: 'ri'  ipa: 'ɾi'
    error: 400 Client Error: Bad Request for url: https://texttospeech.googleapis.com/v1/text:synthesize?key=AIzaSyAL1mg758L1cHG-yiGo-ztfDhRXJu2jmqM
  assets\audio\es\silabas\gorila-2.mp3
    texto: 'la'  ipa: None
    error: 400 Client Error: Bad Request for url: https://texttospeech.googleapis.com/v1/text:synthesize?key=AIzaSyAL1mg758L1cHG-yiGo-ztfDhRXJu2jmqM
  assets\audio\es\silabas\girasol-0.mp3
    texto: 'gi'  ipa: None
    error: 400 Client Error: Bad Request for url: https://texttospeech.googleapis.com/v1/text:synthesize?key=AIzaSyAL1mg758L1cHG-yiGo-ztfDhRXJu2jmqM
  assets\audio\es\silabas\girasol-1.mp3
    texto: 'ra'  ipa: 'ɾa'
    error: 400 Client Error: Bad Request for url: https://texttospeech.googleapis.com/v1/text:synthesize?key=AIzaSyAL1mg758L1cHG-yiGo-ztfDhRXJu2jmqM
  assets\audio\es\silabas\girasol-2.mp3
    texto: 'sol'  ipa: None
    error: 400 Client Error: Bad Request for url: https://texttospeech.googleapis.com/v1/text:synthesize?key=AIzaSyAL1mg758L1cHG-yiGo-ztfDhRXJu2jmqM
  assets\audio\es\silabas\gusano-0.mp3
    texto: 'gu'  ipa: None
    error: 400 Client Error: Bad Request for url: https://texttospeech.googleapis.com/v1/text:synthesize?key=AIzaSyAL1mg758L1cHG-yiGo-ztfDhRXJu2jmqM
  assets\audio\es\silabas\gusano-1.mp3
    texto: 'sa'  ipa: None
    error: 400 Client Error: Bad Request for url: https://texttospeech.googleapis.com/v1/text:synthesize?key=AIzaSyAL1mg758L1cHG-yiGo-ztfDhRXJu2jmqM
  assets\audio\es\silabas\gusano-2.mp3
    texto: 'no'  ipa: None
    error: 400 Client Error: Bad Request for url: https://texttospeech.googleapis.com/v1/text:synthesize?key=AIzaSyAL1mg758L1cHG-yiGo-ztfDhRXJu2jmqM
  assets\audio\es\silabas\gorra-1.mp3
    texto: 'rrá'  ipa: None
    error: 400 Client Error: Bad Request for url: https://texttospeech.googleapis.com/v1/text:synthesize?key=AIzaSyAL1mg758L1cHG-yiGo-ztfDhRXJu2jmqM
  assets\audio\es\silabas\granja-0.mp3
    texto: 'gran'  ipa: None
    error: 400 Client Error: Bad Request for url: https://texttospeech.googleapis.com/v1/text:synthesize?key=AIzaSyAL1mg758L1cHG-yiGo-ztfDhRXJu2jmqM
  assets\audio\es\silabas\granja-1.mp3
    texto: 'ja'  ipa: None
    error: 400 Client Error: Bad Request for url: https://texttospeech.googleapis.com/v1/text:synthesize?key=AIzaSyAL1mg758L1cHG-yiGo-ztfDhRXJu2jmqM
  assets\audio\es\silabas\grifo-0.mp3
    texto: 'gri'  ipa: None
    error: 400 Client Error: Bad Request for url: https://texttospeech.googleapis.com/v1/text:synthesize?key=AIzaSyAL1mg758L1cHG-yiGo-ztfDhRXJu2jmqM
  assets\audio\es\silabas\grifo-1.mp3
    texto: 'fo'  ipa: None
    error: 400 Client Error: Bad Request for url: https://texttospeech.googleapis.com/v1/text:synthesize?key=AIzaSyAL1mg758L1cHG-yiGo-ztfDhRXJu2jmqM
  assets\audio\es\silabas\helado-0.mp3
    texto: 'he'  ipa: None
    error: 400 Client Error: Bad Request for url: https://texttospeech.googleapis.com/v1/text:synthesize?key=AIzaSyAL1mg758L1cHG-yiGo-ztfDhRXJu2jmqM
  assets\audio\es\silabas\helado-1.mp3
    texto: 'la'  ipa: None
    error: 400 Client Error: Bad Request for url: https://texttospeech.googleapis.com/v1/text:synthesize?key=AIzaSyAL1mg758L1cHG-yiGo-ztfDhRXJu2jmqM
  assets\audio\es\silabas\hormiga-0.mp3
    texto: 'hor'  ipa: None
    error: 400 Client Error: Bad Request for url: https://texttospeech.googleapis.com/v1/text:synthesize?key=AIzaSyAL1mg758L1cHG-yiGo-ztfDhRXJu2jmqM
  assets\audio\es\silabas\helado-2.mp3
    texto: 'do'  ipa: None
    error: 400 Client Error: Bad Request for url: https://texttospeech.googleapis.com/v1/text:synthesize?key=AIzaSyAL1mg758L1cHG-yiGo-ztfDhRXJu2jmqM
  assets\audio\es\silabas\hormiga-1.mp3
    texto: 'mi'  ipa: None
    error: 400 Client Error: Bad Request for url: https://texttospeech.googleapis.com/v1/text:synthesize?key=AIzaSyAL1mg758L1cHG-yiGo-ztfDhRXJu2jmqM
  assets\audio\es\silabas\hormiga-2.mp3
    texto: 'ga'  ipa: None
    error: 400 Client Error: Bad Request for url: https://texttospeech.googleapis.com/v1/text:synthesize?key=AIzaSyAL1mg758L1cHG-yiGo-ztfDhRXJu2jmqM
  assets\audio\es\silabas\huevo-0.mp3
    texto: 'hue'  ipa: 'we'
    error: 400 Client Error: Bad Request for url: https://texttospeech.googleapis.com/v1/text:synthesize?key=AIzaSyAL1mg758L1cHG-yiGo-ztfDhRXJu2jmqM
  assets\audio\es\silabas\huevo-1.mp3
    texto: 'vo'  ipa: None
    error: 400 Client Error: Bad Request for url: https://texttospeech.googleapis.com/v1/text:synthesize?key=AIzaSyAL1mg758L1cHG-yiGo-ztfDhRXJu2jmqM
  assets\audio\es\silabas\hoja-0.mp3
    texto: 'o'  ipa: None
    error: 400 Client Error: Bad Request for url: https://texttospeech.googleapis.com/v1/text:synthesize?key=AIzaSyAL1mg758L1cHG-yiGo-ztfDhRXJu2jmqM
  assets\audio\es\silabas\hoja-1.mp3
    texto: 'ja'  ipa: None
    error: 400 Client Error: Bad Request for url: https://texttospeech.googleapis.com/v1/text:synthesize?key=AIzaSyAL1mg758L1cHG-yiGo-ztfDhRXJu2jmqM
  assets\audio\es\silabas\hada-0.mp3
    texto: 'ha'  ipa: None
    error: 400 Client Error: Bad Request for url: https://texttospeech.googleapis.com/v1/text:synthesize?key=AIzaSyAL1mg758L1cHG-yiGo-ztfDhRXJu2jmqM
  assets\audio\es\silabas\hada-1.mp3
    texto: 'da'  ipa: None
    error: 400 Client Error: Bad Request for url: https://texttospeech.googleapis.com/v1/text:synthesize?key=AIzaSyAL1mg758L1cHG-yiGo-ztfDhRXJu2jmqM
  assets\audio\es\silabas\hamaca-0.mp3
    texto: 'ha'  ipa: None
    error: 400 Client Error: Bad Request for url: https://texttospeech.googleapis.com/v1/text:synthesize?key=AIzaSyAL1mg758L1cHG-yiGo-ztfDhRXJu2jmqM
  assets\audio\es\silabas\hamaca-1.mp3
    texto: 'ma'  ipa: None
    error: 400 Client Error: Bad Request for url: https://texttospeech.googleapis.com/v1/text:synthesize?key=AIzaSyAL1mg758L1cHG-yiGo-ztfDhRXJu2jmqM
  assets\audio\es\silabas\hamaca-2.mp3
    texto: 'ca'  ipa: None
    error: 400 Client Error: Bad Request for url: https://texttospeech.googleapis.com/v1/text:synthesize?key=AIzaSyAL1mg758L1cHG-yiGo-ztfDhRXJu2jmqM
  assets\audio\es\silabas\helicoptero-0.mp3
    texto: 'he'  ipa: None
    error: 400 Client Error: Bad Request for url: https://texttospeech.googleapis.com/v1/text:synthesize?key=AIzaSyAL1mg758L1cHG-yiGo-ztfDhRXJu2jmqM
  assets\audio\es\silabas\helicoptero-3.mp3
    texto: 'te'  ipa: None
    error: 400 Client Error: Bad Request for url: https://texttospeech.googleapis.com/v1/text:synthesize?key=AIzaSyAL1mg758L1cHG-yiGo-ztfDhRXJu2jmqM
  assets\audio\es\silabas\helicoptero-1.mp3
    texto: 'li'  ipa: None
    error: 400 Client Error: Bad Request for url: https://texttospeech.googleapis.com/v1/text:synthesize?key=AIzaSyAL1mg758L1cHG-yiGo-ztfDhRXJu2jmqM
  assets\audio\es\silabas\helicoptero-2.mp3
    texto: 'cóp'  ipa: None
    error: 400 Client Error: Bad Request for url: https://texttospeech.googleapis.com/v1/text:synthesize?key=AIzaSyAL1mg758L1cHG-yiGo-ztfDhRXJu2jmqM
  assets\audio\es\silabas\helicoptero-4.mp3
    texto: 'ro'  ipa: 'ɾo'
    error: 400 Client Error: Bad Request for url: https://texttospeech.googleapis.com/v1/text:synthesize?key=AIzaSyAL1mg758L1cHG-yiGo-ztfDhRXJu2jmqM
  assets\audio\es\silabas\hongo-0.mp3
    texto: 'hon'  ipa: None
    error: 400 Client Error: Bad Request for url: https://texttospeech.googleapis.com/v1/text:synthesize?key=AIzaSyAL1mg758L1cHG-yiGo-ztfDhRXJu2jmqM
  assets\audio\es\silabas\hacha-1.mp3
    texto: 'cha'  ipa: None
    error: 400 Client Error: Bad Request for url: https://texttospeech.googleapis.com/v1/text:synthesize?key=AIzaSyAL1mg758L1cHG-yiGo-ztfDhRXJu2jmqM
  assets\audio\es\silabas\hueso-0.mp3
    texto: 'hue'  ipa: 'we'
    error: 400 Client Error: Bad Request for url: https://texttospeech.googleapis.com/v1/text:synthesize?key=AIzaSyAL1mg758L1cHG-yiGo-ztfDhRXJu2jmqM
  assets\audio\es\silabas\hacha-0.mp3
    texto: 'ha'  ipa: None
    error: 400 Client Error: Bad Request for url: https://texttospeech.googleapis.com/v1/text:synthesize?key=AIzaSyAL1mg758L1cHG-yiGo-ztfDhRXJu2jmqM
  assets\audio\es\silabas\hueso-1.mp3
    texto: 'xso'  ipa: 'so'
    error: 400 Client Error: Bad Request for url: https://texttospeech.googleapis.com/v1/text:synthesize?key=AIzaSyAL1mg758L1cHG-yiGo-ztfDhRXJu2jmqM
  assets\audio\es\silabas\iglu-0.mp3
    texto: 'i'  ipa: None
    error: 400 Client Error: Bad Request for url: https://texttospeech.googleapis.com/v1/text:synthesize?key=AIzaSyAL1mg758L1cHG-yiGo-ztfDhRXJu2jmqM
  assets\audio\es\silabas\iman-1.mp3
    texto: 'mán'  ipa: None
    error: 400 Client Error: Bad Request for url: https://texttospeech.googleapis.com/v1/text:synthesize?key=AIzaSyAL1mg758L1cHG-yiGo-ztfDhRXJu2jmqM
  assets\audio\es\silabas\iglu-1.mp3
    texto: 'glú'  ipa: None
    error: 400 Client Error: Bad Request for url: https://texttospeech.googleapis.com/v1/text:synthesize?key=AIzaSyAL1mg758L1cHG-yiGo-ztfDhRXJu2jmqM
  assets\audio\es\silabas\iman-0.mp3
    texto: 'i'  ipa: None
    error: 400 Client Error: Bad Request for url: https://texttospeech.googleapis.com/v1/text:synthesize?key=AIzaSyAL1mg758L1cHG-yiGo-ztfDhRXJu2jmqM
  assets\audio\es\silabas\isla-0.mp3
    texto: 'is'  ipa: None
    error: 400 Client Error: Bad Request for url: https://texttospeech.googleapis.com/v1/text:synthesize?key=AIzaSyAL1mg758L1cHG-yiGo-ztfDhRXJu2jmqM
  assets\audio\es\silabas\isla-1.mp3
    texto: 'la'  ipa: None
    error: 400 Client Error: Bad Request for url: https://texttospeech.googleapis.com/v1/text:synthesize?key=AIzaSyAL1mg758L1cHG-yiGo-ztfDhRXJu2jmqM
  assets\audio\es\silabas\iglesia-0.mp3
    texto: 'i'  ipa: None
    error: 400 Client Error: Bad Request for url: https://texttospeech.googleapis.com/v1/text:synthesize?key=AIzaSyAL1mg758L1cHG-yiGo-ztfDhRXJu2jmqM
  assets\audio\es\silabas\iglesia-2.mp3
    texto: 'sia'  ipa: None
    error: 400 Client Error: Bad Request for url: https://texttospeech.googleapis.com/v1/text:synthesize?key=AIzaSyAL1mg758L1cHG-yiGo-ztfDhRXJu2jmqM
  assets\audio\es\silabas\iglesia-1.mp3
    texto: 'gle'  ipa: None
    error: 400 Client Error: Bad Request for url: https://texttospeech.googleapis.com/v1/text:synthesize?key=AIzaSyAL1mg758L1cHG-yiGo-ztfDhRXJu2jmqM
  assets\audio\es\silabas\insecto-0.mp3
    texto: 'in'  ipa: None
    error: 400 Client Error: Bad Request for url: https://texttospeech.googleapis.com/v1/text:synthesize?key=AIzaSyAL1mg758L1cHG-yiGo-ztfDhRXJu2jmqM
  assets\audio\es\silabas\insecto-1.mp3
    texto: 'sec'  ipa: None
    error: 400 Client Error: Bad Request for url: https://texttospeech.googleapis.com/v1/text:synthesize?key=AIzaSyAL1mg758L1cHG-yiGo-ztfDhRXJu2jmqM
  assets\audio\es\silabas\insecto-2.mp3
    texto: 'xto'  ipa: 'to'
    error: 400 Client Error: Bad Request for url: https://texttospeech.googleapis.com/v1/text:synthesize?key=AIzaSyAL1mg758L1cHG-yiGo-ztfDhRXJu2jmqM
  assets\audio\es\silabas\instrumento-1.mp3
    texto: 'tru'  ipa: None
    error: 400 Client Error: Bad Request for url: https://texttospeech.googleapis.com/v1/text:synthesize?key=AIzaSyAL1mg758L1cHG-yiGo-ztfDhRXJu2jmqM
  assets\audio\es\silabas\instrumento-2.mp3
    texto: 'men'  ipa: None
    error: 400 Client Error: Bad Request for url: https://texttospeech.googleapis.com/v1/text:synthesize?key=AIzaSyAL1mg758L1cHG-yiGo-ztfDhRXJu2jmqM
  assets\audio\es\silabas\instrumento-0.mp3
    texto: 'ins'  ipa: None
    error: 400 Client Error: Bad Request for url: https://texttospeech.googleapis.com/v1/text:synthesize?key=AIzaSyAL1mg758L1cHG-yiGo-ztfDhRXJu2jmqM
  assets\audio\es\silabas\instrumento-3.mp3
    texto: 'xto'  ipa: 'to'
    error: 400 Client Error: Bad Request for url: https://texttospeech.googleapis.com/v1/text:synthesize?key=AIzaSyAL1mg758L1cHG-yiGo-ztfDhRXJu2jmqM
  assets\audio\es\silabas\invierno-0.mp3
    texto: 'in'  ipa: None
    error: 400 Client Error: Bad Request for url: https://texttospeech.googleapis.com/v1/text:synthesize?key=AIzaSyAL1mg758L1cHG-yiGo-ztfDhRXJu2jmqM
  assets\audio\es\silabas\invierno-1.mp3
    texto: 'vier'  ipa: None
    error: 400 Client Error: Bad Request for url: https://texttospeech.googleapis.com/v1/text:synthesize?key=AIzaSyAL1mg758L1cHG-yiGo-ztfDhRXJu2jmqM
  assets\audio\es\silabas\invierno-2.mp3
    texto: 'no'  ipa: None
    error: 400 Client Error: Bad Request for url: https://texttospeech.googleapis.com/v1/text:synthesize?key=AIzaSyAL1mg758L1cHG-yiGo-ztfDhRXJu2jmqM
  assets\audio\es\silabas\jirafa-0.mp3
    texto: 'ji'  ipa: None
    error: 400 Client Error: Bad Request for url: https://texttospeech.googleapis.com/v1/text:synthesize?key=AIzaSyAL1mg758L1cHG-yiGo-ztfDhRXJu2jmqM
  assets\audio\es\silabas\jirafa-1.mp3
    texto: 'ra'  ipa: 'ɾa'
    error: 400 Client Error: Bad Request for url: https://texttospeech.googleapis.com/v1/text:synthesize?key=AIzaSyAL1mg758L1cHG-yiGo-ztfDhRXJu2jmqM
  assets\audio\es\silabas\jirafa-2.mp3
    texto: 'fa'  ipa: None
    error: 400 Client Error: Bad Request for url: https://texttospeech.googleapis.com/v1/text:synthesize?key=AIzaSyAL1mg758L1cHG-yiGo-ztfDhRXJu2jmqM
  assets\audio\es\silabas\juguete-0.mp3
    texto: 'xju'  ipa: 'xu'
    error: 400 Client Error: Bad Request for url: https://texttospeech.googleapis.com/v1/text:synthesize?key=AIzaSyAL1mg758L1cHG-yiGo-ztfDhRXJu2jmqM
  assets\audio\es\silabas\juguete-1.mp3
    texto: 'gue'  ipa: None
    error: 400 Client Error: Bad Request for url: https://texttospeech.googleapis.com/v1/text:synthesize?key=AIzaSyAL1mg758L1cHG-yiGo-ztfDhRXJu2jmqM
  assets\audio\es\silabas\juguete-2.mp3
    texto: 'te'  ipa: None
    error: 400 Client Error: Bad Request for url: https://texttospeech.googleapis.com/v1/text:synthesize?key=AIzaSyAL1mg758L1cHG-yiGo-ztfDhRXJu2jmqM
  assets\audio\es\silabas\jardin-0.mp3
    texto: 'xjar'  ipa: 'xar'
    error: 400 Client Error: Bad Request for url: https://texttospeech.googleapis.com/v1/text:synthesize?key=AIzaSyAL1mg758L1cHG-yiGo-ztfDhRXJu2jmqM
  assets\audio\es\silabas\jardin-1.mp3
    texto: 'dín'  ipa: None
    error: 400 Client Error: Bad Request for url: https://texttospeech.googleapis.com/v1/text:synthesize?key=AIzaSyAL1mg758L1cHG-yiGo-ztfDhRXJu2jmqM
  assets\audio\es\silabas\jaula-0.mp3
    texto: 'jau'  ipa: None
    error: 400 Client Error: Bad Request for url: https://texttospeech.googleapis.com/v1/text:synthesize?key=AIzaSyAL1mg758L1cHG-yiGo-ztfDhRXJu2jmqM
  assets\audio\es\silabas\jaula-1.mp3
    texto: 'la'  ipa: None
    error: 400 Client Error: Bad Request for url: https://texttospeech.googleapis.com/v1/text:synthesize?key=AIzaSyAL1mg758L1cHG-yiGo-ztfDhRXJu2jmqM
  assets\audio\es\silabas\jamon-0.mp3
    texto: 'ja'  ipa: None
    error: 400 Client Error: Bad Request for url: https://texttospeech.googleapis.com/v1/text:synthesize?key=AIzaSyAL1mg758L1cHG-yiGo-ztfDhRXJu2jmqM
  assets\audio\es\silabas\jamon-1.mp3
    texto: 'món'  ipa: None
    error: 400 Client Error: Bad Request for url: https://texttospeech.googleapis.com/v1/text:synthesize?key=AIzaSyAL1mg758L1cHG-yiGo-ztfDhRXJu2jmqM
  assets\audio\es\silabas\jugo-0.mp3
    texto: 'xju'  ipa: 'xu'
    error: 400 Client Error: Bad Request for url: https://texttospeech.googleapis.com/v1/text:synthesize?key=AIzaSyAL1mg758L1cHG-yiGo-ztfDhRXJu2jmqM
  assets\audio\es\silabas\jabon-0.mp3
    texto: 'ja'  ipa: None
    error: 400 Client Error: Bad Request for url: https://texttospeech.googleapis.com/v1/text:synthesize?key=AIzaSyAL1mg758L1cHG-yiGo-ztfDhRXJu2jmqM
  assets\audio\es\silabas\jarra-0.mp3
    texto: 'ja'  ipa: None
    error: 400 Client Error: Bad Request for url: https://texttospeech.googleapis.com/v1/text:synthesize?key=AIzaSyAL1mg758L1cHG-yiGo-ztfDhRXJu2jmqM
  assets\audio\es\silabas\jabon-1.mp3
    texto: 'bón'  ipa: None
    error: 400 Client Error: Bad Request for url: https://texttospeech.googleapis.com/v1/text:synthesize?key=AIzaSyAL1mg758L1cHG-yiGo-ztfDhRXJu2jmqM
  assets\audio\es\silabas\jarra-1.mp3
    texto: 'rrá'  ipa: None
    error: 400 Client Error: Bad Request for url: https://texttospeech.googleapis.com/v1/text:synthesize?key=AIzaSyAL1mg758L1cHG-yiGo-ztfDhRXJu2jmqM
  assets\audio\es\silabas\jinete-0.mp3
    texto: 'ji'  ipa: None
    error: 400 Client Error: Bad Request for url: https://texttospeech.googleapis.com/v1/text:synthesize?key=AIzaSyAL1mg758L1cHG-yiGo-ztfDhRXJu2jmqM
  assets\audio\es\silabas\jinete-1.mp3
    texto: 'ne'  ipa: None
    error: 400 Client Error: Bad Request for url: https://texttospeech.googleapis.com/v1/text:synthesize?key=AIzaSyAL1mg758L1cHG-yiGo-ztfDhRXJu2jmqM
  assets\audio\es\silabas\jinete-2.mp3
    texto: 'te'  ipa: None
    error: 400 Client Error: Bad Request for url: https://texttospeech.googleapis.com/v1/text:synthesize?key=AIzaSyAL1mg758L1cHG-yiGo-ztfDhRXJu2jmqM
  assets\audio\es\silabas\koala-0.mp3
    texto: 'ko'  ipa: None
    error: 400 Client Error: Bad Request for url: https://texttospeech.googleapis.com/v1/text:synthesize?key=AIzaSyAL1mg758L1cHG-yiGo-ztfDhRXJu2jmqM
  assets\audio\es\silabas\koala-1.mp3
    texto: 'a'  ipa: None
    error: 400 Client Error: Bad Request for url: https://texttospeech.googleapis.com/v1/text:synthesize?key=AIzaSyAL1mg758L1cHG-yiGo-ztfDhRXJu2jmqM
  assets\audio\es\silabas\koala-2.mp3
    texto: 'la'  ipa: None
    error: 400 Client Error: Bad Request for url: https://texttospeech.googleapis.com/v1/text:synthesize?key=AIzaSyAL1mg758L1cHG-yiGo-ztfDhRXJu2jmqM
  assets\audio\es\silabas\kiwi-0.mp3
    texto: 'ki'  ipa: None
    error: 400 Client Error: Bad Request for url: https://texttospeech.googleapis.com/v1/text:synthesize?key=AIzaSyAL1mg758L1cHG-yiGo-ztfDhRXJu2jmqM
  assets\audio\es\silabas\kiwi-1.mp3
    texto: 'wi'  ipa: None
    error: 400 Client Error: Bad Request for url: https://texttospeech.googleapis.com/v1/text:synthesize?key=AIzaSyAL1mg758L1cHG-yiGo-ztfDhRXJu2jmqM
  assets\audio\es\silabas\kayak-0.mp3
    texto: 'ka'  ipa: None
    error: 400 Client Error: Bad Request for url: https://texttospeech.googleapis.com/v1/text:synthesize?key=AIzaSyAL1mg758L1cHG-yiGo-ztfDhRXJu2jmqM
  assets\audio\es\silabas\kayak-1.mp3
    texto: 'xyak'  ipa: 'jak'
    error: 400 Client Error: Bad Request for url: https://texttospeech.googleapis.com/v1/text:synthesize?key=AIzaSyAL1mg758L1cHG-yiGo-ztfDhRXJu2jmqM
  assets\audio\es\silabas\libro-0.mp3
    texto: 'li'  ipa: None
    error: 400 Client Error: Bad Request for url: https://texttospeech.googleapis.com/v1/text:synthesize?key=AIzaSyAL1mg758L1cHG-yiGo-ztfDhRXJu2jmqM
  assets\audio\es\silabas\libro-1.mp3
    texto: 'bro'  ipa: None
    error: 400 Client Error: Bad Request for url: https://texttospeech.googleapis.com/v1/text:synthesize?key=AIzaSyAL1mg758L1cHG-yiGo-ztfDhRXJu2jmqM
  assets\audio\es\silabas\luna-0.mp3
    texto: 'lu'  ipa: None
    error: 400 Client Error: Bad Request for url: https://texttospeech.googleapis.com/v1/text:synthesize?key=AIzaSyAL1mg758L1cHG-yiGo-ztfDhRXJu2jmqM
  assets\audio\es\silabas\luna-1.mp3
    texto: 'na'  ipa: None
    error: 400 Client Error: Bad Request for url: https://texttospeech.googleapis.com/v1/text:synthesize?key=AIzaSyAL1mg758L1cHG-yiGo-ztfDhRXJu2jmqM
  assets\audio\es\silabas\leon-0.mp3
    texto: 'le'  ipa: None
    error: 400 Client Error: Bad Request for url: https://texttospeech.googleapis.com/v1/text:synthesize?key=AIzaSyAL1mg758L1cHG-yiGo-ztfDhRXJu2jmqM
  assets\audio\es\silabas\leon-1.mp3
    texto: 'ón'  ipa: None
    error: 400 Client Error: Bad Request for url: https://texttospeech.googleapis.com/v1/text:synthesize?key=AIzaSyAL1mg758L1cHG-yiGo-ztfDhRXJu2jmqM
  assets\audio\es\silabas\llave-0.mp3
    texto: 'llá'  ipa: None
    error: 400 Client Error: Bad Request for url: https://texttospeech.googleapis.com/v1/text:synthesize?key=AIzaSyAL1mg758L1cHG-yiGo-ztfDhRXJu2jmqM
  assets\audio\es\silabas\lagarto-0.mp3
    texto: 'la'  ipa: None
    error: 400 Client Error: Bad Request for url: https://texttospeech.googleapis.com/v1/text:synthesize?key=AIzaSyAL1mg758L1cHG-yiGo-ztfDhRXJu2jmqM
  assets\audio\es\silabas\llave-1.mp3
    texto: 've'  ipa: None
    error: 400 Client Error: Bad Request for url: https://texttospeech.googleapis.com/v1/text:synthesize?key=AIzaSyAL1mg758L1cHG-yiGo-ztfDhRXJu2jmqM
  assets\audio\es\silabas\lagarto-1.mp3
    texto: 'xgar'  ipa: 'gar'
    error: 400 Client Error: Bad Request for url: https://texttospeech.googleapis.com/v1/text:synthesize?key=AIzaSyAL1mg758L1cHG-yiGo-ztfDhRXJu2jmqM
  assets\audio\es\silabas\lagarto-2.mp3
    texto: 'xto'  ipa: 'to'
    error: 400 Client Error: Bad Request for url: https://texttospeech.googleapis.com/v1/text:synthesize?key=AIzaSyAL1mg758L1cHG-yiGo-ztfDhRXJu2jmqM
  assets\audio\es\silabas\lampara-0.mp3
    texto: 'lám'  ipa: None
    error: 400 Client Error: Bad Request for url: https://texttospeech.googleapis.com/v1/text:synthesize?key=AIzaSyAL1mg758L1cHG-yiGo-ztfDhRXJu2jmqM
  assets\audio\es\silabas\lampara-1.mp3
    texto: 'pa'  ipa: None
    error: 400 Client Error: Bad Request for url: https://texttospeech.googleapis.com/v1/text:synthesize?key=AIzaSyAL1mg758L1cHG-yiGo-ztfDhRXJu2jmqM
  assets\audio\es\silabas\loro-0.mp3
    texto: 'lo'  ipa: None
    error: 400 Client Error: Bad Request for url: https://texttospeech.googleapis.com/v1/text:synthesize?key=AIzaSyAL1mg758L1cHG-yiGo-ztfDhRXJu2jmqM
  assets\audio\es\silabas\loro-1.mp3
    texto: 'ro'  ipa: 'ɾo'
    error: 400 Client Error: Bad Request for url: https://texttospeech.googleapis.com/v1/text:synthesize?key=AIzaSyAL1mg758L1cHG-yiGo-ztfDhRXJu2jmqM
  assets\audio\es\silabas\lampara-2.mp3
    texto: 'ra'  ipa: 'ɾa'
    error: 400 Client Error: Bad Request for url: https://texttospeech.googleapis.com/v1/text:synthesize?key=AIzaSyAL1mg758L1cHG-yiGo-ztfDhRXJu2jmqM
  assets\audio\es\silabas\lobo-0.mp3
    texto: 'lo'  ipa: None
    error: 400 Client Error: Bad Request for url: https://texttospeech.googleapis.com/v1/text:synthesize?key=AIzaSyAL1mg758L1cHG-yiGo-ztfDhRXJu2jmqM
  assets\audio\es\silabas\lobo-1.mp3
    texto: 'bo'  ipa: None
    error: 400 Client Error: Bad Request for url: https://texttospeech.googleapis.com/v1/text:synthesize?key=AIzaSyAL1mg758L1cHG-yiGo-ztfDhRXJu2jmqM
  assets\audio\es\silabas\leche-0.mp3
    texto: 'le'  ipa: None
    error: 400 Client Error: Bad Request for url: https://texttospeech.googleapis.com/v1/text:synthesize?key=AIzaSyAL1mg758L1cHG-yiGo-ztfDhRXJu2jmqM
  assets\audio\es\silabas\limon-1.mp3
    texto: 'món'  ipa: None
    error: 400 Client Error: Bad Request for url: https://texttospeech.googleapis.com/v1/text:synthesize?key=AIzaSyAL1mg758L1cHG-yiGo-ztfDhRXJu2jmqM
  assets\audio\es\silabas\limon-0.mp3
    texto: 'li'  ipa: None
    error: 400 Client Error: Bad Request for url: https://texttospeech.googleapis.com/v1/text:synthesize?key=AIzaSyAL1mg758L1cHG-yiGo-ztfDhRXJu2jmqM
  assets\audio\es\silabas\leche-1.mp3
    texto: 'che'  ipa: None
    error: 400 Client Error: Bad Request for url: https://texttospeech.googleapis.com/v1/text:synthesize?key=AIzaSyAL1mg758L1cHG-yiGo-ztfDhRXJu2jmqM
  assets\audio\es\silabas\mariposa-0.mp3
    texto: 'ma'  ipa: None
    error: 400 Client Error: Bad Request for url: https://texttospeech.googleapis.com/v1/text:synthesize?key=AIzaSyAL1mg758L1cHG-yiGo-ztfDhRXJu2jmqM
  assets\audio\es\silabas\mariposa-3.mp3
    texto: 'sa'  ipa: None
    error: 400 Client Error: Bad Request for url: https://texttospeech.googleapis.com/v1/text:synthesize?key=AIzaSyAL1mg758L1cHG-yiGo-ztfDhRXJu2jmqM
  assets\audio\es\silabas\mariposa-1.mp3
    texto: 'ri'  ipa: 'ɾi'
    error: 400 Client Error: Bad Request for url: https://texttospeech.googleapis.com/v1/text:synthesize?key=AIzaSyAL1mg758L1cHG-yiGo-ztfDhRXJu2jmqM
  assets\audio\es\silabas\manzana-0.mp3
    texto: 'man'  ipa: None
    error: 400 Client Error: Bad Request for url: https://texttospeech.googleapis.com/v1/text:synthesize?key=AIzaSyAL1mg758L1cHG-yiGo-ztfDhRXJu2jmqM
  assets\audio\es\silabas\mariposa-2.mp3
    texto: 'po'  ipa: None
    error: 400 Client Error: Bad Request for url: https://texttospeech.googleapis.com/v1/text:synthesize?key=AIzaSyAL1mg758L1cHG-yiGo-ztfDhRXJu2jmqM
  assets\audio\es\silabas\manzana-1.mp3
    texto: 'za'  ipa: None
    error: 400 Client Error: Bad Request for url: https://texttospeech.googleapis.com/v1/text:synthesize?key=AIzaSyAL1mg758L1cHG-yiGo-ztfDhRXJu2jmqM
  assets\audio\es\silabas\mano-0.mp3
    texto: 'ma'  ipa: None
    error: 400 Client Error: Bad Request for url: https://texttospeech.googleapis.com/v1/text:synthesize?key=AIzaSyAL1mg758L1cHG-yiGo-ztfDhRXJu2jmqM
  assets\audio\es\silabas\mano-1.mp3
    texto: 'no'  ipa: None
    error: 400 Client Error: Bad Request for url: https://texttospeech.googleapis.com/v1/text:synthesize?key=AIzaSyAL1mg758L1cHG-yiGo-ztfDhRXJu2jmqM
  assets\audio\es\silabas\manzana-2.mp3
    texto: 'na'  ipa: None
    error: 400 Client Error: Bad Request for url: https://texttospeech.googleapis.com/v1/text:synthesize?key=AIzaSyAL1mg758L1cHG-yiGo-ztfDhRXJu2jmqM
  assets\audio\es\silabas\mono-0.mp3
    texto: 'mo'  ipa: None
    error: 400 Client Error: Bad Request for url: https://texttospeech.googleapis.com/v1/text:synthesize?key=AIzaSyAL1mg758L1cHG-yiGo-ztfDhRXJu2jmqM
  assets\audio\es\silabas\mono-1.mp3
    texto: 'no'  ipa: None
    error: 400 Client Error: Bad Request for url: https://texttospeech.googleapis.com/v1/text:synthesize?key=AIzaSyAL1mg758L1cHG-yiGo-ztfDhRXJu2jmqM
  assets\audio\es\silabas\montana-2.mp3
    texto: 'ña'  ipa: None
    error: 400 Client Error: Bad Request for url: https://texttospeech.googleapis.com/v1/text:synthesize?key=AIzaSyAL1mg758L1cHG-yiGo-ztfDhRXJu2jmqM
  assets\audio\es\silabas\montana-1.mp3
    texto: 'ta'  ipa: None
    error: 400 Client Error: Bad Request for url: https://texttospeech.googleapis.com/v1/text:synthesize?key=AIzaSyAL1mg758L1cHG-yiGo-ztfDhRXJu2jmqM
  assets\audio\es\silabas\montana-0.mp3
    texto: 'mon'  ipa: None
    error: 400 Client Error: Bad Request for url: https://texttospeech.googleapis.com/v1/text:synthesize?key=AIzaSyAL1mg758L1cHG-yiGo-ztfDhRXJu2jmqM
  assets\audio\es\silabas\musico-0.mp3
    texto: 'mú'  ipa: None
    error: 400 Client Error: Bad Request for url: https://texttospeech.googleapis.com/v1/text:synthesize?key=AIzaSyAL1mg758L1cHG-yiGo-ztfDhRXJu2jmqM
  assets\audio\es\silabas\musico-1.mp3
    texto: 'si'  ipa: None
    error: 400 Client Error: Bad Request for url: https://texttospeech.googleapis.com/v1/text:synthesize?key=AIzaSyAL1mg758L1cHG-yiGo-ztfDhRXJu2jmqM
  assets\audio\es\silabas\mesa-0.mp3
    texto: 'me'  ipa: None
    error: 400 Client Error: Bad Request for url: https://texttospeech.googleapis.com/v1/text:synthesize?key=AIzaSyAL1mg758L1cHG-yiGo-ztfDhRXJu2jmqM
  assets\audio\es\silabas\musico-2.mp3
    texto: 'co'  ipa: None
    error: 400 Client Error: Bad Request for url: https://texttospeech.googleapis.com/v1/text:synthesize?key=AIzaSyAL1mg758L1cHG-yiGo-ztfDhRXJu2jmqM
  assets\audio\es\silabas\mesa-1.mp3
    texto: 'sa'  ipa: None
    error: 400 Client Error: Bad Request for url: https://texttospeech.googleapis.com/v1/text:synthesize?key=AIzaSyAL1mg758L1cHG-yiGo-ztfDhRXJu2jmqM
  assets\audio\es\silabas\mochila-0.mp3
    texto: 'mo'  ipa: None
    error: 400 Client Error: Bad Request for url: https://texttospeech.googleapis.com/v1/text:synthesize?key=AIzaSyAL1mg758L1cHG-yiGo-ztfDhRXJu2jmqM
  assets\audio\es\silabas\mochila-1.mp3
    texto: 'chi'  ipa: None
    error: 400 Client Error: Bad Request for url: https://texttospeech.googleapis.com/v1/text:synthesize?key=AIzaSyAL1mg758L1cHG-yiGo-ztfDhRXJu2jmqM
  assets\audio\es\silabas\mochila-2.mp3
    texto: 'la'  ipa: None
    error: 400 Client Error: Bad Request for url: https://texttospeech.googleapis.com/v1/text:synthesize?key=AIzaSyAL1mg758L1cHG-yiGo-ztfDhRXJu2jmqM
  assets\audio\es\silabas\murcielago-1.mp3
    texto: 'cié'  ipa: None
    error: 400 Client Error: Bad Request for url: https://texttospeech.googleapis.com/v1/text:synthesize?key=AIzaSyAL1mg758L1cHG-yiGo-ztfDhRXJu2jmqM
  assets\audio\es\silabas\murcielago-0.mp3
    texto: 'mur'  ipa: None
    error: 400 Client Error: Bad Request for url: https://texttospeech.googleapis.com/v1/text:synthesize?key=AIzaSyAL1mg758L1cHG-yiGo-ztfDhRXJu2jmqM
  assets\audio\es\silabas\murcielago-2.mp3
    texto: 'la'  ipa: None
    error: 400 Client Error: Bad Request for url: https://texttospeech.googleapis.com/v1/text:synthesize?key=AIzaSyAL1mg758L1cHG-yiGo-ztfDhRXJu2jmqM
  assets\audio\es\silabas\mapa-0.mp3
    texto: 'ma'  ipa: None
    error: 400 Client Error: Bad Request for url: https://texttospeech.googleapis.com/v1/text:synthesize?key=AIzaSyAL1mg758L1cHG-yiGo-ztfDhRXJu2jmqM
  assets\audio\es\silabas\mapa-1.mp3
    texto: 'pa'  ipa: None
    error: 400 Client Error: Bad Request for url: https://texttospeech.googleapis.com/v1/text:synthesize?key=AIzaSyAL1mg758L1cHG-yiGo-ztfDhRXJu2jmqM
  assets\audio\es\silabas\nube-0.mp3
    texto: 'nu'  ipa: None
    error: 400 Client Error: Bad Request for url: https://texttospeech.googleapis.com/v1/text:synthesize?key=AIzaSyAL1mg758L1cHG-yiGo-ztfDhRXJu2jmqM
  assets\audio\es\silabas\nube-1.mp3
    texto: 'xbe'  ipa: 'be'
    error: 400 Client Error: Bad Request for url: https://texttospeech.googleapis.com/v1/text:synthesize?key=AIzaSyAL1mg758L1cHG-yiGo-ztfDhRXJu2jmqM
  assets\audio\es\silabas\nariz-0.mp3
    texto: 'na'  ipa: None
    error: 400 Client Error: Bad Request for url: https://texttospeech.googleapis.com/v1/text:synthesize?key=AIzaSyAL1mg758L1cHG-yiGo-ztfDhRXJu2jmqM
  assets\audio\es\silabas\nariz-1.mp3
    texto: 'riz'  ipa: 'ɾiz'
    error: 400 Client Error: Bad Request for url: https://texttospeech.googleapis.com/v1/text:synthesize?key=AIzaSyAL1mg758L1cHG-yiGo-ztfDhRXJu2jmqM
  assets\audio\es\silabas\naranja-fruta-0.mp3
    texto: 'na'  ipa: None
    error: 400 Client Error: Bad Request for url: https://texttospeech.googleapis.com/v1/text:synthesize?key=AIzaSyAL1mg758L1cHG-yiGo-ztfDhRXJu2jmqM
  assets\audio\es\silabas\naranja-fruta-1.mp3
    texto: 'ran'  ipa: 'ɾan'
    error: 400 Client Error: Bad Request for url: https://texttospeech.googleapis.com/v1/text:synthesize?key=AIzaSyAL1mg758L1cHG-yiGo-ztfDhRXJu2jmqM
  assets\audio\es\silabas\naranja-fruta-2.mp3
    texto: 'ja'  ipa: None
    error: 400 Client Error: Bad Request for url: https://texttospeech.googleapis.com/v1/text:synthesize?key=AIzaSyAL1mg758L1cHG-yiGo-ztfDhRXJu2jmqM
  assets\audio\es\silabas\nieve-0.mp3
    texto: 'nie'  ipa: 'nje'
    error: 400 Client Error: Bad Request for url: https://texttospeech.googleapis.com/v1/text:synthesize?key=AIzaSyAL1mg758L1cHG-yiGo-ztfDhRXJu2jmqM
  assets\audio\es\silabas\nieve-1.mp3
    texto: 've'  ipa: None
    error: 400 Client Error: Bad Request for url: https://texttospeech.googleapis.com/v1/text:synthesize?key=AIzaSyAL1mg758L1cHG-yiGo-ztfDhRXJu2jmqM
  assets\audio\es\silabas\nido-0.mp3
    texto: 'ni'  ipa: None
    error: 400 Client Error: Bad Request for url: https://texttospeech.googleapis.com/v1/text:synthesize?key=AIzaSyAL1mg758L1cHG-yiGo-ztfDhRXJu2jmqM
  assets\audio\es\silabas\nido-1.mp3
    texto: 'do'  ipa: None
    error: 400 Client Error: Bad Request for url: https://texttospeech.googleapis.com/v1/text:synthesize?key=AIzaSyAL1mg758L1cHG-yiGo-ztfDhRXJu2jmqM
  assets\audio\es\silabas\nina-1.mp3
    texto: 'ña'  ipa: None
    error: 400 Client Error: Bad Request for url: https://texttospeech.googleapis.com/v1/text:synthesize?key=AIzaSyAL1mg758L1cHG-yiGo-ztfDhRXJu2jmqM
  assets\audio\es\silabas\nina-0.mp3
    texto: 'ni'  ipa: None
    error: 400 Client Error: Bad Request for url: https://texttospeech.googleapis.com/v1/text:synthesize?key=AIzaSyAL1mg758L1cHG-yiGo-ztfDhRXJu2jmqM
  assets\audio\es\silabas\nino-0.mp3
    texto: 'ni'  ipa: None
    error: 400 Client Error: Bad Request for url: https://texttospeech.googleapis.com/v1/text:synthesize?key=AIzaSyAL1mg758L1cHG-yiGo-ztfDhRXJu2jmqM
  assets\audio\es\silabas\nino-1.mp3
    texto: 'ño'  ipa: None
    error: 400 Client Error: Bad Request for url: https://texttospeech.googleapis.com/v1/text:synthesize?key=AIzaSyAL1mg758L1cHG-yiGo-ztfDhRXJu2jmqM
  assets\audio\es\silabas\nave-espacial-0.mp3
    texto: 'na'  ipa: None
    error: 400 Client Error: Bad Request for url: https://texttospeech.googleapis.com/v1/text:synthesize?key=AIzaSyAL1mg758L1cHG-yiGo-ztfDhRXJu2jmqM
  assets\audio\es\silabas\nave-espacial-1.mp3
    texto: 've'  ipa: None
    error: 400 Client Error: Bad Request for url: https://texttospeech.googleapis.com/v1/text:synthesize?key=AIzaSyAL1mg758L1cHG-yiGo-ztfDhRXJu2jmqM
  assets\audio\es\silabas\nave-espacial-3.mp3
    texto: 'pa'  ipa: None
    error: 400 Client Error: Bad Request for url: https://texttospeech.googleapis.com/v1/text:synthesize?key=AIzaSyAL1mg758L1cHG-yiGo-ztfDhRXJu2jmqM
  assets\audio\es\silabas\nave-espacial-2.mp3
    texto: 'es'  ipa: None
    error: 400 Client Error: Bad Request for url: https://texttospeech.googleapis.com/v1/text:synthesize?key=AIzaSyAL1mg758L1cHG-yiGo-ztfDhRXJu2jmqM
  assets\audio\es\silabas\nave-espacial-4.mp3
    texto: 'cial'  ipa: None
    error: 400 Client Error: Bad Request for url: https://texttospeech.googleapis.com/v1/text:synthesize?key=AIzaSyAL1mg758L1cHG-yiGo-ztfDhRXJu2jmqM
  assets\audio\es\silabas\nuez-0.mp3
    texto: 'nuez'  ipa: None
    error: 400 Client Error: Bad Request for url: https://texttospeech.googleapis.com/v1/text:synthesize?key=AIzaSyAL1mg758L1cHG-yiGo-ztfDhRXJu2jmqM
  assets\audio\es\silabas\natacion-0.mp3
    texto: 'na'  ipa: None
    error: 400 Client Error: Bad Request for url: https://texttospeech.googleapis.com/v1/text:synthesize?key=AIzaSyAL1mg758L1cHG-yiGo-ztfDhRXJu2jmqM
  assets\audio\es\silabas\natacion-1.mp3
    texto: 'ta'  ipa: None
    error: 400 Client Error: Bad Request for url: https://texttospeech.googleapis.com/v1/text:synthesize?key=AIzaSyAL1mg758L1cHG-yiGo-ztfDhRXJu2jmqM
  assets\audio\es\silabas\natacion-2.mp3
    texto: 'ción'  ipa: None
    error: 400 Client Error: Bad Request for url: https://texttospeech.googleapis.com/v1/text:synthesize?key=AIzaSyAL1mg758L1cHG-yiGo-ztfDhRXJu2jmqM
  assets\audio\es\silabas\nu-0.mp3
    texto: 'ñu'  ipa: None
    error: 400 Client Error: Bad Request for url: https://texttospeech.googleapis.com/v1/text:synthesize?key=AIzaSyAL1mg758L1cHG-yiGo-ztfDhRXJu2jmqM
  assets\audio\es\silabas\nandu-0.mp3
    texto: 'ñan'  ipa: None
    error: 400 Client Error: Bad Request for url: https://texttospeech.googleapis.com/v1/text:synthesize?key=AIzaSyAL1mg758L1cHG-yiGo-ztfDhRXJu2jmqM
  assets\audio\es\silabas\nandu-1.mp3
    texto: 'dú'  ipa: None
    error: 400 Client Error: Bad Request for url: https://texttospeech.googleapis.com/v1/text:synthesize?key=AIzaSyAL1mg758L1cHG-yiGo-ztfDhRXJu2jmqM
  assets\audio\es\silabas\name-1.mp3
    texto: 'me'  ipa: None
    error: 400 Client Error: Bad Request for url: https://texttospeech.googleapis.com/v1/text:synthesize?key=AIzaSyAL1mg758L1cHG-yiGo-ztfDhRXJu2jmqM
  assets\audio\es\silabas\name-0.mp3
    texto: 'ña'  ipa: None
    error: 400 Client Error: Bad Request for url: https://texttospeech.googleapis.com/v1/text:synthesize?key=AIzaSyAL1mg758L1cHG-yiGo-ztfDhRXJu2jmqM
  assets\audio\es\silabas\ojo-0.mp3
    texto: 'o'  ipa: None
    error: 400 Client Error: Bad Request for url: https://texttospeech.googleapis.com/v1/text:synthesize?key=AIzaSyAL1mg758L1cHG-yiGo-ztfDhRXJu2jmqM
  assets\audio\es\silabas\ojo-1.mp3
    texto: 'xjo'  ipa: 'xo'
    error: 400 Client Error: Bad Request for url: https://texttospeech.googleapis.com/v1/text:synthesize?key=AIzaSyAL1mg758L1cHG-yiGo-ztfDhRXJu2jmqM
  assets\audio\es\silabas\oso-1.mp3
    texto: 'xso'  ipa: 'so'
    error: 400 Client Error: Bad Request for url: https://texttospeech.googleapis.com/v1/text:synthesize?key=AIzaSyAL1mg758L1cHG-yiGo-ztfDhRXJu2jmqM
  assets\audio\es\silabas\oveja-0.mp3
    texto: 'o'  ipa: None
    error: 400 Client Error: Bad Request for url: https://texttospeech.googleapis.com/v1/text:synthesize?key=AIzaSyAL1mg758L1cHG-yiGo-ztfDhRXJu2jmqM
  assets\audio\es\silabas\oso-0.mp3
    texto: 'o'  ipa: None
    error: 400 Client Error: Bad Request for url: https://texttospeech.googleapis.com/v1/text:synthesize?key=AIzaSyAL1mg758L1cHG-yiGo-ztfDhRXJu2jmqM
  assets\audio\es\silabas\oveja-1.mp3
    texto: 've'  ipa: None
    error: 400 Client Error: Bad Request for url: https://texttospeech.googleapis.com/v1/text:synthesize?key=AIzaSyAL1mg758L1cHG-yiGo-ztfDhRXJu2jmqM
  assets\audio\es\silabas\oveja-2.mp3
    texto: 'ja'  ipa: None
    error: 400 Client Error: Bad Request for url: https://texttospeech.googleapis.com/v1/text:synthesize?key=AIzaSyAL1mg758L1cHG-yiGo-ztfDhRXJu2jmqM
  assets\audio\es\silabas\ola-1.mp3
    texto: 'la'  ipa: None
    error: 400 Client Error: Bad Request for url: https://texttospeech.googleapis.com/v1/text:synthesize?key=AIzaSyAL1mg758L1cHG-yiGo-ztfDhRXJu2jmqM
  assets\audio\es\silabas\ola-0.mp3
    texto: 'o'  ipa: None
    error: 400 Client Error: Bad Request for url: https://texttospeech.googleapis.com/v1/text:synthesize?key=AIzaSyAL1mg758L1cHG-yiGo-ztfDhRXJu2jmqM
  assets\audio\es\silabas\oruga-0.mp3
    texto: 'o'  ipa: None
    error: 400 Client Error: Bad Request for url: https://texttospeech.googleapis.com/v1/text:synthesize?key=AIzaSyAL1mg758L1cHG-yiGo-ztfDhRXJu2jmqM
  assets\audio\es\silabas\oruga-1.mp3
    texto: 'ru'  ipa: 'ɾu'
    error: 400 Client Error: Bad Request for url: https://texttospeech.googleapis.com/v1/text:synthesize?key=AIzaSyAL1mg758L1cHG-yiGo-ztfDhRXJu2jmqM
  assets\audio\es\silabas\oruga-2.mp3
    texto: 'ga'  ipa: None
    error: 400 Client Error: Bad Request for url: https://texttospeech.googleapis.com/v1/text:synthesize?key=AIzaSyAL1mg758L1cHG-yiGo-ztfDhRXJu2jmqM
  assets\audio\es\silabas\oreja-1.mp3
    texto: 're'  ipa: 'ɾe'
    error: 400 Client Error: Bad Request for url: https://texttospeech.googleapis.com/v1/text:synthesize?key=AIzaSyAL1mg758L1cHG-yiGo-ztfDhRXJu2jmqM
  assets\audio\es\silabas\oreja-0.mp3
    texto: 'o'  ipa: None
    error: 400 Client Error: Bad Request for url: https://texttospeech.googleapis.com/v1/text:synthesize?key=AIzaSyAL1mg758L1cHG-yiGo-ztfDhRXJu2jmqM
  assets\audio\es\silabas\oreja-2.mp3
    texto: 'ja'  ipa: None
    error: 400 Client Error: Bad Request for url: https://texttospeech.googleapis.com/v1/text:synthesize?key=AIzaSyAL1mg758L1cHG-yiGo-ztfDhRXJu2jmqM
  assets\audio\es\silabas\ornitorrinco-1.mp3
    texto: 'ni'  ipa: None
    error: 400 Client Error: Bad Request for url: https://texttospeech.googleapis.com/v1/text:synthesize?key=AIzaSyAL1mg758L1cHG-yiGo-ztfDhRXJu2jmqM
  assets\audio\es\silabas\ornitorrinco-0.mp3
    texto: 'or'  ipa: None
    error: 400 Client Error: Bad Request for url: https://texttospeech.googleapis.com/v1/text:synthesize?key=AIzaSyAL1mg758L1cHG-yiGo-ztfDhRXJu2jmqM
  assets\audio\es\silabas\ornitorrinco-2.mp3
    texto: 'xto'  ipa: 'to'
    error: 400 Client Error: Bad Request for url: https://texttospeech.googleapis.com/v1/text:synthesize?key=AIzaSyAL1mg758L1cHG-yiGo-ztfDhRXJu2jmqM
  assets\audio\es\silabas\ornitorrinco-3.mp3
    texto: 'rrín'  ipa: None
    error: 400 Client Error: Bad Request for url: https://texttospeech.googleapis.com/v1/text:synthesize?key=AIzaSyAL1mg758L1cHG-yiGo-ztfDhRXJu2jmqM
  assets\audio\es\silabas\ornitorrinco-4.mp3
    texto: 'co'  ipa: None
    error: 400 Client Error: Bad Request for url: https://texttospeech.googleapis.com/v1/text:synthesize?key=AIzaSyAL1mg758L1cHG-yiGo-ztfDhRXJu2jmqM
  assets\audio\es\silabas\ocelote-0.mp3
    texto: 'o'  ipa: None
    error: 400 Client Error: Bad Request for url: https://texttospeech.googleapis.com/v1/text:synthesize?key=AIzaSyAL1mg758L1cHG-yiGo-ztfDhRXJu2jmqM
  assets\audio\es\silabas\ocelote-1.mp3
    texto: 'ce'  ipa: None
    error: 400 Client Error: Bad Request for url: https://texttospeech.googleapis.com/v1/text:synthesize?key=AIzaSyAL1mg758L1cHG-yiGo-ztfDhRXJu2jmqM
  assets\audio\es\silabas\ocelote-2.mp3
    texto: 'lo'  ipa: None
    error: 400 Client Error: Bad Request for url: https://texttospeech.googleapis.com/v1/text:synthesize?key=AIzaSyAL1mg758L1cHG-yiGo-ztfDhRXJu2jmqM
  assets\audio\es\silabas\ocelote-3.mp3
    texto: 'te'  ipa: None
    error: 400 Client Error: Bad Request for url: https://texttospeech.googleapis.com/v1/text:synthesize?key=AIzaSyAL1mg758L1cHG-yiGo-ztfDhRXJu2jmqM
  assets\audio\es\silabas\pajaro-0.mp3
    texto: 'pá'  ipa: None
    error: 400 Client Error: Bad Request for url: https://texttospeech.googleapis.com/v1/text:synthesize?key=AIzaSyAL1mg758L1cHG-yiGo-ztfDhRXJu2jmqM
  assets\audio\es\silabas\pajaro-2.mp3
    texto: 'ro'  ipa: 'ɾo'
    error: 400 Client Error: Bad Request for url: https://texttospeech.googleapis.com/v1/text:synthesize?key=AIzaSyAL1mg758L1cHG-yiGo-ztfDhRXJu2jmqM
  assets\audio\es\silabas\pajaro-1.mp3
    texto: 'ja'  ipa: None
    error: 400 Client Error: Bad Request for url: https://texttospeech.googleapis.com/v1/text:synthesize?key=AIzaSyAL1mg758L1cHG-yiGo-ztfDhRXJu2jmqM
  assets\audio\es\silabas\perro-0.mp3
    texto: 'pe'  ipa: None
    error: 400 Client Error: Bad Request for url: https://texttospeech.googleapis.com/v1/text:synthesize?key=AIzaSyAL1mg758L1cHG-yiGo-ztfDhRXJu2jmqM
  assets\audio\es\silabas\perro-1.mp3
    texto: 'rro'  ipa: None
    error: 400 Client Error: Bad Request for url: https://texttospeech.googleapis.com/v1/text:synthesize?key=AIzaSyAL1mg758L1cHG-yiGo-ztfDhRXJu2jmqM
  assets\audio\es\silabas\pelota-0.mp3
    texto: 'pe'  ipa: None
    error: 400 Client Error: Bad Request for url: https://texttospeech.googleapis.com/v1/text:synthesize?key=AIzaSyAL1mg758L1cHG-yiGo-ztfDhRXJu2jmqM
  assets\audio\es\silabas\pelota-1.mp3
    texto: 'lo'  ipa: None
    error: 400 Client Error: Bad Request for url: https://texttospeech.googleapis.com/v1/text:synthesize?key=AIzaSyAL1mg758L1cHG-yiGo-ztfDhRXJu2jmqM
  assets\audio\es\silabas\pelota-2.mp3
    texto: 'ta'  ipa: None
    error: 400 Client Error: Bad Request for url: https://texttospeech.googleapis.com/v1/text:synthesize?key=AIzaSyAL1mg758L1cHG-yiGo-ztfDhRXJu2jmqM
  assets\audio\es\silabas\pez-0.mp3
    texto: 'pez'  ipa: None
    error: 400 Client Error: Bad Request for url: https://texttospeech.googleapis.com/v1/text:synthesize?key=AIzaSyAL1mg758L1cHG-yiGo-ztfDhRXJu2jmqM
  assets\audio\es\silabas\pina-0.mp3
    texto: 'pi'  ipa: None
    error: 400 Client Error: Bad Request for url: https://texttospeech.googleapis.com/v1/text:synthesize?key=AIzaSyAL1mg758L1cHG-yiGo-ztfDhRXJu2jmqM
  assets\audio\es\silabas\pina-1.mp3
    texto: 'ña'  ipa: None
    error: 400 Client Error: Bad Request for url: https://texttospeech.googleapis.com/v1/text:synthesize?key=AIzaSyAL1mg758L1cHG-yiGo-ztfDhRXJu2jmqM
  assets\audio\es\silabas\puerta-0.mp3
    texto: 'puer'  ipa: None
    error: 400 Client Error: Bad Request for url: https://texttospeech.googleapis.com/v1/text:synthesize?key=AIzaSyAL1mg758L1cHG-yiGo-ztfDhRXJu2jmqM
  assets\audio\es\silabas\puerta-1.mp3
    texto: 'ta'  ipa: None
    error: 400 Client Error: Bad Request for url: https://texttospeech.googleapis.com/v1/text:synthesize?key=AIzaSyAL1mg758L1cHG-yiGo-ztfDhRXJu2jmqM
  assets\audio\es\silabas\planeta-0.mp3
    texto: 'pla'  ipa: None
    error: 400 Client Error: Bad Request for url: https://texttospeech.googleapis.com/v1/text:synthesize?key=AIzaSyAL1mg758L1cHG-yiGo-ztfDhRXJu2jmqM
  assets\audio\es\silabas\planeta-1.mp3
    texto: 'ne'  ipa: None
    error: 400 Client Error: Bad Request for url: https://texttospeech.googleapis.com/v1/text:synthesize?key=AIzaSyAL1mg758L1cHG-yiGo-ztfDhRXJu2jmqM
  assets\audio\es\silabas\planeta-2.mp3
    texto: 'ta'  ipa: None
    error: 400 Client Error: Bad Request for url: https://texttospeech.googleapis.com/v1/text:synthesize?key=AIzaSyAL1mg758L1cHG-yiGo-ztfDhRXJu2jmqM
  assets\audio\es\silabas\pato-1.mp3
    texto: 'xto'  ipa: 'to'
    error: 400 Client Error: Bad Request for url: https://texttospeech.googleapis.com/v1/text:synthesize?key=AIzaSyAL1mg758L1cHG-yiGo-ztfDhRXJu2jmqM
  assets\audio\es\silabas\pato-0.mp3
    texto: 'pa'  ipa: None
    error: 400 Client Error: Bad Request for url: https://texttospeech.googleapis.com/v1/text:synthesize?key=AIzaSyAL1mg758L1cHG-yiGo-ztfDhRXJu2jmqM
  assets\audio\es\silabas\paloma-0.mp3
    texto: 'pa'  ipa: None
    error: 400 Client Error: Bad Request for url: https://texttospeech.googleapis.com/v1/text:synthesize?key=AIzaSyAL1mg758L1cHG-yiGo-ztfDhRXJu2jmqM
  assets\audio\es\silabas\paloma-1.mp3
    texto: 'lo'  ipa: None
    error: 400 Client Error: Bad Request for url: https://texttospeech.googleapis.com/v1/text:synthesize?key=AIzaSyAL1mg758L1cHG-yiGo-ztfDhRXJu2jmqM
  assets\audio\es\silabas\paloma-2.mp3
    texto: 'ma'  ipa: None
    error: 400 Client Error: Bad Request for url: https://texttospeech.googleapis.com/v1/text:synthesize?key=AIzaSyAL1mg758L1cHG-yiGo-ztfDhRXJu2jmqM
  assets\audio\es\silabas\pulpo-0.mp3
    texto: 'pul'  ipa: None
    error: 400 Client Error: Bad Request for url: https://texttospeech.googleapis.com/v1/text:synthesize?key=AIzaSyAL1mg758L1cHG-yiGo-ztfDhRXJu2jmqM
  assets\audio\es\silabas\pulpo-1.mp3
    texto: 'po'  ipa: None
    error: 400 Client Error: Bad Request for url: https://texttospeech.googleapis.com/v1/text:synthesize?key=AIzaSyAL1mg758L1cHG-yiGo-ztfDhRXJu2jmqM
  assets\audio\es\silabas\queso-0.mp3
    texto: 'que'  ipa: None
    error: 400 Client Error: Bad Request for url: https://texttospeech.googleapis.com/v1/text:synthesize?key=AIzaSyAL1mg758L1cHG-yiGo-ztfDhRXJu2jmqM
  assets\audio\es\silabas\queso-1.mp3
    texto: 'xso'  ipa: 'so'
    error: 400 Client Error: Bad Request for url: https://texttospeech.googleapis.com/v1/text:synthesize?key=AIzaSyAL1mg758L1cHG-yiGo-ztfDhRXJu2jmqM
  assets\audio\es\silabas\quetzal-0.mp3
    texto: 'quet'  ipa: None
    error: 400 Client Error: Bad Request for url: https://texttospeech.googleapis.com/v1/text:synthesize?key=AIzaSyAL1mg758L1cHG-yiGo-ztfDhRXJu2jmqM
  assets\audio\es\silabas\quetzal-1.mp3
    texto: 'zal'  ipa: None
    error: 400 Client Error: Bad Request for url: https://texttospeech.googleapis.com/v1/text:synthesize?key=AIzaSyAL1mg758L1cHG-yiGo-ztfDhRXJu2jmqM
  assets\audio\es\silabas\quinque-0.mp3
    texto: 'quin'  ipa: None
    error: 400 Client Error: Bad Request for url: https://texttospeech.googleapis.com/v1/text:synthesize?key=AIzaSyAL1mg758L1cHG-yiGo-ztfDhRXJu2jmqM
  assets\audio\es\silabas\quinque-1.mp3
    texto: 'qué'  ipa: None
    error: 400 Client Error: Bad Request for url: https://texttospeech.googleapis.com/v1/text:synthesize?key=AIzaSyAL1mg758L1cHG-yiGo-ztfDhRXJu2jmqM
  assets\audio\es\silabas\rana-0.mp3
    texto: 'ra'  ipa: None
    error: 400 Client Error: Bad Request for url: https://texttospeech.googleapis.com/v1/text:synthesize?key=AIzaSyAL1mg758L1cHG-yiGo-ztfDhRXJu2jmqM
  assets\audio\es\silabas\rana-1.mp3
    texto: 'na'  ipa: None
    error: 400 Client Error: Bad Request for url: https://texttospeech.googleapis.com/v1/text:synthesize?key=AIzaSyAL1mg758L1cHG-yiGo-ztfDhRXJu2jmqM
  assets\audio\es\silabas\raton-0.mp3
    texto: 'ra'  ipa: None
    error: 400 Client Error: Bad Request for url: https://texttospeech.googleapis.com/v1/text:synthesize?key=AIzaSyAL1mg758L1cHG-yiGo-ztfDhRXJu2jmqM
  assets\audio\es\silabas\raton-1.mp3
    texto: 'tón'  ipa: None
    error: 400 Client Error: Bad Request for url: https://texttospeech.googleapis.com/v1/text:synthesize?key=AIzaSyAL1mg758L1cHG-yiGo-ztfDhRXJu2jmqM
  assets\audio\es\silabas\robot-0.mp3
    texto: 'ro'  ipa: None
    error: 400 Client Error: Bad Request for url: https://texttospeech.googleapis.com/v1/text:synthesize?key=AIzaSyAL1mg758L1cHG-yiGo-ztfDhRXJu2jmqM
  assets\audio\es\silabas\robot-1.mp3
    texto: 'bot'  ipa: None
    error: 400 Client Error: Bad Request for url: https://texttospeech.googleapis.com/v1/text:synthesize?key=AIzaSyAL1mg758L1cHG-yiGo-ztfDhRXJu2jmqM
  assets\audio\es\silabas\roca-0.mp3
    texto: 'ro'  ipa: None
    error: 400 Client Error: Bad Request for url: https://texttospeech.googleapis.com/v1/text:synthesize?key=AIzaSyAL1mg758L1cHG-yiGo-ztfDhRXJu2jmqM
  assets\audio\es\silabas\roca-1.mp3
    texto: 'ca'  ipa: None
    error: 400 Client Error: Bad Request for url: https://texttospeech.googleapis.com/v1/text:synthesize?key=AIzaSyAL1mg758L1cHG-yiGo-ztfDhRXJu2jmqM
  assets\audio\es\silabas\rosa-0.mp3
    texto: 'ro'  ipa: None
    error: 400 Client Error: Bad Request for url: https://texttospeech.googleapis.com/v1/text:synthesize?key=AIzaSyAL1mg758L1cHG-yiGo-ztfDhRXJu2jmqM
  assets\audio\es\silabas\rosa-1.mp3
    texto: 'sa'  ipa: None
    error: 400 Client Error: Bad Request for url: https://texttospeech.googleapis.com/v1/text:synthesize?key=AIzaSyAL1mg758L1cHG-yiGo-ztfDhRXJu2jmqM
  assets\audio\es\silabas\rayo-0.mp3
    texto: 'ra'  ipa: None
    error: 400 Client Error: Bad Request for url: https://texttospeech.googleapis.com/v1/text:synthesize?key=AIzaSyAL1mg758L1cHG-yiGo-ztfDhRXJu2jmqM
  assets\audio\es\silabas\rayo-1.mp3
    texto: 'yo'  ipa: None
    error: 400 Client Error: Bad Request for url: https://texttospeech.googleapis.com/v1/text:synthesize?key=AIzaSyAL1mg758L1cHG-yiGo-ztfDhRXJu2jmqM
  assets\audio\es\silabas\regalo-0.mp3
    texto: 're'  ipa: None
    error: 400 Client Error: Bad Request for url: https://texttospeech.googleapis.com/v1/text:synthesize?key=AIzaSyAL1mg758L1cHG-yiGo-ztfDhRXJu2jmqM
  assets\audio\es\silabas\regalo-1.mp3
    texto: 'ga'  ipa: None
    error: 400 Client Error: Bad Request for url: https://texttospeech.googleapis.com/v1/text:synthesize?key=AIzaSyAL1mg758L1cHG-yiGo-ztfDhRXJu2jmqM
  assets\audio\es\silabas\regalo-2.mp3
    texto: 'lo'  ipa: None
    error: 400 Client Error: Bad Request for url: https://texttospeech.googleapis.com/v1/text:synthesize?key=AIzaSyAL1mg758L1cHG-yiGo-ztfDhRXJu2jmqM
  assets\audio\es\silabas\red-0.mp3
    texto: 'red'  ipa: None
    error: 400 Client Error: Bad Request for url: https://texttospeech.googleapis.com/v1/text:synthesize?key=AIzaSyAL1mg758L1cHG-yiGo-ztfDhRXJu2jmqM
  assets\audio\es\silabas\rio-0.mp3
    texto: 'rí'  ipa: None
    error: 400 Client Error: Bad Request for url: https://texttospeech.googleapis.com/v1/text:synthesize?key=AIzaSyAL1mg758L1cHG-yiGo-ztfDhRXJu2jmqM
  assets\audio\es\silabas\rio-1.mp3
    texto: 'o'  ipa: None
    error: 400 Client Error: Bad Request for url: https://texttospeech.googleapis.com/v1/text:synthesize?key=AIzaSyAL1mg758L1cHG-yiGo-ztfDhRXJu2jmqM
  assets\audio\es\silabas\rueda-0.mp3
    texto: 'xrue'  ipa: 'rwe'
    error: 400 Client Error: Bad Request for url: https://texttospeech.googleapis.com/v1/text:synthesize?key=AIzaSyAL1mg758L1cHG-yiGo-ztfDhRXJu2jmqM
  assets\audio\es\silabas\rueda-1.mp3
    texto: 'da'  ipa: None
    error: 400 Client Error: Bad Request for url: https://texttospeech.googleapis.com/v1/text:synthesize?key=AIzaSyAL1mg758L1cHG-yiGo-ztfDhRXJu2jmqM
  assets\audio\es\silabas\sandia-0.mp3
    texto: 'san'  ipa: None
    error: 400 Client Error: Bad Request for url: https://texttospeech.googleapis.com/v1/text:synthesize?key=AIzaSyAL1mg758L1cHG-yiGo-ztfDhRXJu2jmqM
  assets\audio\es\silabas\sandia-1.mp3
    texto: 'dí'  ipa: None
    error: 400 Client Error: Bad Request for url: https://texttospeech.googleapis.com/v1/text:synthesize?key=AIzaSyAL1mg758L1cHG-yiGo-ztfDhRXJu2jmqM
  assets\audio\es\silabas\sandia-2.mp3
    texto: 'a'  ipa: None
    error: 400 Client Error: Bad Request for url: https://texttospeech.googleapis.com/v1/text:synthesize?key=AIzaSyAL1mg758L1cHG-yiGo-ztfDhRXJu2jmqM
  assets\audio\es\silabas\sol-0.mp3
    texto: 'sol'  ipa: None
    error: 400 Client Error: Bad Request for url: https://texttospeech.googleapis.com/v1/text:synthesize?key=AIzaSyAL1mg758L1cHG-yiGo-ztfDhRXJu2jmqM
  assets\audio\es\silabas\silla-0.mp3
    texto: 'si'  ipa: None
    error: 400 Client Error: Bad Request for url: https://texttospeech.googleapis.com/v1/text:synthesize?key=AIzaSyAL1mg758L1cHG-yiGo-ztfDhRXJu2jmqM
  assets\audio\es\silabas\silla-1.mp3
    texto: 'llá'  ipa: None
    error: 400 Client Error: Bad Request for url: https://texttospeech.googleapis.com/v1/text:synthesize?key=AIzaSyAL1mg758L1cHG-yiGo-ztfDhRXJu2jmqM
  assets\audio\es\silabas\serpiente-0.mp3
    texto: 'ser'  ipa: None
    error: 400 Client Error: Bad Request for url: https://texttospeech.googleapis.com/v1/text:synthesize?key=AIzaSyAL1mg758L1cHG-yiGo-ztfDhRXJu2jmqM
  assets\audio\es\silabas\serpiente-1.mp3
    texto: 'pien'  ipa: None
    error: 400 Client Error: Bad Request for url: https://texttospeech.googleapis.com/v1/text:synthesize?key=AIzaSyAL1mg758L1cHG-yiGo-ztfDhRXJu2jmqM
  assets\audio\es\silabas\serpiente-2.mp3
    texto: 'te'  ipa: None
    error: 400 Client Error: Bad Request for url: https://texttospeech.googleapis.com/v1/text:synthesize?key=AIzaSyAL1mg758L1cHG-yiGo-ztfDhRXJu2jmqM
  assets\audio\es\silabas\sombrero-0.mp3
    texto: 'som'  ipa: None
    error: 400 Client Error: Bad Request for url: https://texttospeech.googleapis.com/v1/text:synthesize?key=AIzaSyAL1mg758L1cHG-yiGo-ztfDhRXJu2jmqM
  assets\audio\es\silabas\sombrero-1.mp3
    texto: 'bre'  ipa: None
    error: 400 Client Error: Bad Request for url: https://texttospeech.googleapis.com/v1/text:synthesize?key=AIzaSyAL1mg758L1cHG-yiGo-ztfDhRXJu2jmqM
  assets\audio\es\silabas\sombrero-2.mp3
    texto: 'ro'  ipa: 'ɾo'
    error: 400 Client Error: Bad Request for url: https://texttospeech.googleapis.com/v1/text:synthesize?key=AIzaSyAL1mg758L1cHG-yiGo-ztfDhRXJu2jmqM
  assets\audio\es\silabas\sapo-0.mp3
    texto: 'sa'  ipa: None
    error: 400 Client Error: Bad Request for url: https://texttospeech.googleapis.com/v1/text:synthesize?key=AIzaSyAL1mg758L1cHG-yiGo-ztfDhRXJu2jmqM
  assets\audio\es\silabas\sapo-1.mp3
    texto: 'po'  ipa: None
    error: 400 Client Error: Bad Request for url: https://texttospeech.googleapis.com/v1/text:synthesize?key=AIzaSyAL1mg758L1cHG-yiGo-ztfDhRXJu2jmqM
  assets\audio\es\silabas\submarino-0.mp3
    texto: 'sub'  ipa: None
    error: 400 Client Error: Bad Request for url: https://texttospeech.googleapis.com/v1/text:synthesize?key=AIzaSyAL1mg758L1cHG-yiGo-ztfDhRXJu2jmqM
  assets\audio\es\silabas\submarino-1.mp3
    texto: 'ma'  ipa: None
    error: 400 Client Error: Bad Request for url: https://texttospeech.googleapis.com/v1/text:synthesize?key=AIzaSyAL1mg758L1cHG-yiGo-ztfDhRXJu2jmqM
  assets\audio\es\silabas\submarino-2.mp3
    texto: 'ri'  ipa: 'ɾi'
    error: 400 Client Error: Bad Request for url: https://texttospeech.googleapis.com/v1/text:synthesize?key=AIzaSyAL1mg758L1cHG-yiGo-ztfDhRXJu2jmqM
  assets\audio\es\silabas\submarino-3.mp3
    texto: 'no'  ipa: None
    error: 400 Client Error: Bad Request for url: https://texttospeech.googleapis.com/v1/text:synthesize?key=AIzaSyAL1mg758L1cHG-yiGo-ztfDhRXJu2jmqM
  assets\audio\es\silabas\soplar-0.mp3
    texto: 'xso'  ipa: 'so'
    error: 400 Client Error: Bad Request for url: https://texttospeech.googleapis.com/v1/text:synthesize?key=AIzaSyAL1mg758L1cHG-yiGo-ztfDhRXJu2jmqM
  assets\audio\es\silabas\soplar-1.mp3
    texto: 'plar'  ipa: None
    error: 400 Client Error: Bad Request for url: https://texttospeech.googleapis.com/v1/text:synthesize?key=AIzaSyAL1mg758L1cHG-yiGo-ztfDhRXJu2jmqM
  assets\audio\es\silabas\saco-0.mp3
    texto: 'sa'  ipa: None
    error: 400 Client Error: Bad Request for url: https://texttospeech.googleapis.com/v1/text:synthesize?key=AIzaSyAL1mg758L1cHG-yiGo-ztfDhRXJu2jmqM
  assets\audio\es\silabas\saco-1.mp3
    texto: 'co'  ipa: None
    error: 400 Client Error: Bad Request for url: https://texttospeech.googleapis.com/v1/text:synthesize?key=AIzaSyAL1mg758L1cHG-yiGo-ztfDhRXJu2jmqM
  assets\audio\es\silabas\tigre-0.mp3
    texto: 'ti'  ipa: None
    error: 400 Client Error: Bad Request for url: https://texttospeech.googleapis.com/v1/text:synthesize?key=AIzaSyAL1mg758L1cHG-yiGo-ztfDhRXJu2jmqM
  assets\audio\es\silabas\tigre-1.mp3
    texto: 'xgre'  ipa: 'gɾe'
    error: 400 Client Error: Bad Request for url: https://texttospeech.googleapis.com/v1/text:synthesize?key=AIzaSyAL1mg758L1cHG-yiGo-ztfDhRXJu2jmqM
  assets\audio\es\silabas\tren-0.mp3
    texto: 'tren'  ipa: None
    error: 400 Client Error: Bad Request for url: https://texttospeech.googleapis.com/v1/text:synthesize?key=AIzaSyAL1mg758L1cHG-yiGo-ztfDhRXJu2jmqM
  assets\audio\es\silabas\tortuga-0.mp3
    texto: 'tor'  ipa: None
    error: 400 Client Error: Bad Request for url: https://texttospeech.googleapis.com/v1/text:synthesize?key=AIzaSyAL1mg758L1cHG-yiGo-ztfDhRXJu2jmqM
  assets\audio\es\silabas\tortuga-1.mp3
    texto: 'tu'  ipa: None
    error: 400 Client Error: Bad Request for url: https://texttospeech.googleapis.com/v1/text:synthesize?key=AIzaSyAL1mg758L1cHG-yiGo-ztfDhRXJu2jmqM
  assets\audio\es\silabas\tortuga-2.mp3
    texto: 'ga'  ipa: None
    error: 400 Client Error: Bad Request for url: https://texttospeech.googleapis.com/v1/text:synthesize?key=AIzaSyAL1mg758L1cHG-yiGo-ztfDhRXJu2jmqM
  assets\audio\es\silabas\taza-0.mp3
    texto: 'ta'  ipa: None
    error: 400 Client Error: Bad Request for url: https://texttospeech.googleapis.com/v1/text:synthesize?key=AIzaSyAL1mg758L1cHG-yiGo-ztfDhRXJu2jmqM
  assets\audio\es\silabas\taza-1.mp3
    texto: 'za'  ipa: None
    error: 400 Client Error: Bad Request for url: https://texttospeech.googleapis.com/v1/text:synthesize?key=AIzaSyAL1mg758L1cHG-yiGo-ztfDhRXJu2jmqM
  assets\audio\es\silabas\tijeras-0.mp3
    texto: 'ti'  ipa: None
    error: 400 Client Error: Bad Request for url: https://texttospeech.googleapis.com/v1/text:synthesize?key=AIzaSyAL1mg758L1cHG-yiGo-ztfDhRXJu2jmqM
  assets\audio\es\silabas\tijeras-1.mp3
    texto: 'xje'  ipa: 'xe'
    error: 400 Client Error: Bad Request for url: https://texttospeech.googleapis.com/v1/text:synthesize?key=AIzaSyAL1mg758L1cHG-yiGo-ztfDhRXJu2jmqM
  assets\audio\es\silabas\tijeras-2.mp3
    texto: 'ras'  ipa: 'ɾas'
    error: 400 Client Error: Bad Request for url: https://texttospeech.googleapis.com/v1/text:synthesize?key=AIzaSyAL1mg758L1cHG-yiGo-ztfDhRXJu2jmqM
  assets\audio\es\silabas\tomate-0.mp3
    texto: 'xto'  ipa: 'to'
    error: 400 Client Error: Bad Request for url: https://texttospeech.googleapis.com/v1/text:synthesize?key=AIzaSyAL1mg758L1cHG-yiGo-ztfDhRXJu2jmqM
  assets\audio\es\silabas\tomate-1.mp3
    texto: 'ma'  ipa: None
    error: 400 Client Error: Bad Request for url: https://texttospeech.googleapis.com/v1/text:synthesize?key=AIzaSyAL1mg758L1cHG-yiGo-ztfDhRXJu2jmqM
  assets\audio\es\silabas\tomate-2.mp3
    texto: 'te'  ipa: None
    error: 400 Client Error: Bad Request for url: https://texttospeech.googleapis.com/v1/text:synthesize?key=AIzaSyAL1mg758L1cHG-yiGo-ztfDhRXJu2jmqM
  assets\audio\es\silabas\tubo-0.mp3
    texto: 'tu'  ipa: None
    error: 400 Client Error: Bad Request for url: https://texttospeech.googleapis.com/v1/text:synthesize?key=AIzaSyAL1mg758L1cHG-yiGo-ztfDhRXJu2jmqM
  assets\audio\es\silabas\tubo-1.mp3
    texto: 'bo'  ipa: None
    error: 400 Client Error: Bad Request for url: https://texttospeech.googleapis.com/v1/text:synthesize?key=AIzaSyAL1mg758L1cHG-yiGo-ztfDhRXJu2jmqM
  assets\audio\es\silabas\tambor-0.mp3
    texto: 'tam'  ipa: None
    error: 400 Client Error: Bad Request for url: https://texttospeech.googleapis.com/v1/text:synthesize?key=AIzaSyAL1mg758L1cHG-yiGo-ztfDhRXJu2jmqM
  assets\audio\es\silabas\tambor-1.mp3
    texto: 'bor'  ipa: None
    error: 400 Client Error: Bad Request for url: https://texttospeech.googleapis.com/v1/text:synthesize?key=AIzaSyAL1mg758L1cHG-yiGo-ztfDhRXJu2jmqM
  assets\audio\es\silabas\tiburon-0.mp3
    texto: 'ti'  ipa: None
    error: 400 Client Error: Bad Request for url: https://texttospeech.googleapis.com/v1/text:synthesize?key=AIzaSyAL1mg758L1cHG-yiGo-ztfDhRXJu2jmqM
  assets\audio\es\silabas\tiburon-1.mp3
    texto: 'bu'  ipa: None
    error: 400 Client Error: Bad Request for url: https://texttospeech.googleapis.com/v1/text:synthesize?key=AIzaSyAL1mg758L1cHG-yiGo-ztfDhRXJu2jmqM
  assets\audio\es\silabas\tiburon-2.mp3
    texto: 'rón'  ipa: 'ɾón'
    error: 400 Client Error: Bad Request for url: https://texttospeech.googleapis.com/v1/text:synthesize?key=AIzaSyAL1mg758L1cHG-yiGo-ztfDhRXJu2jmqM
  assets\audio\es\silabas\uva-0.mp3
    texto: 'u'  ipa: None
    error: 400 Client Error: Bad Request for url: https://texttospeech.googleapis.com/v1/text:synthesize?key=AIzaSyAL1mg758L1cHG-yiGo-ztfDhRXJu2jmqM
  assets\audio\es\silabas\uva-1.mp3
    texto: 'va'  ipa: None
    error: 400 Client Error: Bad Request for url: https://texttospeech.googleapis.com/v1/text:synthesize?key=AIzaSyAL1mg758L1cHG-yiGo-ztfDhRXJu2jmqM
  assets\audio\es\silabas\unicornio-0.mp3
    texto: 'u'  ipa: None
    error: 400 Client Error: Bad Request for url: https://texttospeech.googleapis.com/v1/text:synthesize?key=AIzaSyAL1mg758L1cHG-yiGo-ztfDhRXJu2jmqM
  assets\audio\es\silabas\unicornio-1.mp3
    texto: 'ni'  ipa: None
    error: 400 Client Error: Bad Request for url: https://texttospeech.googleapis.com/v1/text:synthesize?key=AIzaSyAL1mg758L1cHG-yiGo-ztfDhRXJu2jmqM
  assets\audio\es\silabas\unicornio-2.mp3
    texto: 'cor'  ipa: None
    error: 400 Client Error: Bad Request for url: https://texttospeech.googleapis.com/v1/text:synthesize?key=AIzaSyAL1mg758L1cHG-yiGo-ztfDhRXJu2jmqM
  assets\audio\es\silabas\unicornio-3.mp3
    texto: 'nio'  ipa: None
    error: 400 Client Error: Bad Request for url: https://texttospeech.googleapis.com/v1/text:synthesize?key=AIzaSyAL1mg758L1cHG-yiGo-ztfDhRXJu2jmqM
  assets\audio\es\silabas\ukelele-0.mp3
    texto: 'u'  ipa: None
    error: 400 Client Error: Bad Request for url: https://texttospeech.googleapis.com/v1/text:synthesize?key=AIzaSyAL1mg758L1cHG-yiGo-ztfDhRXJu2jmqM
  assets\audio\es\silabas\ukelele-1.mp3
    texto: 'ke'  ipa: None
    error: 400 Client Error: Bad Request for url: https://texttospeech.googleapis.com/v1/text:synthesize?key=AIzaSyAL1mg758L1cHG-yiGo-ztfDhRXJu2jmqM
  assets\audio\es\silabas\ukelele-2.mp3
    texto: 'le'  ipa: None
    error: 400 Client Error: Bad Request for url: https://texttospeech.googleapis.com/v1/text:synthesize?key=AIzaSyAL1mg758L1cHG-yiGo-ztfDhRXJu2jmqM
  assets\audio\es\silabas\ukelele-3.mp3
    texto: 'le'  ipa: None
    error: 400 Client Error: Bad Request for url: https://texttospeech.googleapis.com/v1/text:synthesize?key=AIzaSyAL1mg758L1cHG-yiGo-ztfDhRXJu2jmqM
  assets\audio\es\silabas\vaca-0.mp3
    texto: 'va'  ipa: None
    error: 400 Client Error: Bad Request for url: https://texttospeech.googleapis.com/v1/text:synthesize?key=AIzaSyAL1mg758L1cHG-yiGo-ztfDhRXJu2jmqM
  assets\audio\es\silabas\vaca-1.mp3
    texto: 'ca'  ipa: None
    error: 400 Client Error: Bad Request for url: https://texttospeech.googleapis.com/v1/text:synthesize?key=AIzaSyAL1mg758L1cHG-yiGo-ztfDhRXJu2jmqM
  assets\audio\es\silabas\volcan-0.mp3
    texto: 'xvol'  ipa: 'bol'
    error: 400 Client Error: Bad Request for url: https://texttospeech.googleapis.com/v1/text:synthesize?key=AIzaSyAL1mg758L1cHG-yiGo-ztfDhRXJu2jmqM
  assets\audio\es\silabas\volcan-1.mp3
    texto: 'cán'  ipa: None
    error: 400 Client Error: Bad Request for url: https://texttospeech.googleapis.com/v1/text:synthesize?key=AIzaSyAL1mg758L1cHG-yiGo-ztfDhRXJu2jmqM
  assets\audio\es\silabas\violin-0.mp3
    texto: 'vio'  ipa: None
    error: 400 Client Error: Bad Request for url: https://texttospeech.googleapis.com/v1/text:synthesize?key=AIzaSyAL1mg758L1cHG-yiGo-ztfDhRXJu2jmqM
  assets\audio\es\silabas\violin-1.mp3
    texto: 'lín'  ipa: None
    error: 400 Client Error: Bad Request for url: https://texttospeech.googleapis.com/v1/text:synthesize?key=AIzaSyAL1mg758L1cHG-yiGo-ztfDhRXJu2jmqM
  assets\audio\es\silabas\vela-0.mp3
    texto: 've'  ipa: None
    error: 400 Client Error: Bad Request for url: https://texttospeech.googleapis.com/v1/text:synthesize?key=AIzaSyAL1mg758L1cHG-yiGo-ztfDhRXJu2jmqM
  assets\audio\es\silabas\vela-1.mp3
    texto: 'la'  ipa: None
    error: 400 Client Error: Bad Request for url: https://texttospeech.googleapis.com/v1/text:synthesize?key=AIzaSyAL1mg758L1cHG-yiGo-ztfDhRXJu2jmqM
  assets\audio\es\silabas\ventana-0.mp3
    texto: 'ven'  ipa: None
    error: 400 Client Error: Bad Request for url: https://texttospeech.googleapis.com/v1/text:synthesize?key=AIzaSyAL1mg758L1cHG-yiGo-ztfDhRXJu2jmqM
  assets\audio\es\silabas\ventana-1.mp3
    texto: 'ta'  ipa: None
    error: 400 Client Error: Bad Request for url: https://texttospeech.googleapis.com/v1/text:synthesize?key=AIzaSyAL1mg758L1cHG-yiGo-ztfDhRXJu2jmqM
  assets\audio\es\silabas\ventana-2.mp3
    texto: 'na'  ipa: None
    error: 400 Client Error: Bad Request for url: https://texttospeech.googleapis.com/v1/text:synthesize?key=AIzaSyAL1mg758L1cHG-yiGo-ztfDhRXJu2jmqM
  assets\audio\es\silabas\vestido-0.mp3
    texto: 'ves'  ipa: None
    error: 400 Client Error: Bad Request for url: https://texttospeech.googleapis.com/v1/text:synthesize?key=AIzaSyAL1mg758L1cHG-yiGo-ztfDhRXJu2jmqM
  assets\audio\es\silabas\vestido-1.mp3
    texto: 'ti'  ipa: None
    error: 400 Client Error: Bad Request for url: https://texttospeech.googleapis.com/v1/text:synthesize?key=AIzaSyAL1mg758L1cHG-yiGo-ztfDhRXJu2jmqM
  assets\audio\es\silabas\vestido-2.mp3
    texto: 'do'  ipa: None
    error: 400 Client Error: Bad Request for url: https://texttospeech.googleapis.com/v1/text:synthesize?key=AIzaSyAL1mg758L1cHG-yiGo-ztfDhRXJu2jmqM
  assets\audio\es\silabas\vaso-0.mp3
    texto: 'va'  ipa: None
    error: 400 Client Error: Bad Request for url: https://texttospeech.googleapis.com/v1/text:synthesize?key=AIzaSyAL1mg758L1cHG-yiGo-ztfDhRXJu2jmqM
  assets\audio\es\silabas\vaso-1.mp3
    texto: 'xso'  ipa: 'so'
    error: 400 Client Error: Bad Request for url: https://texttospeech.googleapis.com/v1/text:synthesize?key=AIzaSyAL1mg758L1cHG-yiGo-ztfDhRXJu2jmqM
  assets\audio\es\silabas\volar-0.mp3
    texto: 'vo'  ipa: None
    error: 400 Client Error: Bad Request for url: https://texttospeech.googleapis.com/v1/text:synthesize?key=AIzaSyAL1mg758L1cHG-yiGo-ztfDhRXJu2jmqM
  assets\audio\es\silabas\volar-1.mp3
    texto: 'lar'  ipa: None
    error: 400 Client Error: Bad Request for url: https://texttospeech.googleapis.com/v1/text:synthesize?key=AIzaSyAL1mg758L1cHG-yiGo-ztfDhRXJu2jmqM
  assets\audio\es\silabas\waffle-0.mp3
    texto: 'waf'  ipa: None
    error: 400 Client Error: Bad Request for url: https://texttospeech.googleapis.com/v1/text:synthesize?key=AIzaSyAL1mg758L1cHG-yiGo-ztfDhRXJu2jmqM
  assets\audio\es\silabas\waffle-1.mp3
    texto: 'fle'  ipa: None
    error: 400 Client Error: Bad Request for url: https://texttospeech.googleapis.com/v1/text:synthesize?key=AIzaSyAL1mg758L1cHG-yiGo-ztfDhRXJu2jmqM
  assets\audio\es\silabas\wonton-0.mp3
    texto: 'won'  ipa: None
    error: 400 Client Error: Bad Request for url: https://texttospeech.googleapis.com/v1/text:synthesize?key=AIzaSyAL1mg758L1cHG-yiGo-ztfDhRXJu2jmqM
  assets\audio\es\silabas\wonton-1.mp3
    texto: 'ton'  ipa: None
    error: 400 Client Error: Bad Request for url: https://texttospeech.googleapis.com/v1/text:synthesize?key=AIzaSyAL1mg758L1cHG-yiGo-ztfDhRXJu2jmqM
  assets\audio\es\silabas\xilofono-0.mp3
    texto: 'xi'  ipa: None
    error: 400 Client Error: Bad Request for url: https://texttospeech.googleapis.com/v1/text:synthesize?key=AIzaSyAL1mg758L1cHG-yiGo-ztfDhRXJu2jmqM
  assets\audio\es\silabas\xilofono-1.mp3
    texto: 'lo'  ipa: None
    error: 400 Client Error: Bad Request for url: https://texttospeech.googleapis.com/v1/text:synthesize?key=AIzaSyAL1mg758L1cHG-yiGo-ztfDhRXJu2jmqM
  assets\audio\es\silabas\xilofono-2.mp3
    texto: 'fo'  ipa: None
    error: 400 Client Error: Bad Request for url: https://texttospeech.googleapis.com/v1/text:synthesize?key=AIzaSyAL1mg758L1cHG-yiGo-ztfDhRXJu2jmqM
  assets\audio\es\silabas\xilofono-3.mp3
    texto: 'no'  ipa: None
    error: 400 Client Error: Bad Request for url: https://texttospeech.googleapis.com/v1/text:synthesize?key=AIzaSyAL1mg758L1cHG-yiGo-ztfDhRXJu2jmqM
  assets\audio\es\silabas\xochimilco-0.mp3
    texto: 'so'  ipa: None
    error: 400 Client Error: Bad Request for url: https://texttospeech.googleapis.com/v1/text:synthesize?key=AIzaSyAL1mg758L1cHG-yiGo-ztfDhRXJu2jmqM
  assets\audio\es\silabas\xochimilco-1.mp3
    texto: 'chi'  ipa: None
    error: 400 Client Error: Bad Request for url: https://texttospeech.googleapis.com/v1/text:synthesize?key=AIzaSyAL1mg758L1cHG-yiGo-ztfDhRXJu2jmqM
  assets\audio\es\silabas\xochimilco-2.mp3
    texto: 'mil'  ipa: None
    error: 400 Client Error: Bad Request for url: https://texttospeech.googleapis.com/v1/text:synthesize?key=AIzaSyAL1mg758L1cHG-yiGo-ztfDhRXJu2jmqM
  assets\audio\es\silabas\xochimilco-3.mp3
    texto: 'co'  ipa: None
    error: 400 Client Error: Bad Request for url: https://texttospeech.googleapis.com/v1/text:synthesize?key=AIzaSyAL1mg758L1cHG-yiGo-ztfDhRXJu2jmqM
  assets\audio\es\silabas\yoyo-0.mp3
    texto: 'yo'  ipa: None
    error: 400 Client Error: Bad Request for url: https://texttospeech.googleapis.com/v1/text:synthesize?key=AIzaSyAL1mg758L1cHG-yiGo-ztfDhRXJu2jmqM
  assets\audio\es\silabas\yoyo-1.mp3
    texto: 'yo'  ipa: None
    error: 400 Client Error: Bad Request for url: https://texttospeech.googleapis.com/v1/text:synthesize?key=AIzaSyAL1mg758L1cHG-yiGo-ztfDhRXJu2jmqM
  assets\audio\es\silabas\yate-0.mp3
    texto: 'ya'  ipa: None
    error: 400 Client Error: Bad Request for url: https://texttospeech.googleapis.com/v1/text:synthesize?key=AIzaSyAL1mg758L1cHG-yiGo-ztfDhRXJu2jmqM
  assets\audio\es\silabas\yegua-0.mp3
    texto: 'ye'  ipa: None
    error: 400 Client Error: Bad Request for url: https://texttospeech.googleapis.com/v1/text:synthesize?key=AIzaSyAL1mg758L1cHG-yiGo-ztfDhRXJu2jmqM
  assets\audio\es\silabas\yate-1.mp3
    texto: 'te'  ipa: None
    error: 400 Client Error: Bad Request for url: https://texttospeech.googleapis.com/v1/text:synthesize?key=AIzaSyAL1mg758L1cHG-yiGo-ztfDhRXJu2jmqM
  assets\audio\es\silabas\yegua-1.mp3
    texto: 'gua'  ipa: None
    error: 400 Client Error: Bad Request for url: https://texttospeech.googleapis.com/v1/text:synthesize?key=AIzaSyAL1mg758L1cHG-yiGo-ztfDhRXJu2jmqM
  assets\audio\es\silabas\zapato-0.mp3
    texto: 'za'  ipa: None
    error: 400 Client Error: Bad Request for url: https://texttospeech.googleapis.com/v1/text:synthesize?key=AIzaSyAL1mg758L1cHG-yiGo-ztfDhRXJu2jmqM
  assets\audio\es\silabas\zapato-1.mp3
    texto: 'pa'  ipa: None
    error: 400 Client Error: Bad Request for url: https://texttospeech.googleapis.com/v1/text:synthesize?key=AIzaSyAL1mg758L1cHG-yiGo-ztfDhRXJu2jmqM
  assets\audio\es\silabas\zorro-0.mp3
    texto: 'zo'  ipa: None
    error: 400 Client Error: Bad Request for url: https://texttospeech.googleapis.com/v1/text:synthesize?key=AIzaSyAL1mg758L1cHG-yiGo-ztfDhRXJu2jmqM
  assets\audio\es\silabas\zapato-2.mp3
    texto: 'xto'  ipa: 'to'
    error: 400 Client Error: Bad Request for url: https://texttospeech.googleapis.com/v1/text:synthesize?key=AIzaSyAL1mg758L1cHG-yiGo-ztfDhRXJu2jmqM
  assets\audio\es\silabas\zorro-1.mp3
    texto: 'rro'  ipa: None
    error: 400 Client Error: Bad Request for url: https://texttospeech.googleapis.com/v1/text:synthesize?key=AIzaSyAL1mg758L1cHG-yiGo-ztfDhRXJu2jmqM
  assets\audio\es\silabas\zanahoria-0.mp3
    texto: 'za'  ipa: None
    error: 400 Client Error: Bad Request for url: https://texttospeech.googleapis.com/v1/text:synthesize?key=AIzaSyAL1mg758L1cHG-yiGo-ztfDhRXJu2jmqM
  assets\audio\es\silabas\zanahoria-1.mp3
    texto: 'na'  ipa: None
    error: 400 Client Error: Bad Request for url: https://texttospeech.googleapis.com/v1/text:synthesize?key=AIzaSyAL1mg758L1cHG-yiGo-ztfDhRXJu2jmqM
  assets\audio\es\silabas\zanahoria-2.mp3
    texto: 'o'  ipa: None
    error: 400 Client Error: Bad Request for url: https://texttospeech.googleapis.com/v1/text:synthesize?key=AIzaSyAL1mg758L1cHG-yiGo-ztfDhRXJu2jmqM
  assets\audio\es\silabas\zanahoria-3.mp3
    texto: 'ria'  ipa: 'ɾia'
    error: 400 Client Error: Bad Request for url: https://texttospeech.googleapis.com/v1/text:synthesize?key=AIzaSyAL1mg758L1cHG-yiGo-ztfDhRXJu2jmqM
  assets\audio\es\silabas\zoologico-0.mp3
    texto: 'zo'  ipa: None
    error: 400 Client Error: Bad Request for url: https://texttospeech.googleapis.com/v1/text:synthesize?key=AIzaSyAL1mg758L1cHG-yiGo-ztfDhRXJu2jmqM
  assets\audio\es\silabas\zoologico-1.mp3
    texto: 'o'  ipa: None
    error: 400 Client Error: Bad Request for url: https://texttospeech.googleapis.com/v1/text:synthesize?key=AIzaSyAL1mg758L1cHG-yiGo-ztfDhRXJu2jmqM
  assets\audio\es\silabas\zoologico-2.mp3
    texto: 'lo'  ipa: None
    error: 400 Client Error: Bad Request for url: https://texttospeech.googleapis.com/v1/text:synthesize?key=AIzaSyAL1mg758L1cHG-yiGo-ztfDhRXJu2jmqM
  assets\audio\es\silabas\rapido-0.mp3
    texto: 'rá'  ipa: None
    error: 400 Client Error: Bad Request for url: https://texttospeech.googleapis.com/v1/text:synthesize?key=AIzaSyAL1mg758L1cHG-yiGo-ztfDhRXJu2jmqM
  assets\audio\es\silabas\zoologico-4.mp3
    texto: 'co'  ipa: None
    error: 400 Client Error: Bad Request for url: https://texttospeech.googleapis.com/v1/text:synthesize?key=AIzaSyAL1mg758L1cHG-yiGo-ztfDhRXJu2jmqM
  assets\audio\es\silabas\zoologico-3.mp3
    texto: 'gi'  ipa: None
    error: 400 Client Error: Bad Request for url: https://texttospeech.googleapis.com/v1/text:synthesize?key=AIzaSyAL1mg758L1cHG-yiGo-ztfDhRXJu2jmqM
  assets\audio\es\silabas\rapido-1.mp3
    texto: 'pi'  ipa: None
    error: 400 Client Error: Bad Request for url: https://texttospeech.googleapis.com/v1/text:synthesize?key=AIzaSyAL1mg758L1cHG-yiGo-ztfDhRXJu2jmqM
  assets\audio\es\silabas\rapido-2.mp3
    texto: 'do'  ipa: None
    error: 400 Client Error: Bad Request for url: https://texttospeech.googleapis.com/v1/text:synthesize?key=AIzaSyAL1mg758L1cHG-yiGo-ztfDhRXJu2jmqM
  assets\audio\es\silabas\suki-0.mp3
    texto: 'su'  ipa: None
    error: 400 Client Error: Bad Request for url: https://texttospeech.googleapis.com/v1/text:synthesize?key=AIzaSyAL1mg758L1cHG-yiGo-ztfDhRXJu2jmqM
  assets\audio\es\silabas\rojo-color-0.mp3
    texto: 'ro'  ipa: None
    error: 400 Client Error: Bad Request for url: https://texttospeech.googleapis.com/v1/text:synthesize?key=AIzaSyAL1mg758L1cHG-yiGo-ztfDhRXJu2jmqM
  assets\audio\es\silabas\rojo-color-1.mp3
    texto: 'ja'  ipa: None
    error: 400 Client Error: Bad Request for url: https://texttospeech.googleapis.com/v1/text:synthesize?key=AIzaSyAL1mg758L1cHG-yiGo-ztfDhRXJu2jmqM
  assets\audio\es\silabas\suki-1.mp3
    texto: 'ki'  ipa: None
    error: 400 Client Error: Bad Request for url: https://texttospeech.googleapis.com/v1/text:synthesize?key=AIzaSyAL1mg758L1cHG-yiGo-ztfDhRXJu2jmqM
  assets\audio\es\silabas\no-0.mp3
    texto: 'no'  ipa: None
    error: 400 Client Error: Bad Request for url: https://texttospeech.googleapis.com/v1/text:synthesize?key=AIzaSyAL1mg758L1cHG-yiGo-ztfDhRXJu2jmqM
  assets\audio\es\silabas\tienes-1.mp3
    texto: 'nes'  ipa: None
    error: 400 Client Error: Bad Request for url: https://texttospeech.googleapis.com/v1/text:synthesize?key=AIzaSyAL1mg758L1cHG-yiGo-ztfDhRXJu2jmqM
  assets\audio\es\silabas\hambre-0.mp3
    texto: 'am'  ipa: None
    error: 400 Client Error: Bad Request for url: https://texttospeech.googleapis.com/v1/text:synthesize?key=AIzaSyAL1mg758L1cHG-yiGo-ztfDhRXJu2jmqM
  assets\audio\es\silabas\tienes-0.mp3
    texto: 'xtie'  ipa: 'tje'
    error: 400 Client Error: Bad Request for url: https://texttospeech.googleapis.com/v1/text:synthesize?key=AIzaSyAL1mg758L1cHG-yiGo-ztfDhRXJu2jmqM
  assets\audio\es\silabas\hambre-1.mp3
    texto: 'bre'  ipa: None
    error: 400 Client Error: Bad Request for url: https://texttospeech.googleapis.com/v1/text:synthesize?key=AIzaSyAL1mg758L1cHG-yiGo-ztfDhRXJu2jmqM
  assets\audio\es\silabas\dano-0.mp3
    texto: 'da'  ipa: None
    error: 400 Client Error: Bad Request for url: https://texttospeech.googleapis.com/v1/text:synthesize?key=AIzaSyAL1mg758L1cHG-yiGo-ztfDhRXJu2jmqM
  assets\audio\es\silabas\dano-1.mp3
    texto: 'ño'  ipa: None
    error: 400 Client Error: Bad Request for url: https://texttospeech.googleapis.com/v1/text:synthesize?key=AIzaSyAL1mg758L1cHG-yiGo-ztfDhRXJu2jmqM
  assets\audio\es\silabas\sueno-0.mp3
    texto: 'xsue'  ipa: 'swe'
    error: 400 Client Error: Bad Request for url: https://texttospeech.googleapis.com/v1/text:synthesize?key=AIzaSyAL1mg758L1cHG-yiGo-ztfDhRXJu2jmqM
  assets\audio\es\silabas\sueno-1.mp3
    texto: 'ño'  ipa: None
    error: 400 Client Error: Bad Request for url: https://texttospeech.googleapis.com/v1/text:synthesize?key=AIzaSyAL1mg758L1cHG-yiGo-ztfDhRXJu2jmqM
  assets\audio\es\silabas\cielo-0.mp3
    texto: 'cie'  ipa: None
    error: 400 Client Error: Bad Request for url: https://texttospeech.googleapis.com/v1/text:synthesize?key=AIzaSyAL1mg758L1cHG-yiGo-ztfDhRXJu2jmqM
  assets\audio\es\silabas\cielo-1.mp3
    texto: 'lo'  ipa: None
    error: 400 Client Error: Bad Request for url: https://texttospeech.googleapis.com/v1/text:synthesize?key=AIzaSyAL1mg758L1cHG-yiGo-ztfDhRXJu2jmqM
  assets\audio\es\silabas\duerme-0.mp3
    texto: 'duer'  ipa: None
    error: 400 Client Error: Bad Request for url: https://texttospeech.googleapis.com/v1/text:synthesize?key=AIzaSyAL1mg758L1cHG-yiGo-ztfDhRXJu2jmqM
  assets\audio\es\silabas\pio-0.mp3
    texto: 'pí'  ipa: None
    error: 400 Client Error: Bad Request for url: https://texttospeech.googleapis.com/v1/text:synthesize?key=AIzaSyAL1mg758L1cHG-yiGo-ztfDhRXJu2jmqM
  assets\audio\es\silabas\duerme-1.mp3
    texto: 'me'  ipa: None
    error: 400 Client Error: Bad Request for url: https://texttospeech.googleapis.com/v1/text:synthesize?key=AIzaSyAL1mg758L1cHG-yiGo-ztfDhRXJu2jmqM
  assets\audio\es\silabas\pio-1.mp3
    texto: 'o'  ipa: None
    error: 400 Client Error: Bad Request for url: https://texttospeech.googleapis.com/v1/text:synthesize?key=AIzaSyAL1mg758L1cHG-yiGo-ztfDhRXJu2jmqM
  assets\audio\es\silabas\llorando-0.mp3
    texto: 'llo'  ipa: None
    error: 400 Client Error: Bad Request for url: https://texttospeech.googleapis.com/v1/text:synthesize?key=AIzaSyAL1mg758L1cHG-yiGo-ztfDhRXJu2jmqM
  assets\audio\es\silabas\llorando-1.mp3
    texto: 'ran'  ipa: 'ɾan'
    error: 400 Client Error: Bad Request for url: https://texttospeech.googleapis.com/v1/text:synthesize?key=AIzaSyAL1mg758L1cHG-yiGo-ztfDhRXJu2jmqM
  assets\audio\es\silabas\semillas-0.mp3
    texto: 'se'  ipa: None
    error: 400 Client Error: Bad Request for url: https://texttospeech.googleapis.com/v1/text:synthesize?key=AIzaSyAL1mg758L1cHG-yiGo-ztfDhRXJu2jmqM
  assets\audio\es\silabas\llorando-2.mp3
    texto: 'do'  ipa: None
    error: 400 Client Error: Bad Request for url: https://texttospeech.googleapis.com/v1/text:synthesize?key=AIzaSyAL1mg758L1cHG-yiGo-ztfDhRXJu2jmqM
  assets\audio\es\silabas\semillas-1.mp3
    texto: 'mi'  ipa: None
    error: 400 Client Error: Bad Request for url: https://texttospeech.googleapis.com/v1/text:synthesize?key=AIzaSyAL1mg758L1cHG-yiGo-ztfDhRXJu2jmqM
  assets\audio\es\silabas\semillas-2.mp3
    texto: 'llas'  ipa: None
    error: 400 Client Error: Bad Request for url: https://texttospeech.googleapis.com/v1/text:synthesize?key=AIzaSyAL1mg758L1cHG-yiGo-ztfDhRXJu2jmqM
  assets\audio\es\silabas\afuera-0.mp3
    texto: 'a'  ipa: None
    error: 400 Client Error: Bad Request for url: https://texttospeech.googleapis.com/v1/text:synthesize?key=AIzaSyAL1mg758L1cHG-yiGo-ztfDhRXJu2jmqM
  assets\audio\es\silabas\afuera-2.mp3
    texto: 'ra'  ipa: 'ɾa'
    error: 400 Client Error: Bad Request for url: https://texttospeech.googleapis.com/v1/text:synthesize?key=AIzaSyAL1mg758L1cHG-yiGo-ztfDhRXJu2jmqM
  assets\audio\es\silabas\afuera-1.mp3
    texto: 'fue'  ipa: None
    error: 400 Client Error: Bad Request for url: https://texttospeech.googleapis.com/v1/text:synthesize?key=AIzaSyAL1mg758L1cHG-yiGo-ztfDhRXJu2jmqM
  assets\audio\es\silabas\burbujas-0.mp3
    texto: 'bur'  ipa: None
    error: 400 Client Error: Bad Request for url: https://texttospeech.googleapis.com/v1/text:synthesize?key=AIzaSyAL1mg758L1cHG-yiGo-ztfDhRXJu2jmqM
  assets\audio\es\silabas\burbujas-1.mp3
    texto: 'bu'  ipa: None
    error: 400 Client Error: Bad Request for url: https://texttospeech.googleapis.com/v1/text:synthesize?key=AIzaSyAL1mg758L1cHG-yiGo-ztfDhRXJu2jmqM
  assets\audio\es\silabas\burbujas-2.mp3
    texto: 'jas'  ipa: None
    error: 400 Client Error: Bad Request for url: https://texttospeech.googleapis.com/v1/text:synthesize?key=AIzaSyAL1mg758L1cHG-yiGo-ztfDhRXJu2jmqM
  assets\audio\es\silabas\comer-0.mp3
    texto: 'co'  ipa: None
    error: 400 Client Error: Bad Request for url: https://texttospeech.googleapis.com/v1/text:synthesize?key=AIzaSyAL1mg758L1cHG-yiGo-ztfDhRXJu2jmqM
  assets\audio\es\silabas\comer-1.mp3
    texto: 'mer'  ipa: None
    error: 400 Client Error: Bad Request for url: https://texttospeech.googleapis.com/v1/text:synthesize?key=AIzaSyAL1mg758L1cHG-yiGo-ztfDhRXJu2jmqM
  assets\audio\es\silabas\dormir-0.mp3
    texto: 'dor'  ipa: None
    error: 400 Client Error: Bad Request for url: https://texttospeech.googleapis.com/v1/text:synthesize?key=AIzaSyAL1mg758L1cHG-yiGo-ztfDhRXJu2jmqM
  assets\audio\es\silabas\dormir-1.mp3
    texto: 'mir'  ipa: None
    error: 400 Client Error: Bad Request for url: https://texttospeech.googleapis.com/v1/text:synthesize?key=AIzaSyAL1mg758L1cHG-yiGo-ztfDhRXJu2jmqM
  assets\audio\es\silabas\nosotros-0.mp3
    texto: 'no'  ipa: None
    error: 400 Client Error: Bad Request for url: https://texttospeech.googleapis.com/v1/text:synthesize?key=AIzaSyAL1mg758L1cHG-yiGo-ztfDhRXJu2jmqM
  assets\audio\es\silabas\nosotros-1.mp3
    texto: 'xso'  ipa: 'so'
    error: 400 Client Error: Bad Request for url: https://texttospeech.googleapis.com/v1/text:synthesize?key=AIzaSyAL1mg758L1cHG-yiGo-ztfDhRXJu2jmqM
  assets\audio\es\silabas\curamos-0.mp3
    texto: 'cú'  ipa: None
    error: 400 Client Error: Bad Request for url: https://texttospeech.googleapis.com/v1/text:synthesize?key=AIzaSyAL1mg758L1cHG-yiGo-ztfDhRXJu2jmqM
  assets\audio\es\silabas\nosotros-2.mp3
    texto: 'tros'  ipa: None
    error: 400 Client Error: Bad Request for url: https://texttospeech.googleapis.com/v1/text:synthesize?key=AIzaSyAL1mg758L1cHG-yiGo-ztfDhRXJu2jmqM
  assets\audio\es\silabas\curamos-1.mp3
    texto: 'ra'  ipa: 'ɾa'
    error: 400 Client Error: Bad Request for url: https://texttospeech.googleapis.com/v1/text:synthesize?key=AIzaSyAL1mg758L1cHG-yiGo-ztfDhRXJu2jmqM
  assets\audio\es\silabas\curamos-2.mp3
    texto: 'mos'  ipa: None
    error: 400 Client Error: Bad Request for url: https://texttospeech.googleapis.com/v1/text:synthesize?key=AIzaSyAL1mg758L1cHG-yiGo-ztfDhRXJu2jmqM
  assets\audio\es\silabas\negro-color-0.mp3
    texto: 'ne'  ipa: None
    error: 400 Client Error: Bad Request for url: https://texttospeech.googleapis.com/v1/text:synthesize?key=AIzaSyAL1mg758L1cHG-yiGo-ztfDhRXJu2jmqM
  assets\audio\es\silabas\negro-color-1.mp3
    texto: 'gro'  ipa: None
    error: 400 Client Error: Bad Request for url: https://texttospeech.googleapis.com/v1/text:synthesize?key=AIzaSyAL1mg758L1cHG-yiGo-ztfDhRXJu2jmqM
  assets\audio\es\silabas\aguila-0.mp3
    texto: 'á'  ipa: None
    error: 400 Client Error: Bad Request for url: https://texttospeech.googleapis.com/v1/text:synthesize?key=AIzaSyAL1mg758L1cHG-yiGo-ztfDhRXJu2jmqM
  assets\audio\es\silabas\aguila-1.mp3
    texto: 'gui'  ipa: None
    error: 400 Client Error: Bad Request for url: https://texttospeech.googleapis.com/v1/text:synthesize?key=AIzaSyAL1mg758L1cHG-yiGo-ztfDhRXJu2jmqM
  assets\audio\es\silabas\aguila-2.mp3
    texto: 'la'  ipa: None
    error: 400 Client Error: Bad Request for url: https://texttospeech.googleapis.com/v1/text:synthesize?key=AIzaSyAL1mg758L1cHG-yiGo-ztfDhRXJu2jmqM
  assets\audio\es\silabas\mango-fruta-0.mp3
    texto: 'man'  ipa: None
    error: 400 Client Error: Bad Request for url: https://texttospeech.googleapis.com/v1/text:synthesize?key=AIzaSyAL1mg758L1cHG-yiGo-ztfDhRXJu2jmqM
  assets\audio\es\silabas\pera-1.mp3
    texto: 'ra'  ipa: 'ɾa'
    error: 400 Client Error: Bad Request for url: https://texttospeech.googleapis.com/v1/text:synthesize?key=AIzaSyAL1mg758L1cHG-yiGo-ztfDhRXJu2jmqM
  assets\audio\es\silabas\pera-0.mp3
    texto: 'pe'  ipa: None
    error: 400 Client Error: Bad Request for url: https://texttospeech.googleapis.com/v1/text:synthesize?key=AIzaSyAL1mg758L1cHG-yiGo-ztfDhRXJu2jmqM
  assets\audio\es\silabas\platano-0.mp3
    texto: 'plá'  ipa: None
    error: 400 Client Error: Bad Request for url: https://texttospeech.googleapis.com/v1/text:synthesize?key=AIzaSyAL1mg758L1cHG-yiGo-ztfDhRXJu2jmqM
  assets\audio\es\silabas\platano-1.mp3
    texto: 'ta'  ipa: None
    error: 400 Client Error: Bad Request for url: https://texttospeech.googleapis.com/v1/text:synthesize?key=AIzaSyAL1mg758L1cHG-yiGo-ztfDhRXJu2jmqM
  assets\audio\es\silabas\platano-2.mp3
    texto: 'no'  ipa: None
    error: 400 Client Error: Bad Request for url: https://texttospeech.googleapis.com/v1/text:synthesize?key=AIzaSyAL1mg758L1cHG-yiGo-ztfDhRXJu2jmqM
  assets\audio\es\silabas\melon-0.mp3
    texto: 'me'  ipa: None
    error: 400 Client Error: Bad Request for url: https://texttospeech.googleapis.com/v1/text:synthesize?key=AIzaSyAL1mg758L1cHG-yiGo-ztfDhRXJu2jmqM
  assets\audio\es\silabas\melon-1.mp3
    texto: 'lón'  ipa: None
    error: 400 Client Error: Bad Request for url: https://texttospeech.googleapis.com/v1/text:synthesize?key=AIzaSyAL1mg758L1cHG-yiGo-ztfDhRXJu2jmqM
  assets\audio\es\silabas\cereza-0.mp3
    texto: 'ce'  ipa: None
    error: 400 Client Error: Bad Request for url: https://texttospeech.googleapis.com/v1/text:synthesize?key=AIzaSyAL1mg758L1cHG-yiGo-ztfDhRXJu2jmqM
  assets\audio\es\silabas\cereza-1.mp3
    texto: 're'  ipa: 'ɾe'
    error: 400 Client Error: Bad Request for url: https://texttospeech.googleapis.com/v1/text:synthesize?key=AIzaSyAL1mg758L1cHG-yiGo-ztfDhRXJu2jmqM
  assets\audio\es\silabas\cereza-2.mp3
    texto: 'za'  ipa: None
    error: 400 Client Error: Bad Request for url: https://texttospeech.googleapis.com/v1/text:synthesize?key=AIzaSyAL1mg758L1cHG-yiGo-ztfDhRXJu2jmqM
  assets\audio\es\silabas\durazno-0.mp3
    texto: 'du'  ipa: None
    error: 400 Client Error: Bad Request for url: https://texttospeech.googleapis.com/v1/text:synthesize?key=AIzaSyAL1mg758L1cHG-yiGo-ztfDhRXJu2jmqM
  assets\audio\es\silabas\durazno-1.mp3
    texto: 'raz'  ipa: 'ɾaz'
    error: 400 Client Error: Bad Request for url: https://texttospeech.googleapis.com/v1/text:synthesize?key=AIzaSyAL1mg758L1cHG-yiGo-ztfDhRXJu2jmqM
  assets\audio\es\silabas\frambuesa-0.mp3
    texto: 'fram'  ipa: None
    error: 400 Client Error: Bad Request for url: https://texttospeech.googleapis.com/v1/text:synthesize?key=AIzaSyAL1mg758L1cHG-yiGo-ztfDhRXJu2jmqM
  assets\audio\es\silabas\durazno-2.mp3
    texto: 'no'  ipa: None
    error: 400 Client Error: Bad Request for url: https://texttospeech.googleapis.com/v1/text:synthesize?key=AIzaSyAL1mg758L1cHG-yiGo-ztfDhRXJu2jmqM
  assets\audio\es\silabas\frambuesa-1.mp3
    texto: 'bue'  ipa: None
    error: 400 Client Error: Bad Request for url: https://texttospeech.googleapis.com/v1/text:synthesize?key=AIzaSyAL1mg758L1cHG-yiGo-ztfDhRXJu2jmqM
  assets\audio\es\silabas\frambuesa-2.mp3
    texto: 'sa'  ipa: None
    error: 400 Client Error: Bad Request for url: https://texttospeech.googleapis.com/v1/text:synthesize?key=AIzaSyAL1mg758L1cHG-yiGo-ztfDhRXJu2jmqM
  assets\audio\es\silabas\mora-0.mp3
    texto: 'mo'  ipa: None
    error: 400 Client Error: Bad Request for url: https://texttospeech.googleapis.com/v1/text:synthesize?key=AIzaSyAL1mg758L1cHG-yiGo-ztfDhRXJu2jmqM
  assets\audio\es\silabas\coco-0.mp3
    texto: 'co'  ipa: None
    error: 400 Client Error: Bad Request for url: https://texttospeech.googleapis.com/v1/text:synthesize?key=AIzaSyAL1mg758L1cHG-yiGo-ztfDhRXJu2jmqM
  assets\audio\es\silabas\mora-1.mp3
    texto: 'ra'  ipa: 'ɾa'
    error: 400 Client Error: Bad Request for url: https://texttospeech.googleapis.com/v1/text:synthesize?key=AIzaSyAL1mg758L1cHG-yiGo-ztfDhRXJu2jmqM
  assets\audio\es\silabas\coco-1.mp3
    texto: 'co'  ipa: None
    error: 400 Client Error: Bad Request for url: https://texttospeech.googleapis.com/v1/text:synthesize?key=AIzaSyAL1mg758L1cHG-yiGo-ztfDhRXJu2jmqM
  assets\audio\es\silabas\papaya-0.mp3
    texto: 'pa'  ipa: None
    error: 400 Client Error: Bad Request for url: https://texttospeech.googleapis.com/v1/text:synthesize?key=AIzaSyAL1mg758L1cHG-yiGo-ztfDhRXJu2jmqM
  assets\audio\es\silabas\papaya-2.mp3
    texto: 'ya'  ipa: None
    error: 400 Client Error: Bad Request for url: https://texttospeech.googleapis.com/v1/text:synthesize?key=AIzaSyAL1mg758L1cHG-yiGo-ztfDhRXJu2jmqM
  assets\audio\es\silabas\papaya-1.mp3
    texto: 'pa'  ipa: None
    error: 400 Client Error: Bad Request for url: https://texttospeech.googleapis.com/v1/text:synthesize?key=AIzaSyAL1mg758L1cHG-yiGo-ztfDhRXJu2jmqM
  assets\audio\es\silabas\guayaba-0.mp3
    texto: 'gua'  ipa: None
    error: 400 Client Error: Bad Request for url: https://texttospeech.googleapis.com/v1/text:synthesize?key=AIzaSyAL1mg758L1cHG-yiGo-ztfDhRXJu2jmqM
  assets\audio\es\silabas\guayaba-1.mp3
    texto: 'ya'  ipa: None
    error: 400 Client Error: Bad Request for url: https://texttospeech.googleapis.com/v1/text:synthesize?key=AIzaSyAL1mg758L1cHG-yiGo-ztfDhRXJu2jmqM
  assets\audio\es\silabas\guayaba-2.mp3
    texto: 'bá'  ipa: None
    error: 400 Client Error: Bad Request for url: https://texttospeech.googleapis.com/v1/text:synthesize?key=AIzaSyAL1mg758L1cHG-yiGo-ztfDhRXJu2jmqM
  assets\audio\es\silabas\maracuya-1.mp3
    texto: 'ra'  ipa: 'ɾa'
    error: 400 Client Error: Bad Request for url: https://texttospeech.googleapis.com/v1/text:synthesize?key=AIzaSyAL1mg758L1cHG-yiGo-ztfDhRXJu2jmqM
  assets\audio\es\silabas\maracuya-2.mp3
    texto: 'cú'  ipa: None
    error: 400 Client Error: Bad Request for url: https://texttospeech.googleapis.com/v1/text:synthesize?key=AIzaSyAL1mg758L1cHG-yiGo-ztfDhRXJu2jmqM
  assets\audio\es\silabas\maracuya-0.mp3
    texto: 'ma'  ipa: None
    error: 400 Client Error: Bad Request for url: https://texttospeech.googleapis.com/v1/text:synthesize?key=AIzaSyAL1mg758L1cHG-yiGo-ztfDhRXJu2jmqM
  assets\audio\es\silabas\maracuya-3.mp3
    texto: 'yá'  ipa: None
    error: 400 Client Error: Bad Request for url: https://texttospeech.googleapis.com/v1/text:synthesize?key=AIzaSyAL1mg758L1cHG-yiGo-ztfDhRXJu2jmqM
  assets\audio\es\silabas\higo-0.mp3
    texto: 'i'  ipa: None
    error: 400 Client Error: Bad Request for url: https://texttospeech.googleapis.com/v1/text:synthesize?key=AIzaSyAL1mg758L1cHG-yiGo-ztfDhRXJu2jmqM
  assets\audio\es\silabas\ciruela-0.mp3
    texto: 'ci'  ipa: None
    error: 400 Client Error: Bad Request for url: https://texttospeech.googleapis.com/v1/text:synthesize?key=AIzaSyAL1mg758L1cHG-yiGo-ztfDhRXJu2jmqM
  assets\audio\es\silabas\ciruela-1.mp3
    texto: 'xrue'  ipa: 'rwe'
    error: 400 Client Error: Bad Request for url: https://texttospeech.googleapis.com/v1/text:synthesize?key=AIzaSyAL1mg758L1cHG-yiGo-ztfDhRXJu2jmqM
  assets\audio\es\silabas\ciruela-2.mp3
    texto: 'la'  ipa: None
    error: 400 Client Error: Bad Request for url: https://texttospeech.googleapis.com/v1/text:synthesize?key=AIzaSyAL1mg758L1cHG-yiGo-ztfDhRXJu2jmqM
  assets\audio\es\silabas\mandarina-0.mp3
    texto: 'man'  ipa: None
    error: 400 Client Error: Bad Request for url: https://texttospeech.googleapis.com/v1/text:synthesize?key=AIzaSyAL1mg758L1cHG-yiGo-ztfDhRXJu2jmqM
  assets\audio\es\silabas\mandarina-1.mp3
    texto: 'da'  ipa: None
    error: 400 Client Error: Bad Request for url: https://texttospeech.googleapis.com/v1/text:synthesize?key=AIzaSyAL1mg758L1cHG-yiGo-ztfDhRXJu2jmqM
  assets\audio\es\silabas\mandarina-2.mp3
    texto: 'ri'  ipa: 'ɾi'
    error: 400 Client Error: Bad Request for url: https://texttospeech.googleapis.com/v1/text:synthesize?key=AIzaSyAL1mg758L1cHG-yiGo-ztfDhRXJu2jmqM
  assets\audio\es\silabas\mandarina-3.mp3
    texto: 'na'  ipa: None
    error: 400 Client Error: Bad Request for url: https://texttospeech.googleapis.com/v1/text:synthesize?key=AIzaSyAL1mg758L1cHG-yiGo-ztfDhRXJu2jmqM
  assets\audio\es\silabas\aguacate-0.mp3
    texto: 'a'  ipa: None
    error: 400 Client Error: Bad Request for url: https://texttospeech.googleapis.com/v1/text:synthesize?key=AIzaSyAL1mg758L1cHG-yiGo-ztfDhRXJu2jmqM
  assets\audio\es\silabas\aguacate-1.mp3
    texto: 'gua'  ipa: None
    error: 400 Client Error: Bad Request for url: https://texttospeech.googleapis.com/v1/text:synthesize?key=AIzaSyAL1mg758L1cHG-yiGo-ztfDhRXJu2jmqM
  assets\audio\es\silabas\aguacate-2.mp3
    texto: 'ca'  ipa: None
    error: 400 Client Error: Bad Request for url: https://texttospeech.googleapis.com/v1/text:synthesize?key=AIzaSyAL1mg758L1cHG-yiGo-ztfDhRXJu2jmqM
  assets\audio\es\silabas\aguacate-3.mp3
    texto: 'te'  ipa: None
    error: 400 Client Error: Bad Request for url: https://texttospeech.googleapis.com/v1/text:synthesize?key=AIzaSyAL1mg758L1cHG-yiGo-ztfDhRXJu2jmqM
  assets\audio\es\silabas\autobus-0.mp3
    texto: 'au'  ipa: None
    error: 400 Client Error: Bad Request for url: https://texttospeech.googleapis.com/v1/text:synthesize?key=AIzaSyAL1mg758L1cHG-yiGo-ztfDhRXJu2jmqM
  assets\audio\es\silabas\autobus-1.mp3
    texto: 'xto'  ipa: 'to'
    error: 400 Client Error: Bad Request for url: https://texttospeech.googleapis.com/v1/text:synthesize?key=AIzaSyAL1mg758L1cHG-yiGo-ztfDhRXJu2jmqM
  assets\audio\es\silabas\autobus-2.mp3
    texto: 'bús'  ipa: None
    error: 400 Client Error: Bad Request for url: https://texttospeech.googleapis.com/v1/text:synthesize?key=AIzaSyAL1mg758L1cHG-yiGo-ztfDhRXJu2jmqM
  assets\audio\es\silabas\moto-0.mp3
    texto: 'mo'  ipa: None
    error: 400 Client Error: Bad Request for url: https://texttospeech.googleapis.com/v1/text:synthesize?key=AIzaSyAL1mg758L1cHG-yiGo-ztfDhRXJu2jmqM
  assets\audio\es\silabas\moto-1.mp3
    texto: 'xto'  ipa: 'to'
    error: 400 Client Error: Bad Request for url: https://texttospeech.googleapis.com/v1/text:synthesize?key=AIzaSyAL1mg758L1cHG-yiGo-ztfDhRXJu2jmqM
  assets\audio\es\silabas\moto-2.mp3
    texto: 'ci'  ipa: None
    error: 400 Client Error: Bad Request for url: https://texttospeech.googleapis.com/v1/text:synthesize?key=AIzaSyAL1mg758L1cHG-yiGo-ztfDhRXJu2jmqM
  assets\audio\es\silabas\moto-4.mp3
    texto: 'ta'  ipa: None
    error: 400 Client Error: Bad Request for url: https://texttospeech.googleapis.com/v1/text:synthesize?key=AIzaSyAL1mg758L1cHG-yiGo-ztfDhRXJu2jmqM
  assets\audio\es\silabas\moto-3.mp3
    texto: 'cle'  ipa: None
    error: 400 Client Error: Bad Request for url: https://texttospeech.googleapis.com/v1/text:synthesize?key=AIzaSyAL1mg758L1cHG-yiGo-ztfDhRXJu2jmqM
  assets\audio\es\silabas\taxi-0.mp3
    texto: 'ta'  ipa: None
    error: 400 Client Error: Bad Request for url: https://texttospeech.googleapis.com/v1/text:synthesize?key=AIzaSyAL1mg758L1cHG-yiGo-ztfDhRXJu2jmqM
  assets\audio\es\silabas\taxi-1.mp3
    texto: 'xi'  ipa: None
    error: 400 Client Error: Bad Request for url: https://texttospeech.googleapis.com/v1/text:synthesize?key=AIzaSyAL1mg758L1cHG-yiGo-ztfDhRXJu2jmqM
  assets\audio\es\silabas\ambulancia-2.mp3
    texto: 'lan'  ipa: None
    error: 400 Client Error: Bad Request for url: https://texttospeech.googleapis.com/v1/text:synthesize?key=AIzaSyAL1mg758L1cHG-yiGo-ztfDhRXJu2jmqM
  assets\audio\es\silabas\ambulancia-1.mp3
    texto: 'bu'  ipa: None
    error: 400 Client Error: Bad Request for url: https://texttospeech.googleapis.com/v1/text:synthesize?key=AIzaSyAL1mg758L1cHG-yiGo-ztfDhRXJu2jmqM
  assets\audio\es\silabas\ambulancia-0.mp3
    texto: 'am'  ipa: None
    error: 400 Client Error: Bad Request for url: https://texttospeech.googleapis.com/v1/text:synthesize?key=AIzaSyAL1mg758L1cHG-yiGo-ztfDhRXJu2jmqM
  assets\audio\es\silabas\ambulancia-3.mp3
    texto: 'cia'  ipa: None
    error: 400 Client Error: Bad Request for url: https://texttospeech.googleapis.com/v1/text:synthesize?key=AIzaSyAL1mg758L1cHG-yiGo-ztfDhRXJu2jmqM
  assets\audio\es\silabas\camion-bomberos-0.mp3
    texto: 'ca'  ipa: None
    error: 400 Client Error: Bad Request for url: https://texttospeech.googleapis.com/v1/text:synthesize?key=AIzaSyAL1mg758L1cHG-yiGo-ztfDhRXJu2jmqM
  assets\audio\es\silabas\camion-bomberos-1.mp3
    texto: 'mión'  ipa: None
    error: 400 Client Error: Bad Request for url: https://texttospeech.googleapis.com/v1/text:synthesize?key=AIzaSyAL1mg758L1cHG-yiGo-ztfDhRXJu2jmqM
  assets\audio\es\silabas\camion-bomberos-3.mp3
    texto: 'bom'  ipa: None
    error: 400 Client Error: Bad Request for url: https://texttospeech.googleapis.com/v1/text:synthesize?key=AIzaSyAL1mg758L1cHG-yiGo-ztfDhRXJu2jmqM
  assets\audio\es\silabas\camion-bomberos-4.mp3
    texto: 'xbe'  ipa: 'be'
    error: 400 Client Error: Bad Request for url: https://texttospeech.googleapis.com/v1/text:synthesize?key=AIzaSyAL1mg758L1cHG-yiGo-ztfDhRXJu2jmqM
  assets\audio\es\silabas\camion-bomberos-2.mp3
    texto: 'de'  ipa: None
    error: 400 Client Error: Bad Request for url: https://texttospeech.googleapis.com/v1/text:synthesize?key=AIzaSyAL1mg758L1cHG-yiGo-ztfDhRXJu2jmqM
  assets\audio\es\silabas\camion-bomberos-5.mp3
    texto: 'ros'  ipa: 'ɾos'
    error: 400 Client Error: Bad Request for url: https://texttospeech.googleapis.com/v1/text:synthesize?key=AIzaSyAL1mg758L1cHG-yiGo-ztfDhRXJu2jmqM
  assets\audio\es\silabas\patrulla-0.mp3
    texto: 'pa'  ipa: None
    error: 400 Client Error: Bad Request for url: https://texttospeech.googleapis.com/v1/text:synthesize?key=AIzaSyAL1mg758L1cHG-yiGo-ztfDhRXJu2jmqM
  assets\audio\es\silabas\patrulla-1.mp3
    texto: 'tru'  ipa: None
    error: 400 Client Error: Bad Request for url: https://texttospeech.googleapis.com/v1/text:synthesize?key=AIzaSyAL1mg758L1cHG-yiGo-ztfDhRXJu2jmqM
  assets\audio\es\silabas\patrulla-2.mp3
    texto: 'llá'  ipa: None
    error: 400 Client Error: Bad Request for url: https://texttospeech.googleapis.com/v1/text:synthesize?key=AIzaSyAL1mg758L1cHG-yiGo-ztfDhRXJu2jmqM
  assets\audio\es\silabas\tractor-0.mp3
    texto: 'trac'  ipa: None
    error: 400 Client Error: Bad Request for url: https://texttospeech.googleapis.com/v1/text:synthesize?key=AIzaSyAL1mg758L1cHG-yiGo-ztfDhRXJu2jmqM
  assets\audio\es\silabas\tractor-1.mp3
    texto: 'tor'  ipa: None
    error: 400 Client Error: Bad Request for url: https://texttospeech.googleapis.com/v1/text:synthesize?key=AIzaSyAL1mg758L1cHG-yiGo-ztfDhRXJu2jmqM
  assets\audio\es\silabas\excavadora-0.mp3
    texto: 'ex'  ipa: None
    error: 400 Client Error: Bad Request for url: https://texttospeech.googleapis.com/v1/text:synthesize?key=AIzaSyAL1mg758L1cHG-yiGo-ztfDhRXJu2jmqM
  assets\audio\es\silabas\excavadora-1.mp3
    texto: 'ca'  ipa: None
    error: 400 Client Error: Bad Request for url: https://texttospeech.googleapis.com/v1/text:synthesize?key=AIzaSyAL1mg758L1cHG-yiGo-ztfDhRXJu2jmqM
  assets\audio\es\silabas\excavadora-2.mp3
    texto: 'va'  ipa: None
    error: 400 Client Error: Bad Request for url: https://texttospeech.googleapis.com/v1/text:synthesize?key=AIzaSyAL1mg758L1cHG-yiGo-ztfDhRXJu2jmqM
  assets\audio\es\silabas\excavadora-3.mp3
    texto: 'do'  ipa: None
    error: 400 Client Error: Bad Request for url: https://texttospeech.googleapis.com/v1/text:synthesize?key=AIzaSyAL1mg758L1cHG-yiGo-ztfDhRXJu2jmqM
  assets\audio\es\silabas\excavadora-4.mp3
    texto: 'ra'  ipa: 'ɾa'
    error: 400 Client Error: Bad Request for url: https://texttospeech.googleapis.com/v1/text:synthesize?key=AIzaSyAL1mg758L1cHG-yiGo-ztfDhRXJu2jmqM
  assets\audio\es\silabas\patineta-0.mp3
    texto: 'pa'  ipa: None
    error: 400 Client Error: Bad Request for url: https://texttospeech.googleapis.com/v1/text:synthesize?key=AIzaSyAL1mg758L1cHG-yiGo-ztfDhRXJu2jmqM
  assets\audio\es\silabas\patineta-1.mp3
    texto: 'ti'  ipa: None
    error: 400 Client Error: Bad Request for url: https://texttospeech.googleapis.com/v1/text:synthesize?key=AIzaSyAL1mg758L1cHG-yiGo-ztfDhRXJu2jmqM
  assets\audio\es\silabas\patineta-2.mp3
    texto: 'ne'  ipa: None
    error: 400 Client Error: Bad Request for url: https://texttospeech.googleapis.com/v1/text:synthesize?key=AIzaSyAL1mg758L1cHG-yiGo-ztfDhRXJu2jmqM
  assets\audio\es\silabas\canoa-0.mp3
    texto: 'ca'  ipa: None
    error: 400 Client Error: Bad Request for url: https://texttospeech.googleapis.com/v1/text:synthesize?key=AIzaSyAL1mg758L1cHG-yiGo-ztfDhRXJu2jmqM
  assets\audio\es\silabas\patineta-3.mp3
    texto: 'ta'  ipa: None
    error: 400 Client Error: Bad Request for url: https://texttospeech.googleapis.com/v1/text:synthesize?key=AIzaSyAL1mg758L1cHG-yiGo-ztfDhRXJu2jmqM
  assets\audio\es\silabas\canoa-1.mp3
    texto: 'no'  ipa: None
    error: 400 Client Error: Bad Request for url: https://texttospeech.googleapis.com/v1/text:synthesize?key=AIzaSyAL1mg758L1cHG-yiGo-ztfDhRXJu2jmqM
  assets\audio\es\silabas\canoa-2.mp3
    texto: 'a'  ipa: None
    error: 400 Client Error: Bad Request for url: https://texttospeech.googleapis.com/v1/text:synthesize?key=AIzaSyAL1mg758L1cHG-yiGo-ztfDhRXJu2jmqM
  assets\audio\es\silabas\velero-0.mp3
    texto: 've'  ipa: None
    error: 400 Client Error: Bad Request for url: https://texttospeech.googleapis.com/v1/text:synthesize?key=AIzaSyAL1mg758L1cHG-yiGo-ztfDhRXJu2jmqM
  assets\audio\es\silabas\velero-2.mp3
    texto: 'ro'  ipa: 'ɾo'
    error: 400 Client Error: Bad Request for url: https://texttospeech.googleapis.com/v1/text:synthesize?key=AIzaSyAL1mg758L1cHG-yiGo-ztfDhRXJu2jmqM
  assets\audio\es\silabas\velero-1.mp3
    texto: 'le'  ipa: None
    error: 400 Client Error: Bad Request for url: https://texttospeech.googleapis.com/v1/text:synthesize?key=AIzaSyAL1mg758L1cHG-yiGo-ztfDhRXJu2jmqM
  assets\audio\es\silabas\tranvia-0.mp3
    texto: 'tran'  ipa: None
    error: 400 Client Error: Bad Request for url: https://texttospeech.googleapis.com/v1/text:synthesize?key=AIzaSyAL1mg758L1cHG-yiGo-ztfDhRXJu2jmqM
  assets\audio\es\silabas\tranvia-1.mp3
    texto: 'ví'  ipa: None
    error: 400 Client Error: Bad Request for url: https://texttospeech.googleapis.com/v1/text:synthesize?key=AIzaSyAL1mg758L1cHG-yiGo-ztfDhRXJu2jmqM
  assets\audio\es\silabas\tranvia-2.mp3
    texto: 'a'  ipa: None
    error: 400 Client Error: Bad Request for url: https://texttospeech.googleapis.com/v1/text:synthesize?key=AIzaSyAL1mg758L1cHG-yiGo-ztfDhRXJu2jmqM
  assets\audio\es\silabas\metro-1.mp3
    texto: 'tro'  ipa: None
    error: 400 Client Error: Bad Request for url: https://texttospeech.googleapis.com/v1/text:synthesize?key=AIzaSyAL1mg758L1cHG-yiGo-ztfDhRXJu2jmqM
  assets\audio\es\silabas\metro-0.mp3
    texto: 'me'  ipa: None
    error: 400 Client Error: Bad Request for url: https://texttospeech.googleapis.com/v1/text:synthesize?key=AIzaSyAL1mg758L1cHG-yiGo-ztfDhRXJu2jmqM
  assets\audio\es\silabas\teleferico-0.mp3
    texto: 'te'  ipa: None
    error: 400 Client Error: Bad Request for url: https://texttospeech.googleapis.com/v1/text:synthesize?key=AIzaSyAL1mg758L1cHG-yiGo-ztfDhRXJu2jmqM
  assets\audio\es\silabas\teleferico-1.mp3
    texto: 'le'  ipa: None
    error: 400 Client Error: Bad Request for url: https://texttospeech.googleapis.com/v1/text:synthesize?key=AIzaSyAL1mg758L1cHG-yiGo-ztfDhRXJu2jmqM
  assets\audio\es\silabas\teleferico-2.mp3
    texto: 'fé'  ipa: None
    error: 400 Client Error: Bad Request for url: https://texttospeech.googleapis.com/v1/text:synthesize?key=AIzaSyAL1mg758L1cHG-yiGo-ztfDhRXJu2jmqM
  assets\audio\es\silabas\teleferico-3.mp3
    texto: 'ri'  ipa: 'ɾi'
    error: 400 Client Error: Bad Request for url: https://texttospeech.googleapis.com/v1/text:synthesize?key=AIzaSyAL1mg758L1cHG-yiGo-ztfDhRXJu2jmqM
  assets\audio\es\silabas\teleferico-4.mp3
    texto: 'co'  ipa: None
    error: 400 Client Error: Bad Request for url: https://texttospeech.googleapis.com/v1/text:synthesize?key=AIzaSyAL1mg758L1cHG-yiGo-ztfDhRXJu2jmqM
  assets\audio\es\silabas\pan-0.mp3
    texto: 'pan'  ipa: None
    error: 400 Client Error: Bad Request for url: https://texttospeech.googleapis.com/v1/text:synthesize?key=AIzaSyAL1mg758L1cHG-yiGo-ztfDhRXJu2jmqM
  assets\audio\es\silabas\pizza-0.mp3
    texto: 'piz'  ipa: None
    error: 400 Client Error: Bad Request for url: https://texttospeech.googleapis.com/v1/text:synthesize?key=AIzaSyAL1mg758L1cHG-yiGo-ztfDhRXJu2jmqM
  assets\audio\es\silabas\pizza-1.mp3
    texto: 'za'  ipa: None
    error: 400 Client Error: Bad Request for url: https://texttospeech.googleapis.com/v1/text:synthesize?key=AIzaSyAL1mg758L1cHG-yiGo-ztfDhRXJu2jmqM
  assets\audio\es\silabas\sopa-0.mp3
    texto: 'xso'  ipa: 'so'
    error: 400 Client Error: Bad Request for url: https://texttospeech.googleapis.com/v1/text:synthesize?key=AIzaSyAL1mg758L1cHG-yiGo-ztfDhRXJu2jmqM
  assets\audio\es\silabas\sopa-1.mp3
    texto: 'pa'  ipa: None
    error: 400 Client Error: Bad Request for url: https://texttospeech.googleapis.com/v1/text:synthesize?key=AIzaSyAL1mg758L1cHG-yiGo-ztfDhRXJu2jmqM
  assets\audio\es\silabas\arroz-1.mp3
    texto: 'rroz'  ipa: None
    error: 400 Client Error: Bad Request for url: https://texttospeech.googleapis.com/v1/text:synthesize?key=AIzaSyAL1mg758L1cHG-yiGo-ztfDhRXJu2jmqM
  assets\audio\es\silabas\arroz-0.mp3
    texto: 'a'  ipa: None
    error: 400 Client Error: Bad Request for url: https://texttospeech.googleapis.com/v1/text:synthesize?key=AIzaSyAL1mg758L1cHG-yiGo-ztfDhRXJu2jmqM
  assets\audio\es\silabas\pasta-0.mp3
    texto: 'pas'  ipa: None
    error: 400 Client Error: Bad Request for url: https://texttospeech.googleapis.com/v1/text:synthesize?key=AIzaSyAL1mg758L1cHG-yiGo-ztfDhRXJu2jmqM
  assets\audio\es\silabas\pasta-1.mp3
    texto: 'ta'  ipa: None
    error: 400 Client Error: Bad Request for url: https://texttospeech.googleapis.com/v1/text:synthesize?key=AIzaSyAL1mg758L1cHG-yiGo-ztfDhRXJu2jmqM
  assets\audio\es\silabas\ensalada-0.mp3
    texto: 'en'  ipa: None
    error: 400 Client Error: Bad Request for url: https://texttospeech.googleapis.com/v1/text:synthesize?key=AIzaSyAL1mg758L1cHG-yiGo-ztfDhRXJu2jmqM
  assets\audio\es\silabas\ensalada-1.mp3
    texto: 'sa'  ipa: None
    error: 400 Client Error: Bad Request for url: https://texttospeech.googleapis.com/v1/text:synthesize?key=AIzaSyAL1mg758L1cHG-yiGo-ztfDhRXJu2jmqM
  assets\audio\es\silabas\ensalada-3.mp3
    texto: 'da'  ipa: None
    error: 400 Client Error: Bad Request for url: https://texttospeech.googleapis.com/v1/text:synthesize?key=AIzaSyAL1mg758L1cHG-yiGo-ztfDhRXJu2jmqM
  assets\audio\es\silabas\ensalada-2.mp3
    texto: 'la'  ipa: None
    error: 400 Client Error: Bad Request for url: https://texttospeech.googleapis.com/v1/text:synthesize?key=AIzaSyAL1mg758L1cHG-yiGo-ztfDhRXJu2jmqM
  assets\audio\es\silabas\hamburguesa-0.mp3
    texto: 'am'  ipa: None
    error: 400 Client Error: Bad Request for url: https://texttospeech.googleapis.com/v1/text:synthesize?key=AIzaSyAL1mg758L1cHG-yiGo-ztfDhRXJu2jmqM
  assets\audio\es\silabas\hamburguesa-1.mp3
    texto: 'bur'  ipa: None
    error: 400 Client Error: Bad Request for url: https://texttospeech.googleapis.com/v1/text:synthesize?key=AIzaSyAL1mg758L1cHG-yiGo-ztfDhRXJu2jmqM
  assets\audio\es\silabas\hamburguesa-3.mp3
    texto: 'sa'  ipa: None
    error: 400 Client Error: Bad Request for url: https://texttospeech.googleapis.com/v1/text:synthesize?key=AIzaSyAL1mg758L1cHG-yiGo-ztfDhRXJu2jmqM
  assets\audio\es\silabas\sandwich-0.mp3
    texto: 'sand'  ipa: None
    error: 400 Client Error: Bad Request for url: https://texttospeech.googleapis.com/v1/text:synthesize?key=AIzaSyAL1mg758L1cHG-yiGo-ztfDhRXJu2jmqM
  assets\audio\es\silabas\hamburguesa-2.mp3
    texto: 'gue'  ipa: None
    error: 400 Client Error: Bad Request for url: https://texttospeech.googleapis.com/v1/text:synthesize?key=AIzaSyAL1mg758L1cHG-yiGo-ztfDhRXJu2jmqM
  assets\audio\es\silabas\sandwich-1.mp3
    texto: 'wich'  ipa: None
    error: 400 Client Error: Bad Request for url: https://texttospeech.googleapis.com/v1/text:synthesize?key=AIzaSyAL1mg758L1cHG-yiGo-ztfDhRXJu2jmqM
  assets\audio\es\silabas\yogur-0.mp3
    texto: 'yo'  ipa: None
    error: 400 Client Error: Bad Request for url: https://texttospeech.googleapis.com/v1/text:synthesize?key=AIzaSyAL1mg758L1cHG-yiGo-ztfDhRXJu2jmqM
  assets\audio\es\silabas\galleta-0.mp3
    texto: 'ga'  ipa: None
    error: 400 Client Error: Bad Request for url: https://texttospeech.googleapis.com/v1/text:synthesize?key=AIzaSyAL1mg758L1cHG-yiGo-ztfDhRXJu2jmqM
  assets\audio\es\silabas\yogur-1.mp3
    texto: 'gur'  ipa: None
    error: 400 Client Error: Bad Request for url: https://texttospeech.googleapis.com/v1/text:synthesize?key=AIzaSyAL1mg758L1cHG-yiGo-ztfDhRXJu2jmqM
  assets\audio\es\silabas\galleta-1.mp3
    texto: 'lle'  ipa: None
    error: 400 Client Error: Bad Request for url: https://texttospeech.googleapis.com/v1/text:synthesize?key=AIzaSyAL1mg758L1cHG-yiGo-ztfDhRXJu2jmqM
  assets\audio\es\silabas\galleta-2.mp3
    texto: 'ta'  ipa: None
    error: 400 Client Error: Bad Request for url: https://texttospeech.googleapis.com/v1/text:synthesize?key=AIzaSyAL1mg758L1cHG-yiGo-ztfDhRXJu2jmqM
  assets\audio\es\silabas\pastel-0.mp3
    texto: 'pas'  ipa: None
    error: 400 Client Error: Bad Request for url: https://texttospeech.googleapis.com/v1/text:synthesize?key=AIzaSyAL1mg758L1cHG-yiGo-ztfDhRXJu2jmqM
  assets\audio\es\silabas\pastel-1.mp3
    texto: 'tel'  ipa: None
    error: 400 Client Error: Bad Request for url: https://texttospeech.googleapis.com/v1/text:synthesize?key=AIzaSyAL1mg758L1cHG-yiGo-ztfDhRXJu2jmqM
  assets\audio\es\silabas\chocolate-0.mp3
    texto: 'cho'  ipa: None
    error: 400 Client Error: Bad Request for url: https://texttospeech.googleapis.com/v1/text:synthesize?key=AIzaSyAL1mg758L1cHG-yiGo-ztfDhRXJu2jmqM
  assets\audio\es\silabas\chocolate-1.mp3
    texto: 'co'  ipa: None
    error: 400 Client Error: Bad Request for url: https://texttospeech.googleapis.com/v1/text:synthesize?key=AIzaSyAL1mg758L1cHG-yiGo-ztfDhRXJu2jmqM
  assets\audio\es\silabas\chocolate-2.mp3
    texto: 'la'  ipa: None
    error: 400 Client Error: Bad Request for url: https://texttospeech.googleapis.com/v1/text:synthesize?key=AIzaSyAL1mg758L1cHG-yiGo-ztfDhRXJu2jmqM
  assets\audio\es\silabas\chocolate-3.mp3
    texto: 'te'  ipa: None
    error: 400 Client Error: Bad Request for url: https://texttospeech.googleapis.com/v1/text:synthesize?key=AIzaSyAL1mg758L1cHG-yiGo-ztfDhRXJu2jmqM
  assets\audio\es\silabas\maiz-1.mp3
    texto: 'íz'  ipa: None
    error: 400 Client Error: Bad Request for url: https://texttospeech.googleapis.com/v1/text:synthesize?key=AIzaSyAL1mg758L1cHG-yiGo-ztfDhRXJu2jmqM
  assets\audio\es\silabas\maiz-0.mp3
    texto: 'ma'  ipa: None
    error: 400 Client Error: Bad Request for url: https://texttospeech.googleapis.com/v1/text:synthesize?key=AIzaSyAL1mg758L1cHG-yiGo-ztfDhRXJu2jmqM
  assets\audio\es\silabas\frijoles-0.mp3
    texto: 'fri'  ipa: None
    error: 400 Client Error: Bad Request for url: https://texttospeech.googleapis.com/v1/text:synthesize?key=AIzaSyAL1mg758L1cHG-yiGo-ztfDhRXJu2jmqM
  assets\audio\es\silabas\frijoles-2.mp3
    texto: 'les'  ipa: None
    error: 400 Client Error: Bad Request for url: https://texttospeech.googleapis.com/v1/text:synthesize?key=AIzaSyAL1mg758L1cHG-yiGo-ztfDhRXJu2jmqM
  assets\audio\es\silabas\frijoles-1.mp3
    texto: 'xjo'  ipa: 'xo'
    error: 400 Client Error: Bad Request for url: https://texttospeech.googleapis.com/v1/text:synthesize?key=AIzaSyAL1mg758L1cHG-yiGo-ztfDhRXJu2jmqM
  assets\audio\es\silabas\pollo-0.mp3
    texto: 'po'  ipa: None
    error: 400 Client Error: Bad Request for url: https://texttospeech.googleapis.com/v1/text:synthesize?key=AIzaSyAL1mg758L1cHG-yiGo-ztfDhRXJu2jmqM
  assets\audio\es\silabas\pollo-1.mp3
    texto: 'llo'  ipa: None
    error: 400 Client Error: Bad Request for url: https://texttospeech.googleapis.com/v1/text:synthesize?key=AIzaSyAL1mg758L1cHG-yiGo-ztfDhRXJu2jmqM
  assets\audio\es\silabas\pescado-0.mp3
    texto: 'pes'  ipa: None
    error: 400 Client Error: Bad Request for url: https://texttospeech.googleapis.com/v1/text:synthesize?key=AIzaSyAL1mg758L1cHG-yiGo-ztfDhRXJu2jmqM
  assets\audio\es\silabas\pescado-2.mp3
    texto: 'do'  ipa: None
    error: 400 Client Error: Bad Request for url: https://texttospeech.googleapis.com/v1/text:synthesize?key=AIzaSyAL1mg758L1cHG-yiGo-ztfDhRXJu2jmqM
  assets\audio\es\silabas\pescado-1.mp3
    texto: 'ca'  ipa: None
    error: 400 Client Error: Bad Request for url: https://texttospeech.googleapis.com/v1/text:synthesize?key=AIzaSyAL1mg758L1cHG-yiGo-ztfDhRXJu2jmqM
  assets\audio\es\silabas\camiseta-0.mp3
    texto: 'ca'  ipa: None
    error: 400 Client Error: Bad Request for url: https://texttospeech.googleapis.com/v1/text:synthesize?key=AIzaSyAL1mg758L1cHG-yiGo-ztfDhRXJu2jmqM
  assets\audio\es\silabas\camiseta-1.mp3
    texto: 'mi'  ipa: None
    error: 400 Client Error: Bad Request for url: https://texttospeech.googleapis.com/v1/text:synthesize?key=AIzaSyAL1mg758L1cHG-yiGo-ztfDhRXJu2jmqM
  assets\audio\es\silabas\camiseta-3.mp3
    texto: 'ta'  ipa: None
    error: 400 Client Error: Bad Request for url: https://texttospeech.googleapis.com/v1/text:synthesize?key=AIzaSyAL1mg758L1cHG-yiGo-ztfDhRXJu2jmqM
  assets\audio\es\silabas\pantalon-0.mp3
    texto: 'pan'  ipa: None
    error: 400 Client Error: Bad Request for url: https://texttospeech.googleapis.com/v1/text:synthesize?key=AIzaSyAL1mg758L1cHG-yiGo-ztfDhRXJu2jmqM
  assets\audio\es\silabas\camiseta-2.mp3
    texto: 'se'  ipa: None
    error: 400 Client Error: Bad Request for url: https://texttospeech.googleapis.com/v1/text:synthesize?key=AIzaSyAL1mg758L1cHG-yiGo-ztfDhRXJu2jmqM
  assets\audio\es\silabas\pantalon-1.mp3
    texto: 'ta'  ipa: None
    error: 400 Client Error: Bad Request for url: https://texttospeech.googleapis.com/v1/text:synthesize?key=AIzaSyAL1mg758L1cHG-yiGo-ztfDhRXJu2jmqM
  assets\audio\es\silabas\pantalon-2.mp3
    texto: 'lón'  ipa: None
    error: 400 Client Error: Bad Request for url: https://texttospeech.googleapis.com/v1/text:synthesize?key=AIzaSyAL1mg758L1cHG-yiGo-ztfDhRXJu2jmqM
  assets\audio\es\silabas\falda-0.mp3
    texto: 'fal'  ipa: None
    error: 400 Client Error: Bad Request for url: https://texttospeech.googleapis.com/v1/text:synthesize?key=AIzaSyAL1mg758L1cHG-yiGo-ztfDhRXJu2jmqM
  assets\audio\es\silabas\zapatos-0.mp3
    texto: 'za'  ipa: None
    error: 400 Client Error: Bad Request for url: https://texttospeech.googleapis.com/v1/text:synthesize?key=AIzaSyAL1mg758L1cHG-yiGo-ztfDhRXJu2jmqM
  assets\audio\es\silabas\falda-1.mp3
    texto: 'da'  ipa: None
    error: 400 Client Error: Bad Request for url: https://texttospeech.googleapis.com/v1/text:synthesize?key=AIzaSyAL1mg758L1cHG-yiGo-ztfDhRXJu2jmqM
  assets\audio\es\silabas\zapatos-1.mp3
    texto: 'pa'  ipa: None
    error: 400 Client Error: Bad Request for url: https://texttospeech.googleapis.com/v1/text:synthesize?key=AIzaSyAL1mg758L1cHG-yiGo-ztfDhRXJu2jmqM
  assets\audio\es\silabas\zapatos-2.mp3
    texto: 'tos'  ipa: None
    error: 400 Client Error: Bad Request for url: https://texttospeech.googleapis.com/v1/text:synthesize?key=AIzaSyAL1mg758L1cHG-yiGo-ztfDhRXJu2jmqM
  assets\audio\es\silabas\calcetines-0.mp3
    texto: 'cal'  ipa: None
    error: 400 Client Error: Bad Request for url: https://texttospeech.googleapis.com/v1/text:synthesize?key=AIzaSyAL1mg758L1cHG-yiGo-ztfDhRXJu2jmqM
  assets\audio\es\silabas\calcetines-1.mp3
    texto: 'ce'  ipa: None
    error: 400 Client Error: Bad Request for url: https://texttospeech.googleapis.com/v1/text:synthesize?key=AIzaSyAL1mg758L1cHG-yiGo-ztfDhRXJu2jmqM
  assets\audio\es\silabas\calcetines-2.mp3
    texto: 'ti'  ipa: None
    error: 400 Client Error: Bad Request for url: https://texttospeech.googleapis.com/v1/text:synthesize?key=AIzaSyAL1mg758L1cHG-yiGo-ztfDhRXJu2jmqM
  assets\audio\es\silabas\calcetines-3.mp3
    texto: 'nes'  ipa: None
    error: 400 Client Error: Bad Request for url: https://texttospeech.googleapis.com/v1/text:synthesize?key=AIzaSyAL1mg758L1cHG-yiGo-ztfDhRXJu2jmqM
  assets\audio\es\silabas\abrigo-0.mp3
    texto: 'a'  ipa: None
    error: 400 Client Error: Bad Request for url: https://texttospeech.googleapis.com/v1/text:synthesize?key=AIzaSyAL1mg758L1cHG-yiGo-ztfDhRXJu2jmqM
  assets\audio\es\silabas\abrigo-1.mp3
    texto: 'bri'  ipa: None
    error: 400 Client Error: Bad Request for url: https://texttospeech.googleapis.com/v1/text:synthesize?key=AIzaSyAL1mg758L1cHG-yiGo-ztfDhRXJu2jmqM
  assets\audio\es\silabas\bufanda-0.mp3
    texto: 'bu'  ipa: None
    error: 400 Client Error: Bad Request for url: https://texttospeech.googleapis.com/v1/text:synthesize?key=AIzaSyAL1mg758L1cHG-yiGo-ztfDhRXJu2jmqM
  assets\audio\es\silabas\bufanda-1.mp3
    texto: 'fan'  ipa: None
    error: 400 Client Error: Bad Request for url: https://texttospeech.googleapis.com/v1/text:synthesize?key=AIzaSyAL1mg758L1cHG-yiGo-ztfDhRXJu2jmqM
  assets\audio\es\silabas\bufanda-2.mp3
    texto: 'da'  ipa: None
    error: 400 Client Error: Bad Request for url: https://texttospeech.googleapis.com/v1/text:synthesize?key=AIzaSyAL1mg758L1cHG-yiGo-ztfDhRXJu2jmqM
  assets\audio\es\silabas\guantes-0.mp3
    texto: 'guan'  ipa: None
    error: 400 Client Error: Bad Request for url: https://texttospeech.googleapis.com/v1/text:synthesize?key=AIzaSyAL1mg758L1cHG-yiGo-ztfDhRXJu2jmqM
  assets\audio\es\silabas\guantes-1.mp3
    texto: 'tes'  ipa: None
    error: 400 Client Error: Bad Request for url: https://texttospeech.googleapis.com/v1/text:synthesize?key=AIzaSyAL1mg758L1cHG-yiGo-ztfDhRXJu2jmqM
  assets\audio\es\silabas\pijama-1.mp3
    texto: 'ja'  ipa: None
    error: 400 Client Error: Bad Request for url: https://texttospeech.googleapis.com/v1/text:synthesize?key=AIzaSyAL1mg758L1cHG-yiGo-ztfDhRXJu2jmqM
  assets\audio\es\silabas\pijama-0.mp3
    texto: 'pi'  ipa: None
    error: 400 Client Error: Bad Request for url: https://texttospeech.googleapis.com/v1/text:synthesize?key=AIzaSyAL1mg758L1cHG-yiGo-ztfDhRXJu2jmqM
  assets\audio\es\silabas\pijama-2.mp3
    texto: 'ma'  ipa: None
    error: 400 Client Error: Bad Request for url: https://texttospeech.googleapis.com/v1/text:synthesize?key=AIzaSyAL1mg758L1cHG-yiGo-ztfDhRXJu2jmqM
  assets\audio\es\silabas\shorts-0.mp3
    texto: 'shorts'  ipa: None
    error: 400 Client Error: Bad Request for url: https://texttospeech.googleapis.com/v1/text:synthesize?key=AIzaSyAL1mg758L1cHG-yiGo-ztfDhRXJu2jmqM
  assets\audio\es\silabas\chaleco-0.mp3
    texto: 'cha'  ipa: None
    error: 400 Client Error: Bad Request for url: https://texttospeech.googleapis.com/v1/text:synthesize?key=AIzaSyAL1mg758L1cHG-yiGo-ztfDhRXJu2jmqM
  assets\audio\es\silabas\chaleco-1.mp3
    texto: 'le'  ipa: None
    error: 400 Client Error: Bad Request for url: https://texttospeech.googleapis.com/v1/text:synthesize?key=AIzaSyAL1mg758L1cHG-yiGo-ztfDhRXJu2jmqM
  assets\audio\es\silabas\chaleco-2.mp3
    texto: 'co'  ipa: None
    error: 400 Client Error: Bad Request for url: https://texttospeech.googleapis.com/v1/text:synthesize?key=AIzaSyAL1mg758L1cHG-yiGo-ztfDhRXJu2jmqM
  assets\audio\es\silabas\sudadera-0.mp3
    texto: 'su'  ipa: None
    error: 400 Client Error: Bad Request for url: https://texttospeech.googleapis.com/v1/text:synthesize?key=AIzaSyAL1mg758L1cHG-yiGo-ztfDhRXJu2jmqM
  assets\audio\es\silabas\sudadera-1.mp3
    texto: 'da'  ipa: None
    error: 400 Client Error: Bad Request for url: https://texttospeech.googleapis.com/v1/text:synthesize?key=AIzaSyAL1mg758L1cHG-yiGo-ztfDhRXJu2jmqM
  assets\audio\es\silabas\sudadera-2.mp3
    texto: 'de'  ipa: None
    error: 400 Client Error: Bad Request for url: https://texttospeech.googleapis.com/v1/text:synthesize?key=AIzaSyAL1mg758L1cHG-yiGo-ztfDhRXJu2jmqM
  assets\audio\es\silabas\sudadera-3.mp3
    texto: 'ra'  ipa: 'ɾa'
    error: 400 Client Error: Bad Request for url: https://texttospeech.googleapis.com/v1/text:synthesize?key=AIzaSyAL1mg758L1cHG-yiGo-ztfDhRXJu2jmqM
  assets\audio\es\silabas\cinturon-0.mp3
    texto: 'cín'  ipa: None
    error: 400 Client Error: Bad Request for url: https://texttospeech.googleapis.com/v1/text:synthesize?key=AIzaSyAL1mg758L1cHG-yiGo-ztfDhRXJu2jmqM
  assets\audio\es\silabas\cinturon-1.mp3
    texto: 'tu'  ipa: None
    error: 400 Client Error: Bad Request for url: https://texttospeech.googleapis.com/v1/text:synthesize?key=AIzaSyAL1mg758L1cHG-yiGo-ztfDhRXJu2jmqM
  assets\audio\es\silabas\cinturon-2.mp3
    texto: 'rón'  ipa: 'ɾón'
    error: 400 Client Error: Bad Request for url: https://texttospeech.googleapis.com/v1/text:synthesize?key=AIzaSyAL1mg758L1cHG-yiGo-ztfDhRXJu2jmqM
  assets\audio\es\silabas\bolsa-0.mp3
    texto: 'bol'  ipa: None
    error: 400 Client Error: Bad Request for url: https://texttospeech.googleapis.com/v1/text:synthesize?key=AIzaSyAL1mg758L1cHG-yiGo-ztfDhRXJu2jmqM
  assets\audio\es\silabas\bolsa-1.mp3
    texto: 'sa'  ipa: None
    error: 400 Client Error: Bad Request for url: https://texttospeech.googleapis.com/v1/text:synthesize?key=AIzaSyAL1mg758L1cHG-yiGo-ztfDhRXJu2jmqM
  assets\audio\es\silabas\sandalias-0.mp3
    texto: 'san'  ipa: None
    error: 400 Client Error: Bad Request for url: https://texttospeech.googleapis.com/v1/text:synthesize?key=AIzaSyAL1mg758L1cHG-yiGo-ztfDhRXJu2jmqM
  assets\audio\es\silabas\sandalias-1.mp3
    texto: 'da'  ipa: None
    error: 400 Client Error: Bad Request for url: https://texttospeech.googleapis.com/v1/text:synthesize?key=AIzaSyAL1mg758L1cHG-yiGo-ztfDhRXJu2jmqM
  assets\audio\es\silabas\sandalias-2.mp3
    texto: 'lias'  ipa: None
    error: 400 Client Error: Bad Request for url: https://texttospeech.googleapis.com/v1/text:synthesize?key=AIzaSyAL1mg758L1cHG-yiGo-ztfDhRXJu2jmqM
  assets\audio\es\silabas\tenis-0.mp3
    texto: 'te'  ipa: None
    error: 400 Client Error: Bad Request for url: https://texttospeech.googleapis.com/v1/text:synthesize?key=AIzaSyAL1mg758L1cHG-yiGo-ztfDhRXJu2jmqM
  assets\audio\es\silabas\tenis-1.mp3
    texto: 'nis'  ipa: None
    error: 400 Client Error: Bad Request for url: https://texttospeech.googleapis.com/v1/text:synthesize?key=AIzaSyAL1mg758L1cHG-yiGo-ztfDhRXJu2jmqM
  assets\audio\es\silabas\corbata-0.mp3
    texto: 'cor'  ipa: None
    error: 400 Client Error: Bad Request for url: https://texttospeech.googleapis.com/v1/text:synthesize?key=AIzaSyAL1mg758L1cHG-yiGo-ztfDhRXJu2jmqM
  assets\audio\es\silabas\corbata-1.mp3
    texto: 'bá'  ipa: None
    error: 400 Client Error: Bad Request for url: https://texttospeech.googleapis.com/v1/text:synthesize?key=AIzaSyAL1mg758L1cHG-yiGo-ztfDhRXJu2jmqM
  assets\audio\es\silabas\corbata-2.mp3
    texto: 'ta'  ipa: None
    error: 400 Client Error: Bad Request for url: https://texttospeech.googleapis.com/v1/text:synthesize?key=AIzaSyAL1mg758L1cHG-yiGo-ztfDhRXJu2jmqM
  assets\audio\es\silabas\delantal-0.mp3
    texto: 'de'  ipa: None
    error: 400 Client Error: Bad Request for url: https://texttospeech.googleapis.com/v1/text:synthesize?key=AIzaSyAL1mg758L1cHG-yiGo-ztfDhRXJu2jmqM
  assets\audio\es\silabas\delantal-1.mp3
    texto: 'lan'  ipa: None
    error: 400 Client Error: Bad Request for url: https://texttospeech.googleapis.com/v1/text:synthesize?key=AIzaSyAL1mg758L1cHG-yiGo-ztfDhRXJu2jmqM
  assets\audio\es\silabas\delantal-2.mp3
    texto: 'tal'  ipa: None
    error: 400 Client Error: Bad Request for url: https://texttospeech.googleapis.com/v1/text:synthesize?key=AIzaSyAL1mg758L1cHG-yiGo-ztfDhRXJu2jmqM
  assets\audio\es\silabas\banador-0.mp3
    texto: 'bá'  ipa: None
    error: 400 Client Error: Bad Request for url: https://texttospeech.googleapis.com/v1/text:synthesize?key=AIzaSyAL1mg758L1cHG-yiGo-ztfDhRXJu2jmqM
  assets\audio\es\silabas\banador-1.mp3
    texto: 'ña'  ipa: None
    error: 400 Client Error: Bad Request for url: https://texttospeech.googleapis.com/v1/text:synthesize?key=AIzaSyAL1mg758L1cHG-yiGo-ztfDhRXJu2jmqM
  assets\audio\es\silabas\banador-2.mp3
    texto: 'dor'  ipa: None
    error: 400 Client Error: Bad Request for url: https://texttospeech.googleapis.com/v1/text:synthesize?key=AIzaSyAL1mg758L1cHG-yiGo-ztfDhRXJu2jmqM
  assets\audio\es\silabas\rojo-color-0.mp3
    texto: 'ro'  ipa: None
    error: 400 Client Error: Bad Request for url: https://texttospeech.googleapis.com/v1/text:synthesize?key=AIzaSyAL1mg758L1cHG-yiGo-ztfDhRXJu2jmqM
  assets\audio\es\silabas\rojo-color-1.mp3
    texto: 'xjo'  ipa: 'xo'
    error: 400 Client Error: Bad Request for url: https://texttospeech.googleapis.com/v1/text:synthesize?key=AIzaSyAL1mg758L1cHG-yiGo-ztfDhRXJu2jmqM
  assets\audio\es\silabas\azul-0.mp3
    texto: 'a'  ipa: None
    error: 400 Client Error: Bad Request for url: https://texttospeech.googleapis.com/v1/text:synthesize?key=AIzaSyAL1mg758L1cHG-yiGo-ztfDhRXJu2jmqM
  assets\audio\es\silabas\azul-1.mp3
    texto: 'zul'  ipa: None
    error: 400 Client Error: Bad Request for url: https://texttospeech.googleapis.com/v1/text:synthesize?key=AIzaSyAL1mg758L1cHG-yiGo-ztfDhRXJu2jmqM
  assets\audio\es\silabas\amarillo-color-0.mp3
    texto: 'a'  ipa: None
    error: 400 Client Error: Bad Request for url: https://texttospeech.googleapis.com/v1/text:synthesize?key=AIzaSyAL1mg758L1cHG-yiGo-ztfDhRXJu2jmqM
  assets\audio\es\silabas\amarillo-color-1.mp3
    texto: 'ma'  ipa: None
    error: 400 Client Error: Bad Request for url: https://texttospeech.googleapis.com/v1/text:synthesize?key=AIzaSyAL1mg758L1cHG-yiGo-ztfDhRXJu2jmqM
  assets\audio\es\silabas\amarillo-color-2.mp3
    texto: 'ri'  ipa: 'ɾi'
    error: 400 Client Error: Bad Request for url: https://texttospeech.googleapis.com/v1/text:synthesize?key=AIzaSyAL1mg758L1cHG-yiGo-ztfDhRXJu2jmqM
  assets\audio\es\silabas\amarillo-color-3.mp3
    texto: 'llo'  ipa: None
    error: 400 Client Error: Bad Request for url: https://texttospeech.googleapis.com/v1/text:synthesize?key=AIzaSyAL1mg758L1cHG-yiGo-ztfDhRXJu2jmqM
  assets\audio\es\silabas\verde-color-0.mp3
    texto: 'ver'  ipa: None
    error: 400 Client Error: Bad Request for url: https://texttospeech.googleapis.com/v1/text:synthesize?key=AIzaSyAL1mg758L1cHG-yiGo-ztfDhRXJu2jmqM
  assets\audio\es\silabas\verde-color-1.mp3
    texto: 'de'  ipa: None
    error: 400 Client Error: Bad Request for url: https://texttospeech.googleapis.com/v1/text:synthesize?key=AIzaSyAL1mg758L1cHG-yiGo-ztfDhRXJu2jmqM
  assets\audio\es\silabas\morado-color-0.mp3
    texto: 'mo'  ipa: None
    error: 400 Client Error: Bad Request for url: https://texttospeech.googleapis.com/v1/text:synthesize?key=AIzaSyAL1mg758L1cHG-yiGo-ztfDhRXJu2jmqM
  assets\audio\es\silabas\morado-color-2.mp3
    texto: 'do'  ipa: None
    error: 400 Client Error: Bad Request for url: https://texttospeech.googleapis.com/v1/text:synthesize?key=AIzaSyAL1mg758L1cHG-yiGo-ztfDhRXJu2jmqM
  assets\audio\es\silabas\marron-color-0.mp3
    texto: 'ma'  ipa: None
    error: 400 Client Error: Bad Request for url: https://texttospeech.googleapis.com/v1/text:synthesize?key=AIzaSyAL1mg758L1cHG-yiGo-ztfDhRXJu2jmqM
  assets\audio\es\silabas\morado-color-1.mp3
    texto: 'ra'  ipa: 'ɾa'
    error: 400 Client Error: Bad Request for url: https://texttospeech.googleapis.com/v1/text:synthesize?key=AIzaSyAL1mg758L1cHG-yiGo-ztfDhRXJu2jmqM
  assets\audio\es\silabas\marron-color-1.mp3
    texto: 'rrón'  ipa: None
    error: 400 Client Error: Bad Request for url: https://texttospeech.googleapis.com/v1/text:synthesize?key=AIzaSyAL1mg758L1cHG-yiGo-ztfDhRXJu2jmqM
  assets\audio\es\silabas\blanco-color-0.mp3
    texto: 'blan'  ipa: None
    error: 400 Client Error: Bad Request for url: https://texttospeech.googleapis.com/v1/text:synthesize?key=AIzaSyAL1mg758L1cHG-yiGo-ztfDhRXJu2jmqM
  assets\audio\es\silabas\blanco-color-1.mp3
    texto: 'co'  ipa: None
    error: 400 Client Error: Bad Request for url: https://texttospeech.googleapis.com/v1/text:synthesize?key=AIzaSyAL1mg758L1cHG-yiGo-ztfDhRXJu2jmqM
  assets\audio\es\silabas\turquesa-0.mp3
    texto: 'tur'  ipa: None
    error: 400 Client Error: Bad Request for url: https://texttospeech.googleapis.com/v1/text:synthesize?key=AIzaSyAL1mg758L1cHG-yiGo-ztfDhRXJu2jmqM
  assets\audio\es\silabas\gris-color-0.mp3
    texto: 'gris'  ipa: None
    error: 400 Client Error: Bad Request for url: https://texttospeech.googleapis.com/v1/text:synthesize?key=AIzaSyAL1mg758L1cHG-yiGo-ztfDhRXJu2jmqM
  assets\audio\es\silabas\turquesa-1.mp3
    texto: 'que'  ipa: None
    error: 400 Client Error: Bad Request for url: https://texttospeech.googleapis.com/v1/text:synthesize?key=AIzaSyAL1mg758L1cHG-yiGo-ztfDhRXJu2jmqM
  assets\audio\es\silabas\turquesa-2.mp3
    texto: 'sa'  ipa: None
    error: 400 Client Error: Bad Request for url: https://texttospeech.googleapis.com/v1/text:synthesize?key=AIzaSyAL1mg758L1cHG-yiGo-ztfDhRXJu2jmqM
  assets\audio\es\silabas\dorado-color-0.mp3
    texto: 'do'  ipa: None
    error: 400 Client Error: Bad Request for url: https://texttospeech.googleapis.com/v1/text:synthesize?key=AIzaSyAL1mg758L1cHG-yiGo-ztfDhRXJu2jmqM
  assets\audio\es\silabas\dorado-color-2.mp3
    texto: 'do'  ipa: None
    error: 400 Client Error: Bad Request for url: https://texttospeech.googleapis.com/v1/text:synthesize?key=AIzaSyAL1mg758L1cHG-yiGo-ztfDhRXJu2jmqM
  assets\audio\es\silabas\dorado-color-1.mp3
    texto: 'ra'  ipa: 'ɾa'
    error: 400 Client Error: Bad Request for url: https://texttospeech.googleapis.com/v1/text:synthesize?key=AIzaSyAL1mg758L1cHG-yiGo-ztfDhRXJu2jmqM
  assets\audio\es\silabas\plateado-color-0.mp3
    texto: 'pla'  ipa: None
    error: 400 Client Error: Bad Request for url: https://texttospeech.googleapis.com/v1/text:synthesize?key=AIzaSyAL1mg758L1cHG-yiGo-ztfDhRXJu2jmqM
  assets\audio\es\silabas\plateado-color-1.mp3
    texto: 'te'  ipa: None
    error: 400 Client Error: Bad Request for url: https://texttospeech.googleapis.com/v1/text:synthesize?key=AIzaSyAL1mg758L1cHG-yiGo-ztfDhRXJu2jmqM
  assets\audio\es\silabas\plateado-color-2.mp3
    texto: 'a'  ipa: None
    error: 400 Client Error: Bad Request for url: https://texttospeech.googleapis.com/v1/text:synthesize?key=AIzaSyAL1mg758L1cHG-yiGo-ztfDhRXJu2jmqM
  assets\audio\es\silabas\plateado-color-3.mp3
    texto: 'do'  ipa: None
    error: 400 Client Error: Bad Request for url: https://texttospeech.googleapis.com/v1/text:synthesize?key=AIzaSyAL1mg758L1cHG-yiGo-ztfDhRXJu2jmqM
  assets\audio\es\silabas\beige-color-1.mp3
    texto: 'ge'  ipa: None
    error: 400 Client Error: Bad Request for url: https://texttospeech.googleapis.com/v1/text:synthesize?key=AIzaSyAL1mg758L1cHG-yiGo-ztfDhRXJu2jmqM
  assets\audio\es\silabas\violeta-flor-0.mp3
    texto: 'vio'  ipa: None
    error: 400 Client Error: Bad Request for url: https://texttospeech.googleapis.com/v1/text:synthesize?key=AIzaSyAL1mg758L1cHG-yiGo-ztfDhRXJu2jmqM
  assets\audio\es\silabas\beige-color-0.mp3
    texto: 'bei'  ipa: None
    error: 400 Client Error: Bad Request for url: https://texttospeech.googleapis.com/v1/text:synthesize?key=AIzaSyAL1mg758L1cHG-yiGo-ztfDhRXJu2jmqM
  assets\audio\es\silabas\violeta-flor-1.mp3
    texto: 'le'  ipa: None
    error: 400 Client Error: Bad Request for url: https://texttospeech.googleapis.com/v1/text:synthesize?key=AIzaSyAL1mg758L1cHG-yiGo-ztfDhRXJu2jmqM
  assets\audio\es\silabas\celeste-color-1.mp3
    texto: 'les'  ipa: None
    error: 400 Client Error: Bad Request for url: https://texttospeech.googleapis.com/v1/text:synthesize?key=AIzaSyAL1mg758L1cHG-yiGo-ztfDhRXJu2jmqM
  assets\audio\es\silabas\celeste-color-2.mp3
    texto: 'te'  ipa: None
    error: 400 Client Error: Bad Request for url: https://texttospeech.googleapis.com/v1/text:synthesize?key=AIzaSyAL1mg758L1cHG-yiGo-ztfDhRXJu2jmqM
  assets\audio\es\silabas\celeste-color-0.mp3
    texto: 'ce'  ipa: None
    error: 400 Client Error: Bad Request for url: https://texttospeech.googleapis.com/v1/text:synthesize?key=AIzaSyAL1mg758L1cHG-yiGo-ztfDhRXJu2jmqM
  assets\audio\es\silabas\violeta-flor-2.mp3
    texto: 'ta'  ipa: None
    error: 400 Client Error: Bad Request for url: https://texttospeech.googleapis.com/v1/text:synthesize?key=AIzaSyAL1mg758L1cHG-yiGo-ztfDhRXJu2jmqM
  assets\audio\es\silabas\magenta-color-0.mp3
    texto: 'ma'  ipa: None
    error: 400 Client Error: Bad Request for url: https://texttospeech.googleapis.com/v1/text:synthesize?key=AIzaSyAL1mg758L1cHG-yiGo-ztfDhRXJu2jmqM
  assets\audio\es\silabas\magenta-color-1.mp3
    texto: 'gen'  ipa: None
    error: 400 Client Error: Bad Request for url: https://texttospeech.googleapis.com/v1/text:synthesize?key=AIzaSyAL1mg758L1cHG-yiGo-ztfDhRXJu2jmqM
  assets\audio\es\silabas\oliva-0.mp3
    texto: 'o'  ipa: None
    error: 400 Client Error: Bad Request for url: https://texttospeech.googleapis.com/v1/text:synthesize?key=AIzaSyAL1mg758L1cHG-yiGo-ztfDhRXJu2jmqM
  assets\audio\es\silabas\magenta-color-2.mp3
    texto: 'ta'  ipa: None
    error: 400 Client Error: Bad Request for url: https://texttospeech.googleapis.com/v1/text:synthesize?key=AIzaSyAL1mg758L1cHG-yiGo-ztfDhRXJu2jmqM
  assets\audio\es\silabas\oliva-1.mp3
    texto: 'li'  ipa: None
    error: 400 Client Error: Bad Request for url: https://texttospeech.googleapis.com/v1/text:synthesize?key=AIzaSyAL1mg758L1cHG-yiGo-ztfDhRXJu2jmqM
  assets\audio\es\silabas\oliva-2.mp3
    texto: 'va'  ipa: None
    error: 400 Client Error: Bad Request for url: https://texttospeech.googleapis.com/v1/text:synthesize?key=AIzaSyAL1mg758L1cHG-yiGo-ztfDhRXJu2jmqM
  assets\audio\es\silabas\coral-0.mp3
    texto: 'co'  ipa: None
    error: 400 Client Error: Bad Request for url: https://texttospeech.googleapis.com/v1/text:synthesize?key=AIzaSyAL1mg758L1cHG-yiGo-ztfDhRXJu2jmqM
  assets\audio\es\silabas\coral-1.mp3
    texto: 'ral'  ipa: 'ɾal'
    error: 400 Client Error: Bad Request for url: https://texttospeech.googleapis.com/v1/text:synthesize?key=AIzaSyAL1mg758L1cHG-yiGo-ztfDhRXJu2jmqM
  assets\audio\es\silabas\tener-frio-0.mp3
    texto: 'te'  ipa: None
    error: 400 Client Error: Bad Request for url: https://texttospeech.googleapis.com/v1/text:synthesize?key=AIzaSyAL1mg758L1cHG-yiGo-ztfDhRXJu2jmqM
  assets\audio\es\silabas\tener-frio-1.mp3
    texto: 'ner'  ipa: None
    error: 400 Client Error: Bad Request for url: https://texttospeech.googleapis.com/v1/text:synthesize?key=AIzaSyAL1mg758L1cHG-yiGo-ztfDhRXJu2jmqM
  assets\audio\es\silabas\tener-frio-2.mp3
    texto: 'frí'  ipa: None
    error: 400 Client Error: Bad Request for url: https://texttospeech.googleapis.com/v1/text:synthesize?key=AIzaSyAL1mg758L1cHG-yiGo-ztfDhRXJu2jmqM
  assets\audio\es\silabas\tener-frio-3.mp3
    texto: 'o'  ipa: None
    error: 400 Client Error: Bad Request for url: https://texttospeech.googleapis.com/v1/text:synthesize?key=AIzaSyAL1mg758L1cHG-yiGo-ztfDhRXJu2jmqM
  assets\audio\es\silabas\carambola-0.mp3
    texto: 'ca'  ipa: None
    error: 400 Client Error: Bad Request for url: https://texttospeech.googleapis.com/v1/text:synthesize?key=AIzaSyAL1mg758L1cHG-yiGo-ztfDhRXJu2jmqM
  assets\audio\es\silabas\carambola-2.mp3
    texto: 'bo'  ipa: None
    error: 400 Client Error: Bad Request for url: https://texttospeech.googleapis.com/v1/text:synthesize?key=AIzaSyAL1mg758L1cHG-yiGo-ztfDhRXJu2jmqM
  assets\audio\es\silabas\carambola-1.mp3
    texto: 'ram'  ipa: 'ɾam'
    error: 400 Client Error: Bad Request for url: https://texttospeech.googleapis.com/v1/text:synthesize?key=AIzaSyAL1mg758L1cHG-yiGo-ztfDhRXJu2jmqM
  assets\audio\es\silabas\carambola-3.mp3
    texto: 'la'  ipa: None
    error: 400 Client Error: Bad Request for url: https://texttospeech.googleapis.com/v1/text:synthesize?key=AIzaSyAL1mg758L1cHG-yiGo-ztfDhRXJu2jmqM
  assets\audio\es\silabas\lima-0.mp3
    texto: 'li'  ipa: None
    error: 400 Client Error: Bad Request for url: https://texttospeech.googleapis.com/v1/text:synthesize?key=AIzaSyAL1mg758L1cHG-yiGo-ztfDhRXJu2jmqM
  assets\audio\es\silabas\ocre-color-0.mp3
    texto: 'o'  ipa: None
    error: 400 Client Error: Bad Request for url: https://texttospeech.googleapis.com/v1/text:synthesize?key=AIzaSyAL1mg758L1cHG-yiGo-ztfDhRXJu2jmqM
  assets\audio\es\silabas\ocre-color-1.mp3
    texto: 'cre'  ipa: None
    error: 400 Client Error: Bad Request for url: https://texttospeech.googleapis.com/v1/text:synthesize?key=AIzaSyAL1mg758L1cHG-yiGo-ztfDhRXJu2jmqM
  assets\audio\es\silabas\correr-0.mp3
    texto: 'co'  ipa: None
    error: 400 Client Error: Bad Request for url: https://texttospeech.googleapis.com/v1/text:synthesize?key=AIzaSyAL1mg758L1cHG-yiGo-ztfDhRXJu2jmqM
  assets\audio\es\silabas\lima-1.mp3
    texto: 'ma'  ipa: None
    error: 400 Client Error: Bad Request for url: https://texttospeech.googleapis.com/v1/text:synthesize?key=AIzaSyAL1mg758L1cHG-yiGo-ztfDhRXJu2jmqM
  assets\audio\es\silabas\correr-1.mp3
    texto: 'rrer'  ipa: None
    error: 400 Client Error: Bad Request for url: https://texttospeech.googleapis.com/v1/text:synthesize?key=AIzaSyAL1mg758L1cHG-yiGo-ztfDhRXJu2jmqM
  assets\audio\es\silabas\saltar-1.mp3
    texto: 'tar'  ipa: None
    error: 400 Client Error: Bad Request for url: https://texttospeech.googleapis.com/v1/text:synthesize?key=AIzaSyAL1mg758L1cHG-yiGo-ztfDhRXJu2jmqM
  assets\audio\es\silabas\beber-0.mp3
    texto: 'xbe'  ipa: 'be'
    error: 400 Client Error: Bad Request for url: https://texttospeech.googleapis.com/v1/text:synthesize?key=AIzaSyAL1mg758L1cHG-yiGo-ztfDhRXJu2jmqM
  assets\audio\es\silabas\saltar-0.mp3
    texto: 'sal'  ipa: None
    error: 400 Client Error: Bad Request for url: https://texttospeech.googleapis.com/v1/text:synthesize?key=AIzaSyAL1mg758L1cHG-yiGo-ztfDhRXJu2jmqM
  assets\audio\es\silabas\beber-1.mp3
    texto: 'ber'  ipa: None
    error: 400 Client Error: Bad Request for url: https://texttospeech.googleapis.com/v1/text:synthesize?key=AIzaSyAL1mg758L1cHG-yiGo-ztfDhRXJu2jmqM
  assets\audio\es\silabas\jugar-0.mp3
    texto: 'xju'  ipa: 'xu'
    error: 400 Client Error: Bad Request for url: https://texttospeech.googleapis.com/v1/text:synthesize?key=AIzaSyAL1mg758L1cHG-yiGo-ztfDhRXJu2jmqM
  assets\audio\es\silabas\bailar-0.mp3
    texto: 'bai'  ipa: None
    error: 400 Client Error: Bad Request for url: https://texttospeech.googleapis.com/v1/text:synthesize?key=AIzaSyAL1mg758L1cHG-yiGo-ztfDhRXJu2jmqM
  assets\audio\es\silabas\cantar-1.mp3
    texto: 'tar'  ipa: None
    error: 400 Client Error: Bad Request for url: https://texttospeech.googleapis.com/v1/text:synthesize?key=AIzaSyAL1mg758L1cHG-yiGo-ztfDhRXJu2jmqM
  assets\audio\es\silabas\jugar-1.mp3
    texto: 'xgar'  ipa: 'gar'
    error: 400 Client Error: Bad Request for url: https://texttospeech.googleapis.com/v1/text:synthesize?key=AIzaSyAL1mg758L1cHG-yiGo-ztfDhRXJu2jmqM
  assets\audio\es\silabas\cantar-0.mp3
    texto: 'can'  ipa: None
    error: 400 Client Error: Bad Request for url: https://texttospeech.googleapis.com/v1/text:synthesize?key=AIzaSyAL1mg758L1cHG-yiGo-ztfDhRXJu2jmqM
  assets\audio\es\silabas\bailar-1.mp3
    texto: 'lar'  ipa: None
    error: 400 Client Error: Bad Request for url: https://texttospeech.googleapis.com/v1/text:synthesize?key=AIzaSyAL1mg758L1cHG-yiGo-ztfDhRXJu2jmqM
  assets\audio\es\silabas\dibujar-0.mp3
    texto: 'di'  ipa: None
    error: 400 Client Error: Bad Request for url: https://texttospeech.googleapis.com/v1/text:synthesize?key=AIzaSyAL1mg758L1cHG-yiGo-ztfDhRXJu2jmqM
  assets\audio\es\silabas\leer-0.mp3
    texto: 'le'  ipa: None
    error: 400 Client Error: Bad Request for url: https://texttospeech.googleapis.com/v1/text:synthesize?key=AIzaSyAL1mg758L1cHG-yiGo-ztfDhRXJu2jmqM
  assets\audio\es\silabas\leer-1.mp3
    texto: 'xer'  ipa: 'er'
    error: 400 Client Error: Bad Request for url: https://texttospeech.googleapis.com/v1/text:synthesize?key=AIzaSyAL1mg758L1cHG-yiGo-ztfDhRXJu2jmqM
  assets\audio\es\silabas\dibujar-1.mp3
    texto: 'bu'  ipa: None
    error: 400 Client Error: Bad Request for url: https://texttospeech.googleapis.com/v1/text:synthesize?key=AIzaSyAL1mg758L1cHG-yiGo-ztfDhRXJu2jmqM
  assets\audio\es\silabas\dibujar-2.mp3
    texto: 'xjar'  ipa: 'xar'
    error: 400 Client Error: Bad Request for url: https://texttospeech.googleapis.com/v1/text:synthesize?key=AIzaSyAL1mg758L1cHG-yiGo-ztfDhRXJu2jmqM
  assets\audio\es\silabas\escribir-0.mp3
    texto: 'es'  ipa: None
    error: 400 Client Error: Bad Request for url: https://texttospeech.googleapis.com/v1/text:synthesize?key=AIzaSyAL1mg758L1cHG-yiGo-ztfDhRXJu2jmqM
  assets\audio\es\silabas\pintar-1.mp3
    texto: 'tar'  ipa: None
    error: 400 Client Error: Bad Request for url: https://texttospeech.googleapis.com/v1/text:synthesize?key=AIzaSyAL1mg758L1cHG-yiGo-ztfDhRXJu2jmqM
  assets\audio\es\silabas\pintar-0.mp3
    texto: 'pin'  ipa: None
    error: 400 Client Error: Bad Request for url: https://texttospeech.googleapis.com/v1/text:synthesize?key=AIzaSyAL1mg758L1cHG-yiGo-ztfDhRXJu2jmqM
  assets\audio\es\silabas\escribir-1.mp3
    texto: 'cri'  ipa: None
    error: 400 Client Error: Bad Request for url: https://texttospeech.googleapis.com/v1/text:synthesize?key=AIzaSyAL1mg758L1cHG-yiGo-ztfDhRXJu2jmqM
  assets\audio\es\silabas\escribir-2.mp3
    texto: 'bir'  ipa: None
    error: 400 Client Error: Bad Request for url: https://texttospeech.googleapis.com/v1/text:synthesize?key=AIzaSyAL1mg758L1cHG-yiGo-ztfDhRXJu2jmqM
  assets\audio\es\silabas\llorar-0.mp3
    texto: 'llo'  ipa: None
    error: 400 Client Error: Bad Request for url: https://texttospeech.googleapis.com/v1/text:synthesize?key=AIzaSyAL1mg758L1cHG-yiGo-ztfDhRXJu2jmqM
  assets\audio\es\silabas\reir-1.mp3
    texto: 'ir'  ipa: None
    error: 400 Client Error: Bad Request for url: https://texttospeech.googleapis.com/v1/text:synthesize?key=AIzaSyAL1mg758L1cHG-yiGo-ztfDhRXJu2jmqM
  assets\audio\es\silabas\llorar-1.mp3
    texto: 'rar'  ipa: 'ɾar'
    error: 400 Client Error: Bad Request for url: https://texttospeech.googleapis.com/v1/text:synthesize?key=AIzaSyAL1mg758L1cHG-yiGo-ztfDhRXJu2jmqM
  assets\audio\es\silabas\abrazar-0.mp3
    texto: 'a'  ipa: None
    error: 400 Client Error: Bad Request for url: https://texttospeech.googleapis.com/v1/text:synthesize?key=AIzaSyAL1mg758L1cHG-yiGo-ztfDhRXJu2jmqM
  assets\audio\es\silabas\reir-0.mp3
    texto: 're'  ipa: None
    error: 400 Client Error: Bad Request for url: https://texttospeech.googleapis.com/v1/text:synthesize?key=AIzaSyAL1mg758L1cHG-yiGo-ztfDhRXJu2jmqM
  assets\audio\es\silabas\abrazar-1.mp3
    texto: 'bra'  ipa: None
    error: 400 Client Error: Bad Request for url: https://texttospeech.googleapis.com/v1/text:synthesize?key=AIzaSyAL1mg758L1cHG-yiGo-ztfDhRXJu2jmqM
  assets\audio\es\silabas\abrazar-2.mp3
    texto: 'zar'  ipa: None
    error: 400 Client Error: Bad Request for url: https://texttospeech.googleapis.com/v1/text:synthesize?key=AIzaSyAL1mg758L1cHG-yiGo-ztfDhRXJu2jmqM
  assets\audio\es\silabas\besar-1.mp3
    texto: 'sar'  ipa: None
    error: 400 Client Error: Bad Request for url: https://texttospeech.googleapis.com/v1/text:synthesize?key=AIzaSyAL1mg758L1cHG-yiGo-ztfDhRXJu2jmqM
  assets\audio\es\silabas\besar-0.mp3
    texto: 'xbe'  ipa: 'be'
    error: 400 Client Error: Bad Request for url: https://texttospeech.googleapis.com/v1/text:synthesize?key=AIzaSyAL1mg758L1cHG-yiGo-ztfDhRXJu2jmqM
  assets\audio\es\silabas\caminar-0.mp3
    texto: 'ca'  ipa: None
    error: 400 Client Error: Bad Request for url: https://texttospeech.googleapis.com/v1/text:synthesize?key=AIzaSyAL1mg758L1cHG-yiGo-ztfDhRXJu2jmqM
  assets\audio\es\silabas\caminar-1.mp3
    texto: 'mi'  ipa: None
    error: 400 Client Error: Bad Request for url: https://texttospeech.googleapis.com/v1/text:synthesize?key=AIzaSyAL1mg758L1cHG-yiGo-ztfDhRXJu2jmqM
  assets\audio\es\silabas\nadar-1.mp3
    texto: 'dar'  ipa: None
    error: 400 Client Error: Bad Request for url: https://texttospeech.googleapis.com/v1/text:synthesize?key=AIzaSyAL1mg758L1cHG-yiGo-ztfDhRXJu2jmqM
  assets\audio\es\silabas\nadar-0.mp3
    texto: 'na'  ipa: None
    error: 400 Client Error: Bad Request for url: https://texttospeech.googleapis.com/v1/text:synthesize?key=AIzaSyAL1mg758L1cHG-yiGo-ztfDhRXJu2jmqM
  assets\audio\es\silabas\trepar-0.mp3
    texto: 'tre'  ipa: None
    error: 400 Client Error: Bad Request for url: https://texttospeech.googleapis.com/v1/text:synthesize?key=AIzaSyAL1mg758L1cHG-yiGo-ztfDhRXJu2jmqM
  assets\audio\es\silabas\caminar-2.mp3
    texto: 'nar'  ipa: None
    error: 400 Client Error: Bad Request for url: https://texttospeech.googleapis.com/v1/text:synthesize?key=AIzaSyAL1mg758L1cHG-yiGo-ztfDhRXJu2jmqM
  assets\audio\es\silabas\trepar-1.mp3
    texto: 'par'  ipa: None
    error: 400 Client Error: Bad Request for url: https://texttospeech.googleapis.com/v1/text:synthesize?key=AIzaSyAL1mg758L1cHG-yiGo-ztfDhRXJu2jmqM
  assets\audio\es\silabas\empujar-0.mp3
    texto: 'em'  ipa: None
    error: 400 Client Error: Bad Request for url: https://texttospeech.googleapis.com/v1/text:synthesize?key=AIzaSyAL1mg758L1cHG-yiGo-ztfDhRXJu2jmqM
  assets\audio\es\silabas\jalar-0.mp3
    texto: 'ja'  ipa: None
    error: 400 Client Error: Bad Request for url: https://texttospeech.googleapis.com/v1/text:synthesize?key=AIzaSyAL1mg758L1cHG-yiGo-ztfDhRXJu2jmqM
  assets\audio\es\silabas\empujar-1.mp3
    texto: 'pu'  ipa: None
    error: 400 Client Error: Bad Request for url: https://texttospeech.googleapis.com/v1/text:synthesize?key=AIzaSyAL1mg758L1cHG-yiGo-ztfDhRXJu2jmqM
  assets\audio\es\silabas\empujar-2.mp3
    texto: 'xjar'  ipa: 'xar'
    error: 400 Client Error: Bad Request for url: https://texttospeech.googleapis.com/v1/text:synthesize?key=AIzaSyAL1mg758L1cHG-yiGo-ztfDhRXJu2jmqM
  assets\audio\es\silabas\jalar-1.mp3
    texto: 'lar'  ipa: None
    error: 400 Client Error: Bad Request for url: https://texttospeech.googleapis.com/v1/text:synthesize?key=AIzaSyAL1mg758L1cHG-yiGo-ztfDhRXJu2jmqM
  assets\audio\es\silabas\cerrar-0.mp3
    texto: 'ce'  ipa: None
    error: 400 Client Error: Bad Request for url: https://texttospeech.googleapis.com/v1/text:synthesize?key=AIzaSyAL1mg758L1cHG-yiGo-ztfDhRXJu2jmqM
  assets\audio\es\silabas\abrir-1.mp3
    texto: 'brír'  ipa: None
    error: 400 Client Error: Bad Request for url: https://texttospeech.googleapis.com/v1/text:synthesize?key=AIzaSyAL1mg758L1cHG-yiGo-ztfDhRXJu2jmqM
  assets\audio\es\silabas\abrir-0.mp3
    texto: 'a'  ipa: None
    error: 400 Client Error: Bad Request for url: https://texttospeech.googleapis.com/v1/text:synthesize?key=AIzaSyAL1mg758L1cHG-yiGo-ztfDhRXJu2jmqM
  assets\audio\es\silabas\cerrar-1.mp3
    texto: 'rrár'  ipa: None
    error: 400 Client Error: Bad Request for url: https://texttospeech.googleapis.com/v1/text:synthesize?key=AIzaSyAL1mg758L1cHG-yiGo-ztfDhRXJu2jmqM
  assets\audio\es\silabas\feliz-0.mp3
    texto: 'fe'  ipa: None
    error: 400 Client Error: Bad Request for url: https://texttospeech.googleapis.com/v1/text:synthesize?key=AIzaSyAL1mg758L1cHG-yiGo-ztfDhRXJu2jmqM
  assets\audio\es\silabas\triste-0.mp3
    texto: 'tris'  ipa: None
    error: 400 Client Error: Bad Request for url: https://texttospeech.googleapis.com/v1/text:synthesize?key=AIzaSyAL1mg758L1cHG-yiGo-ztfDhRXJu2jmqM
  assets\audio\es\silabas\enojado-0.mp3
    texto: 'e'  ipa: None
    error: 400 Client Error: Bad Request for url: https://texttospeech.googleapis.com/v1/text:synthesize?key=AIzaSyAL1mg758L1cHG-yiGo-ztfDhRXJu2jmqM
  assets\audio\es\silabas\triste-1.mp3
    texto: 'te'  ipa: None
    error: 400 Client Error: Bad Request for url: https://texttospeech.googleapis.com/v1/text:synthesize?key=AIzaSyAL1mg758L1cHG-yiGo-ztfDhRXJu2jmqM
  assets\audio\es\silabas\feliz-1.mp3
    texto: 'liz'  ipa: None
    error: 400 Client Error: Bad Request for url: https://texttospeech.googleapis.com/v1/text:synthesize?key=AIzaSyAL1mg758L1cHG-yiGo-ztfDhRXJu2jmqM
  assets\audio\es\silabas\enojado-1.mp3
    texto: 'no'  ipa: None
    error: 400 Client Error: Bad Request for url: https://texttospeech.googleapis.com/v1/text:synthesize?key=AIzaSyAL1mg758L1cHG-yiGo-ztfDhRXJu2jmqM
  assets\audio\es\silabas\enojado-2.mp3
    texto: 'ja'  ipa: None
    error: 400 Client Error: Bad Request for url: https://texttospeech.googleapis.com/v1/text:synthesize?key=AIzaSyAL1mg758L1cHG-yiGo-ztfDhRXJu2jmqM
  assets\audio\es\silabas\asustado-0.mp3
    texto: 'a'  ipa: None
    error: 400 Client Error: Bad Request for url: https://texttospeech.googleapis.com/v1/text:synthesize?key=AIzaSyAL1mg758L1cHG-yiGo-ztfDhRXJu2jmqM
  assets\audio\es\silabas\enojado-3.mp3
    texto: 'do'  ipa: None
    error: 400 Client Error: Bad Request for url: https://texttospeech.googleapis.com/v1/text:synthesize?key=AIzaSyAL1mg758L1cHG-yiGo-ztfDhRXJu2jmqM
  assets\audio\es\silabas\asustado-1.mp3
    texto: 'sus'  ipa: None
    error: 400 Client Error: Bad Request for url: https://texttospeech.googleapis.com/v1/text:synthesize?key=AIzaSyAL1mg758L1cHG-yiGo-ztfDhRXJu2jmqM
  assets\audio\es\silabas\asustado-2.mp3
    texto: 'ta'  ipa: None
    error: 400 Client Error: Bad Request for url: https://texttospeech.googleapis.com/v1/text:synthesize?key=AIzaSyAL1mg758L1cHG-yiGo-ztfDhRXJu2jmqM
  assets\audio\es\silabas\asustado-3.mp3
    texto: 'do'  ipa: None
    error: 400 Client Error: Bad Request for url: https://texttospeech.googleapis.com/v1/text:synthesize?key=AIzaSyAL1mg758L1cHG-yiGo-ztfDhRXJu2jmqM
  assets\audio\es\silabas\sorprendido-1.mp3
    texto: 'pren'  ipa: None
    error: 400 Client Error: Bad Request for url: https://texttospeech.googleapis.com/v1/text:synthesize?key=AIzaSyAL1mg758L1cHG-yiGo-ztfDhRXJu2jmqM
  assets\audio\es\silabas\sorprendido-3.mp3
    texto: 'do'  ipa: None
    error: 400 Client Error: Bad Request for url: https://texttospeech.googleapis.com/v1/text:synthesize?key=AIzaSyAL1mg758L1cHG-yiGo-ztfDhRXJu2jmqM
  assets\audio\es\silabas\sorprendido-2.mp3
    texto: 'di'  ipa: None
    error: 400 Client Error: Bad Request for url: https://texttospeech.googleapis.com/v1/text:synthesize?key=AIzaSyAL1mg758L1cHG-yiGo-ztfDhRXJu2jmqM
  assets\audio\es\silabas\sorprendido-0.mp3
    texto: 'sor'  ipa: None
    error: 400 Client Error: Bad Request for url: https://texttospeech.googleapis.com/v1/text:synthesize?key=AIzaSyAL1mg758L1cHG-yiGo-ztfDhRXJu2jmqM
  assets\audio\es\silabas\aburrido-3.mp3
    texto: 'do'  ipa: None
    error: 400 Client Error: Bad Request for url: https://texttospeech.googleapis.com/v1/text:synthesize?key=AIzaSyAL1mg758L1cHG-yiGo-ztfDhRXJu2jmqM
  assets\audio\es\silabas\aburrido-1.mp3
    texto: 'bu'  ipa: None
    error: 400 Client Error: Bad Request for url: https://texttospeech.googleapis.com/v1/text:synthesize?key=AIzaSyAL1mg758L1cHG-yiGo-ztfDhRXJu2jmqM
  assets\audio\es\silabas\aburrido-2.mp3
    texto: 'rri'  ipa: None
    error: 400 Client Error: Bad Request for url: https://texttospeech.googleapis.com/v1/text:synthesize?key=AIzaSyAL1mg758L1cHG-yiGo-ztfDhRXJu2jmqM
  assets\audio\es\silabas\emocionado-0.mp3
    texto: 'e'  ipa: None
    error: 400 Client Error: Bad Request for url: https://texttospeech.googleapis.com/v1/text:synthesize?key=AIzaSyAL1mg758L1cHG-yiGo-ztfDhRXJu2jmqM
  assets\audio\es\silabas\aburrido-0.mp3
    texto: 'a'  ipa: None
    error: 400 Client Error: Bad Request for url: https://texttospeech.googleapis.com/v1/text:synthesize?key=AIzaSyAL1mg758L1cHG-yiGo-ztfDhRXJu2jmqM
  assets\audio\es\silabas\emocionado-1.mp3
    texto: 'mo'  ipa: None
    error: 400 Client Error: Bad Request for url: https://texttospeech.googleapis.com/v1/text:synthesize?key=AIzaSyAL1mg758L1cHG-yiGo-ztfDhRXJu2jmqM
  assets\audio\es\silabas\emocionado-3.mp3
    texto: 'na'  ipa: None
    error: 400 Client Error: Bad Request for url: https://texttospeech.googleapis.com/v1/text:synthesize?key=AIzaSyAL1mg758L1cHG-yiGo-ztfDhRXJu2jmqM
  assets\audio\es\silabas\emocionado-2.mp3
    texto: 'cio'  ipa: 'sjo'
    error: 400 Client Error: Bad Request for url: https://texttospeech.googleapis.com/v1/text:synthesize?key=AIzaSyAL1mg758L1cHG-yiGo-ztfDhRXJu2jmqM
  assets\audio\es\silabas\emocionado-4.mp3
    texto: 'do'  ipa: None
    error: 400 Client Error: Bad Request for url: https://texttospeech.googleapis.com/v1/text:synthesize?key=AIzaSyAL1mg758L1cHG-yiGo-ztfDhRXJu2jmqM
  assets\audio\es\silabas\tranquilo-0.mp3
    texto: 'tran'  ipa: None
    error: 400 Client Error: Bad Request for url: https://texttospeech.googleapis.com/v1/text:synthesize?key=AIzaSyAL1mg758L1cHG-yiGo-ztfDhRXJu2jmqM
  assets\audio\es\silabas\tranquilo-1.mp3
    texto: 'qui'  ipa: None
    error: 400 Client Error: Bad Request for url: https://texttospeech.googleapis.com/v1/text:synthesize?key=AIzaSyAL1mg758L1cHG-yiGo-ztfDhRXJu2jmqM
  assets\audio\es\silabas\cansado-1.mp3
    texto: 'sa'  ipa: None
    error: 400 Client Error: Bad Request for url: https://texttospeech.googleapis.com/v1/text:synthesize?key=AIzaSyAL1mg758L1cHG-yiGo-ztfDhRXJu2jmqM
  assets\audio\es\silabas\tranquilo-2.mp3
    texto: 'lo'  ipa: None
    error: 400 Client Error: Bad Request for url: https://texttospeech.googleapis.com/v1/text:synthesize?key=AIzaSyAL1mg758L1cHG-yiGo-ztfDhRXJu2jmqM
  assets\audio\es\silabas\cansado-0.mp3
    texto: 'can'  ipa: None
    error: 400 Client Error: Bad Request for url: https://texttospeech.googleapis.com/v1/text:synthesize?key=AIzaSyAL1mg758L1cHG-yiGo-ztfDhRXJu2jmqM
  assets\audio\es\silabas\cansado-2.mp3
    texto: 'do'  ipa: None
    error: 400 Client Error: Bad Request for url: https://texttospeech.googleapis.com/v1/text:synthesize?key=AIzaSyAL1mg758L1cHG-yiGo-ztfDhRXJu2jmqM
  assets\audio\es\silabas\contento-0.mp3
    texto: 'con'  ipa: None
    error: 400 Client Error: Bad Request for url: https://texttospeech.googleapis.com/v1/text:synthesize?key=AIzaSyAL1mg758L1cHG-yiGo-ztfDhRXJu2jmqM
  assets\audio\es\silabas\contento-1.mp3
    texto: 'ten'  ipa: None
    error: 400 Client Error: Bad Request for url: https://texttospeech.googleapis.com/v1/text:synthesize?key=AIzaSyAL1mg758L1cHG-yiGo-ztfDhRXJu2jmqM
  assets\audio\es\silabas\nervioso-0.mp3
    texto: 'ner'  ipa: None
    error: 400 Client Error: Bad Request for url: https://texttospeech.googleapis.com/v1/text:synthesize?key=AIzaSyAL1mg758L1cHG-yiGo-ztfDhRXJu2jmqM
  assets\audio\es\silabas\nervioso-1.mp3
    texto: 'vio'  ipa: None
    error: 400 Client Error: Bad Request for url: https://texttospeech.googleapis.com/v1/text:synthesize?key=AIzaSyAL1mg758L1cHG-yiGo-ztfDhRXJu2jmqM
  assets\audio\es\silabas\contento-2.mp3
    texto: 'xto'  ipa: 'to'
    error: 400 Client Error: Bad Request for url: https://texttospeech.googleapis.com/v1/text:synthesize?key=AIzaSyAL1mg758L1cHG-yiGo-ztfDhRXJu2jmqM
  assets\audio\es\silabas\nervioso-2.mp3
    texto: 'xso'  ipa: 'so'
    error: 400 Client Error: Bad Request for url: https://texttospeech.googleapis.com/v1/text:synthesize?key=AIzaSyAL1mg758L1cHG-yiGo-ztfDhRXJu2jmqM
  assets\audio\es\silabas\orgulloso-1.mp3
    texto: 'gu'  ipa: None
    error: 400 Client Error: Bad Request for url: https://texttospeech.googleapis.com/v1/text:synthesize?key=AIzaSyAL1mg758L1cHG-yiGo-ztfDhRXJu2jmqM
  assets\audio\es\silabas\orgulloso-0.mp3
    texto: 'or'  ipa: None
    error: 400 Client Error: Bad Request for url: https://texttospeech.googleapis.com/v1/text:synthesize?key=AIzaSyAL1mg758L1cHG-yiGo-ztfDhRXJu2jmqM
  assets\audio\es\silabas\orgulloso-2.mp3
    texto: 'llo'  ipa: None
    error: 400 Client Error: Bad Request for url: https://texttospeech.googleapis.com/v1/text:synthesize?key=AIzaSyAL1mg758L1cHG-yiGo-ztfDhRXJu2jmqM
  assets\audio\es\silabas\orgulloso-3.mp3
    texto: 'xso'  ipa: 'so'
    error: 400 Client Error: Bad Request for url: https://texttospeech.googleapis.com/v1/text:synthesize?key=AIzaSyAL1mg758L1cHG-yiGo-ztfDhRXJu2jmqM
  assets\audio\es\silabas\celoso-0.mp3
    texto: 'ce'  ipa: None
    error: 400 Client Error: Bad Request for url: https://texttospeech.googleapis.com/v1/text:synthesize?key=AIzaSyAL1mg758L1cHG-yiGo-ztfDhRXJu2jmqM
  assets\audio\es\silabas\avergonzado-1.mp3
    texto: 'ver'  ipa: None
    error: 400 Client Error: Bad Request for url: https://texttospeech.googleapis.com/v1/text:synthesize?key=AIzaSyAL1mg758L1cHG-yiGo-ztfDhRXJu2jmqM
  assets\audio\es\silabas\celoso-2.mp3
    texto: 'xso'  ipa: 'so'
    error: 400 Client Error: Bad Request for url: https://texttospeech.googleapis.com/v1/text:synthesize?key=AIzaSyAL1mg758L1cHG-yiGo-ztfDhRXJu2jmqM
  assets\audio\es\silabas\celoso-1.mp3
    texto: 'lo'  ipa: None
    error: 400 Client Error: Bad Request for url: https://texttospeech.googleapis.com/v1/text:synthesize?key=AIzaSyAL1mg758L1cHG-yiGo-ztfDhRXJu2jmqM
  assets\audio\es\silabas\avergonzado-0.mp3
    texto: 'a'  ipa: None
    error: 400 Client Error: Bad Request for url: https://texttospeech.googleapis.com/v1/text:synthesize?key=AIzaSyAL1mg758L1cHG-yiGo-ztfDhRXJu2jmqM
  assets\audio\es\silabas\avergonzado-2.mp3
    texto: 'gon'  ipa: None
    error: 400 Client Error: Bad Request for url: https://texttospeech.googleapis.com/v1/text:synthesize?key=AIzaSyAL1mg758L1cHG-yiGo-ztfDhRXJu2jmqM
  assets\audio\es\silabas\confundido-1.mp3
    texto: 'xfun'  ipa: 'fun'
    error: 400 Client Error: Bad Request for url: https://texttospeech.googleapis.com/v1/text:synthesize?key=AIzaSyAL1mg758L1cHG-yiGo-ztfDhRXJu2jmqM
  assets\audio\es\silabas\avergonzado-4.mp3
    texto: 'do'  ipa: None
    error: 400 Client Error: Bad Request for url: https://texttospeech.googleapis.com/v1/text:synthesize?key=AIzaSyAL1mg758L1cHG-yiGo-ztfDhRXJu2jmqM
  assets\audio\es\silabas\avergonzado-3.mp3
    texto: 'za'  ipa: None
    error: 400 Client Error: Bad Request for url: https://texttospeech.googleapis.com/v1/text:synthesize?key=AIzaSyAL1mg758L1cHG-yiGo-ztfDhRXJu2jmqM
  assets\audio\es\silabas\confundido-0.mp3
    texto: 'con'  ipa: None
    error: 400 Client Error: Bad Request for url: https://texttospeech.googleapis.com/v1/text:synthesize?key=AIzaSyAL1mg758L1cHG-yiGo-ztfDhRXJu2jmqM
  assets\audio\es\silabas\confundido-2.mp3
    texto: 'di'  ipa: None
    error: 400 Client Error: Bad Request for url: https://texttospeech.googleapis.com/v1/text:synthesize?key=AIzaSyAL1mg758L1cHG-yiGo-ztfDhRXJu2jmqM
  assets\audio\es\silabas\enamorado-2.mp3
    texto: 'mo'  ipa: None
    error: 400 Client Error: Bad Request for url: https://texttospeech.googleapis.com/v1/text:synthesize?key=AIzaSyAL1mg758L1cHG-yiGo-ztfDhRXJu2jmqM
  assets\audio\es\silabas\enamorado-1.mp3
    texto: 'na'  ipa: None
    error: 400 Client Error: Bad Request for url: https://texttospeech.googleapis.com/v1/text:synthesize?key=AIzaSyAL1mg758L1cHG-yiGo-ztfDhRXJu2jmqM
  assets\audio\es\silabas\confundido-3.mp3
    texto: 'do'  ipa: None
    error: 400 Client Error: Bad Request for url: https://texttospeech.googleapis.com/v1/text:synthesize?key=AIzaSyAL1mg758L1cHG-yiGo-ztfDhRXJu2jmqM
  assets\audio\es\silabas\enamorado-0.mp3
    texto: 'e'  ipa: None
    error: 400 Client Error: Bad Request for url: https://texttospeech.googleapis.com/v1/text:synthesize?key=AIzaSyAL1mg758L1cHG-yiGo-ztfDhRXJu2jmqM
  assets\audio\es\silabas\enamorado-3.mp3
    texto: 'ra'  ipa: 'ɾa'
    error: 400 Client Error: Bad Request for url: https://texttospeech.googleapis.com/v1/text:synthesize?key=AIzaSyAL1mg758L1cHG-yiGo-ztfDhRXJu2jmqM
  assets\audio\es\silabas\enamorado-4.mp3
    texto: 'do'  ipa: None
    error: 400 Client Error: Bad Request for url: https://texttospeech.googleapis.com/v1/text:synthesize?key=AIzaSyAL1mg758L1cHG-yiGo-ztfDhRXJu2jmqM
  assets\audio\es\silabas\asqueado-0.mp3
    texto: 'as'  ipa: None
    error: 400 Client Error: Bad Request for url: https://texttospeech.googleapis.com/v1/text:synthesize?key=AIzaSyAL1mg758L1cHG-yiGo-ztfDhRXJu2jmqM
  assets\audio\es\silabas\asqueado-2.mp3
    texto: 'a'  ipa: None
    error: 400 Client Error: Bad Request for url: https://texttospeech.googleapis.com/v1/text:synthesize?key=AIzaSyAL1mg758L1cHG-yiGo-ztfDhRXJu2jmqM
  assets\audio\es\silabas\asqueado-3.mp3
    texto: 'do'  ipa: None
    error: 400 Client Error: Bad Request for url: https://texttospeech.googleapis.com/v1/text:synthesize?key=AIzaSyAL1mg758L1cHG-yiGo-ztfDhRXJu2jmqM
  assets\audio\es\silabas\asqueado-1.mp3
    texto: 'que'  ipa: None
    error: 400 Client Error: Bad Request for url: https://texttospeech.googleapis.com/v1/text:synthesize?key=AIzaSyAL1mg758L1cHG-yiGo-ztfDhRXJu2jmqM
  assets\audio\es\silabas\frustrado-1.mp3
    texto: 'tra'  ipa: None
    error: 400 Client Error: Bad Request for url: https://texttospeech.googleapis.com/v1/text:synthesize?key=AIzaSyAL1mg758L1cHG-yiGo-ztfDhRXJu2jmqM
  assets\audio\es\silabas\esperanzado-0.mp3
    texto: 'es'  ipa: None
    error: 400 Client Error: Bad Request for url: https://texttospeech.googleapis.com/v1/text:synthesize?key=AIzaSyAL1mg758L1cHG-yiGo-ztfDhRXJu2jmqM
  assets\audio\es\silabas\frustrado-2.mp3
    texto: 'do'  ipa: None
    error: 400 Client Error: Bad Request for url: https://texttospeech.googleapis.com/v1/text:synthesize?key=AIzaSyAL1mg758L1cHG-yiGo-ztfDhRXJu2jmqM
  assets\audio\es\silabas\esperanzado-1.mp3
    texto: 'pe'  ipa: None
    error: 400 Client Error: Bad Request for url: https://texttospeech.googleapis.com/v1/text:synthesize?key=AIzaSyAL1mg758L1cHG-yiGo-ztfDhRXJu2jmqM
  assets\audio\es\silabas\frustrado-0.mp3
    texto: 'frus'  ipa: None
    error: 400 Client Error: Bad Request for url: https://texttospeech.googleapis.com/v1/text:synthesize?key=AIzaSyAL1mg758L1cHG-yiGo-ztfDhRXJu2jmqM
  assets\audio\es\silabas\esperanzado-4.mp3
    texto: 'do'  ipa: None
    error: 400 Client Error: Bad Request for url: https://texttospeech.googleapis.com/v1/text:synthesize?key=AIzaSyAL1mg758L1cHG-yiGo-ztfDhRXJu2jmqM
  assets\audio\es\silabas\solitario-1.mp3
    texto: 'li'  ipa: None
    error: 400 Client Error: Bad Request for url: https://texttospeech.googleapis.com/v1/text:synthesize?key=AIzaSyAL1mg758L1cHG-yiGo-ztfDhRXJu2jmqM
  assets\audio\es\silabas\solitario-0.mp3
    texto: 'xso'  ipa: 'so'
    error: 400 Client Error: Bad Request for url: https://texttospeech.googleapis.com/v1/text:synthesize?key=AIzaSyAL1mg758L1cHG-yiGo-ztfDhRXJu2jmqM
  assets\audio\es\silabas\esperanzado-3.mp3
    texto: 'za'  ipa: None
    error: 400 Client Error: Bad Request for url: https://texttospeech.googleapis.com/v1/text:synthesize?key=AIzaSyAL1mg758L1cHG-yiGo-ztfDhRXJu2jmqM
  assets\audio\es\silabas\esperanzado-2.mp3
    texto: 'ran'  ipa: 'ɾan'
    error: 400 Client Error: Bad Request for url: https://texttospeech.googleapis.com/v1/text:synthesize?key=AIzaSyAL1mg758L1cHG-yiGo-ztfDhRXJu2jmqM
  assets\audio\es\silabas\solitario-3.mp3
    texto: 'rio'  ipa: 'ɾio'
    error: 400 Client Error: Bad Request for url: https://texttospeech.googleapis.com/v1/text:synthesize?key=AIzaSyAL1mg758L1cHG-yiGo-ztfDhRXJu2jmqM
  assets\audio\es\silabas\agradecido-1.mp3
    texto: 'gra'  ipa: None
    error: 400 Client Error: Bad Request for url: https://texttospeech.googleapis.com/v1/text:synthesize?key=AIzaSyAL1mg758L1cHG-yiGo-ztfDhRXJu2jmqM
  assets\audio\es\silabas\agradecido-2.mp3
    texto: 'de'  ipa: None
    error: 400 Client Error: Bad Request for url: https://texttospeech.googleapis.com/v1/text:synthesize?key=AIzaSyAL1mg758L1cHG-yiGo-ztfDhRXJu2jmqM
  assets\audio\es\silabas\agradecido-0.mp3
    texto: 'a'  ipa: None
    error: 400 Client Error: Bad Request for url: https://texttospeech.googleapis.com/v1/text:synthesize?key=AIzaSyAL1mg758L1cHG-yiGo-ztfDhRXJu2jmqM
  assets\audio\es\silabas\solitario-2.mp3
    texto: 'ta'  ipa: None
    error: 400 Client Error: Bad Request for url: https://texttospeech.googleapis.com/v1/text:synthesize?key=AIzaSyAL1mg758L1cHG-yiGo-ztfDhRXJu2jmqM
  assets\audio\es\silabas\curioso-1.mp3
    texto: 'rio'  ipa: 'ɾio'
    error: 400 Client Error: Bad Request for url: https://texttospeech.googleapis.com/v1/text:synthesize?key=AIzaSyAL1mg758L1cHG-yiGo-ztfDhRXJu2jmqM
  assets\audio\es\silabas\curioso-2.mp3
    texto: 'xso'  ipa: 'so'
    error: 400 Client Error: Bad Request for url: https://texttospeech.googleapis.com/v1/text:synthesize?key=AIzaSyAL1mg758L1cHG-yiGo-ztfDhRXJu2jmqM
  assets\audio\es\silabas\agradecido-3.mp3
    texto: 'ci'  ipa: None
    error: 400 Client Error: Bad Request for url: https://texttospeech.googleapis.com/v1/text:synthesize?key=AIzaSyAL1mg758L1cHG-yiGo-ztfDhRXJu2jmqM
  assets\audio\es\silabas\curioso-0.mp3
    texto: 'cú'  ipa: None
    error: 400 Client Error: Bad Request for url: https://texttospeech.googleapis.com/v1/text:synthesize?key=AIzaSyAL1mg758L1cHG-yiGo-ztfDhRXJu2jmqM
  assets\audio\es\silabas\agradecido-4.mp3
    texto: 'do'  ipa: None
    error: 400 Client Error: Bad Request for url: https://texttospeech.googleapis.com/v1/text:synthesize?key=AIzaSyAL1mg758L1cHG-yiGo-ztfDhRXJu2jmqM
  assets\audio\es\silabas\valiente-0.mp3
    texto: 'va'  ipa: None
    error: 400 Client Error: Bad Request for url: https://texttospeech.googleapis.com/v1/text:synthesize?key=AIzaSyAL1mg758L1cHG-yiGo-ztfDhRXJu2jmqM
  assets\audio\es\silabas\valiente-1.mp3
    texto: 'xlien'  ipa: 'ljen'
    error: 400 Client Error: Bad Request for url: https://texttospeech.googleapis.com/v1/text:synthesize?key=AIzaSyAL1mg758L1cHG-yiGo-ztfDhRXJu2jmqM
  assets\audio\es\silabas\timido-0.mp3
    texto: 'tí'  ipa: None
    error: 400 Client Error: Bad Request for url: https://texttospeech.googleapis.com/v1/text:synthesize?key=AIzaSyAL1mg758L1cHG-yiGo-ztfDhRXJu2jmqM
  assets\audio\es\silabas\valiente-2.mp3
    texto: 'te'  ipa: None
    error: 400 Client Error: Bad Request for url: https://texttospeech.googleapis.com/v1/text:synthesize?key=AIzaSyAL1mg758L1cHG-yiGo-ztfDhRXJu2jmqM
  assets\audio\es\silabas\timido-1.mp3
    texto: 'mi'  ipa: None
    error: 400 Client Error: Bad Request for url: https://texttospeech.googleapis.com/v1/text:synthesize?key=AIzaSyAL1mg758L1cHG-yiGo-ztfDhRXJu2jmqM
  assets\audio\es\silabas\grande-1.mp3
    texto: 'de'  ipa: None
    error: 400 Client Error: Bad Request for url: https://texttospeech.googleapis.com/v1/text:synthesize?key=AIzaSyAL1mg758L1cHG-yiGo-ztfDhRXJu2jmqM
  assets\audio\es\silabas\timido-2.mp3
    texto: 'do'  ipa: None
    error: 400 Client Error: Bad Request for url: https://texttospeech.googleapis.com/v1/text:synthesize?key=AIzaSyAL1mg758L1cHG-yiGo-ztfDhRXJu2jmqM
  assets\audio\es\silabas\grande-0.mp3
    texto: 'gran'  ipa: None
    error: 400 Client Error: Bad Request for url: https://texttospeech.googleapis.com/v1/text:synthesize?key=AIzaSyAL1mg758L1cHG-yiGo-ztfDhRXJu2jmqM
  assets\audio\es\silabas\pequeno-1.mp3
    texto: 'que'  ipa: None
    error: 400 Client Error: Bad Request for url: https://texttospeech.googleapis.com/v1/text:synthesize?key=AIzaSyAL1mg758L1cHG-yiGo-ztfDhRXJu2jmqM
  assets\audio\es\silabas\pequeno-0.mp3
    texto: 'pe'  ipa: None
    error: 400 Client Error: Bad Request for url: https://texttospeech.googleapis.com/v1/text:synthesize?key=AIzaSyAL1mg758L1cHG-yiGo-ztfDhRXJu2jmqM
  assets\audio\es\silabas\pequeno-2.mp3
    texto: 'ño'  ipa: None
    error: 400 Client Error: Bad Request for url: https://texttospeech.googleapis.com/v1/text:synthesize?key=AIzaSyAL1mg758L1cHG-yiGo-ztfDhRXJu2jmqM
  assets\audio\es\silabas\caliente-0.mp3
    texto: 'ca'  ipa: None
    error: 400 Client Error: Bad Request for url: https://texttospeech.googleapis.com/v1/text:synthesize?key=AIzaSyAL1mg758L1cHG-yiGo-ztfDhRXJu2jmqM
  assets\audio\es\silabas\lento-0.mp3
    texto: 'len'  ipa: None
    error: 400 Client Error: Bad Request for url: https://texttospeech.googleapis.com/v1/text:synthesize?key=AIzaSyAL1mg758L1cHG-yiGo-ztfDhRXJu2jmqM
  assets\audio\es\silabas\lento-1.mp3
    texto: 'xto'  ipa: 'to'
    error: 400 Client Error: Bad Request for url: https://texttospeech.googleapis.com/v1/text:synthesize?key=AIzaSyAL1mg758L1cHG-yiGo-ztfDhRXJu2jmqM
  assets\audio\es\silabas\caliente-1.mp3
    texto: 'xlien'  ipa: 'ljen'
    error: 400 Client Error: Bad Request for url: https://texttospeech.googleapis.com/v1/text:synthesize?key=AIzaSyAL1mg758L1cHG-yiGo-ztfDhRXJu2jmqM
  assets\audio\es\silabas\caliente-2.mp3
    texto: 'te'  ipa: None
    error: 400 Client Error: Bad Request for url: https://texttospeech.googleapis.com/v1/text:synthesize?key=AIzaSyAL1mg758L1cHG-yiGo-ztfDhRXJu2jmqM
  assets\audio\es\silabas\frio-0.mp3
    texto: 'frí'  ipa: None
    error: 400 Client Error: Bad Request for url: https://texttospeech.googleapis.com/v1/text:synthesize?key=AIzaSyAL1mg758L1cHG-yiGo-ztfDhRXJu2jmqM
  assets\audio\es\silabas\suave-0.mp3
    texto: 'sua'  ipa: None
    error: 400 Client Error: Bad Request for url: https://texttospeech.googleapis.com/v1/text:synthesize?key=AIzaSyAL1mg758L1cHG-yiGo-ztfDhRXJu2jmqM
  assets\audio\es\silabas\frio-1.mp3
    texto: 'o'  ipa: None
    error: 400 Client Error: Bad Request for url: https://texttospeech.googleapis.com/v1/text:synthesize?key=AIzaSyAL1mg758L1cHG-yiGo-ztfDhRXJu2jmqM
  assets\audio\es\silabas\suave-1.mp3
    texto: 've'  ipa: None
    error: 400 Client Error: Bad Request for url: https://texttospeech.googleapis.com/v1/text:synthesize?key=AIzaSyAL1mg758L1cHG-yiGo-ztfDhRXJu2jmqM
  assets\audio\es\silabas\duro-0.mp3
    texto: 'du'  ipa: None
    error: 400 Client Error: Bad Request for url: https://texttospeech.googleapis.com/v1/text:synthesize?key=AIzaSyAL1mg758L1cHG-yiGo-ztfDhRXJu2jmqM
  assets\audio\es\silabas\limpio-1.mp3
    texto: 'pio'  ipa: 'pjo'
    error: 400 Client Error: Bad Request for url: https://texttospeech.googleapis.com/v1/text:synthesize?key=AIzaSyAL1mg758L1cHG-yiGo-ztfDhRXJu2jmqM
  assets\audio\es\silabas\sucio-0.mp3
    texto: 'su'  ipa: None
    error: 400 Client Error: Bad Request for url: https://texttospeech.googleapis.com/v1/text:synthesize?key=AIzaSyAL1mg758L1cHG-yiGo-ztfDhRXJu2jmqM
  assets\audio\es\silabas\limpio-0.mp3
    texto: 'lim'  ipa: None
    error: 400 Client Error: Bad Request for url: https://texttospeech.googleapis.com/v1/text:synthesize?key=AIzaSyAL1mg758L1cHG-yiGo-ztfDhRXJu2jmqM
  assets\audio\es\silabas\duro-1.mp3
    texto: 'ro'  ipa: 'ɾo'
    error: 400 Client Error: Bad Request for url: https://texttospeech.googleapis.com/v1/text:synthesize?key=AIzaSyAL1mg758L1cHG-yiGo-ztfDhRXJu2jmqM
  assets\audio\es\silabas\sucio-1.mp3
    texto: 'cio'  ipa: 'sjo'
    error: 400 Client Error: Bad Request for url: https://texttospeech.googleapis.com/v1/text:synthesize?key=AIzaSyAL1mg758L1cHG-yiGo-ztfDhRXJu2jmqM
  assets\audio\es\silabas\nuevo-0.mp3
    texto: 'nue'  ipa: 'nwe'
    error: 400 Client Error: Bad Request for url: https://texttospeech.googleapis.com/v1/text:synthesize?key=AIzaSyAL1mg758L1cHG-yiGo-ztfDhRXJu2jmqM
  assets\audio\es\silabas\nuevo-1.mp3
    texto: 'vo'  ipa: None
    error: 400 Client Error: Bad Request for url: https://texttospeech.googleapis.com/v1/text:synthesize?key=AIzaSyAL1mg758L1cHG-yiGo-ztfDhRXJu2jmqM
  assets\audio\es\silabas\viejo-0.mp3
    texto: 'xvie'  ipa: 'bje'
    error: 400 Client Error: Bad Request for url: https://texttospeech.googleapis.com/v1/text:synthesize?key=AIzaSyAL1mg758L1cHG-yiGo-ztfDhRXJu2jmqM
  assets\audio\es\silabas\viejo-1.mp3
    texto: 'xjo'  ipa: 'xo'
    error: 400 Client Error: Bad Request for url: https://texttospeech.googleapis.com/v1/text:synthesize?key=AIzaSyAL1mg758L1cHG-yiGo-ztfDhRXJu2jmqM
  assets\audio\es\silabas\bonito-0.mp3
    texto: 'bo'  ipa: None
    error: 400 Client Error: Bad Request for url: https://texttospeech.googleapis.com/v1/text:synthesize?key=AIzaSyAL1mg758L1cHG-yiGo-ztfDhRXJu2jmqM
  assets\audio\es\silabas\bonito-1.mp3
    texto: 'ni'  ipa: None
    error: 400 Client Error: Bad Request for url: https://texttospeech.googleapis.com/v1/text:synthesize?key=AIzaSyAL1mg758L1cHG-yiGo-ztfDhRXJu2jmqM
  assets\audio\es\silabas\feo-0.mp3
    texto: 'fe'  ipa: None
    error: 400 Client Error: Bad Request for url: https://texttospeech.googleapis.com/v1/text:synthesize?key=AIzaSyAL1mg758L1cHG-yiGo-ztfDhRXJu2jmqM
  assets\audio\es\silabas\feo-1.mp3
    texto: 'o'  ipa: None
    error: 400 Client Error: Bad Request for url: https://texttospeech.googleapis.com/v1/text:synthesize?key=AIzaSyAL1mg758L1cHG-yiGo-ztfDhRXJu2jmqM
  assets\audio\es\silabas\bonito-2.mp3
    texto: 'xto'  ipa: 'to'
    error: 400 Client Error: Bad Request for url: https://texttospeech.googleapis.com/v1/text:synthesize?key=AIzaSyAL1mg758L1cHG-yiGo-ztfDhRXJu2jmqM
  assets\audio\es\silabas\fuerte-0.mp3
    texto: 'fuer'  ipa: None
    error: 400 Client Error: Bad Request for url: https://texttospeech.googleapis.com/v1/text:synthesize?key=AIzaSyAL1mg758L1cHG-yiGo-ztfDhRXJu2jmqM
  assets\audio\es\silabas\fuerte-1.mp3
    texto: 'te'  ipa: None
    error: 400 Client Error: Bad Request for url: https://texttospeech.googleapis.com/v1/text:synthesize?key=AIzaSyAL1mg758L1cHG-yiGo-ztfDhRXJu2jmqM
  assets\audio\es\silabas\debil-0.mp3
    texto: 'dé'  ipa: None
    error: 400 Client Error: Bad Request for url: https://texttospeech.googleapis.com/v1/text:synthesize?key=AIzaSyAL1mg758L1cHG-yiGo-ztfDhRXJu2jmqM
  assets\audio\es\silabas\alto-0.mp3
    texto: 'al'  ipa: None
    error: 400 Client Error: Bad Request for url: https://texttospeech.googleapis.com/v1/text:synthesize?key=AIzaSyAL1mg758L1cHG-yiGo-ztfDhRXJu2jmqM
  assets\audio\es\silabas\debil-1.mp3
    texto: 'bil'  ipa: None
    error: 400 Client Error: Bad Request for url: https://texttospeech.googleapis.com/v1/text:synthesize?key=AIzaSyAL1mg758L1cHG-yiGo-ztfDhRXJu2jmqM
  assets\audio\es\silabas\alto-1.mp3
    texto: 'xto'  ipa: 'to'
    error: 400 Client Error: Bad Request for url: https://texttospeech.googleapis.com/v1/text:synthesize?key=AIzaSyAL1mg758L1cHG-yiGo-ztfDhRXJu2jmqM
  assets\audio\es\silabas\bajo-0.mp3
    texto: 'bá'  ipa: None
    error: 400 Client Error: Bad Request for url: https://texttospeech.googleapis.com/v1/text:synthesize?key=AIzaSyAL1mg758L1cHG-yiGo-ztfDhRXJu2jmqM
  assets\audio\es\silabas\gordo-0.mp3
    texto: 'gor'  ipa: None
    error: 400 Client Error: Bad Request for url: https://texttospeech.googleapis.com/v1/text:synthesize?key=AIzaSyAL1mg758L1cHG-yiGo-ztfDhRXJu2jmqM
  assets\audio\es\silabas\bajo-1.mp3
    texto: 'xjo'  ipa: 'xo'
    error: 400 Client Error: Bad Request for url: https://texttospeech.googleapis.com/v1/text:synthesize?key=AIzaSyAL1mg758L1cHG-yiGo-ztfDhRXJu2jmqM
  assets\audio\es\silabas\gordo-1.mp3
    texto: 'do'  ipa: None
    error: 400 Client Error: Bad Request for url: https://texttospeech.googleapis.com/v1/text:synthesize?key=AIzaSyAL1mg758L1cHG-yiGo-ztfDhRXJu2jmqM
  assets\audio\es\silabas\delgado-0.mp3
    texto: 'del'  ipa: None
    error: 400 Client Error: Bad Request for url: https://texttospeech.googleapis.com/v1/text:synthesize?key=AIzaSyAL1mg758L1cHG-yiGo-ztfDhRXJu2jmqM
  assets\audio\es\silabas\amargo-0.mp3
    texto: 'a'  ipa: None
    error: 400 Client Error: Bad Request for url: https://texttospeech.googleapis.com/v1/text:synthesize?key=AIzaSyAL1mg758L1cHG-yiGo-ztfDhRXJu2jmqM
  assets\audio\es\silabas\amargo-1.mp3
    texto: 'mar'  ipa: None
    error: 400 Client Error: Bad Request for url: https://texttospeech.googleapis.com/v1/text:synthesize?key=AIzaSyAL1mg758L1cHG-yiGo-ztfDhRXJu2jmqM
  assets\audio\es\silabas\brillante-0.mp3
    texto: 'bri'  ipa: None
    error: 400 Client Error: Bad Request for url: https://texttospeech.googleapis.com/v1/text:synthesize?key=AIzaSyAL1mg758L1cHG-yiGo-ztfDhRXJu2jmqM
  assets\audio\es\silabas\delgado-2.mp3
    texto: 'do'  ipa: None
    error: 400 Client Error: Bad Request for url: https://texttospeech.googleapis.com/v1/text:synthesize?key=AIzaSyAL1mg758L1cHG-yiGo-ztfDhRXJu2jmqM
  assets\audio\es\silabas\delgado-1.mp3
    texto: 'ga'  ipa: None
    error: 400 Client Error: Bad Request for url: https://texttospeech.googleapis.com/v1/text:synthesize?key=AIzaSyAL1mg758L1cHG-yiGo-ztfDhRXJu2jmqM
  assets\audio\es\silabas\brillante-1.mp3
    texto: 'llan'  ipa: None
    error: 400 Client Error: Bad Request for url: https://texttospeech.googleapis.com/v1/text:synthesize?key=AIzaSyAL1mg758L1cHG-yiGo-ztfDhRXJu2jmqM
  assets\audio\es\silabas\oscuro-0.mp3
    texto: 'os'  ipa: None
    error: 400 Client Error: Bad Request for url: https://texttospeech.googleapis.com/v1/text:synthesize?key=AIzaSyAL1mg758L1cHG-yiGo-ztfDhRXJu2jmqM
  assets\audio\es\silabas\brillante-2.mp3
    texto: 'te'  ipa: None
    error: 400 Client Error: Bad Request for url: https://texttospeech.googleapis.com/v1/text:synthesize?key=AIzaSyAL1mg758L1cHG-yiGo-ztfDhRXJu2jmqM
  assets\audio\es\silabas\oscuro-1.mp3
    texto: 'cú'  ipa: None
    error: 400 Client Error: Bad Request for url: https://texttospeech.googleapis.com/v1/text:synthesize?key=AIzaSyAL1mg758L1cHG-yiGo-ztfDhRXJu2jmqM
  assets\audio\es\silabas\oscuro-2.mp3
    texto: 'ro'  ipa: 'ɾo'
    error: 400 Client Error: Bad Request for url: https://texttospeech.googleapis.com/v1/text:synthesize?key=AIzaSyAL1mg758L1cHG-yiGo-ztfDhRXJu2jmqM
  assets\audio\es\silabas\cabeza-0.mp3
    texto: 'ca'  ipa: None
    error: 400 Client Error: Bad Request for url: https://texttospeech.googleapis.com/v1/text:synthesize?key=AIzaSyAL1mg758L1cHG-yiGo-ztfDhRXJu2jmqM
  assets\audio\es\silabas\cabeza-1.mp3
    texto: 'xbe'  ipa: 'be'
    error: 400 Client Error: Bad Request for url: https://texttospeech.googleapis.com/v1/text:synthesize?key=AIzaSyAL1mg758L1cHG-yiGo-ztfDhRXJu2jmqM
  assets\audio\es\silabas\cabeza-2.mp3
    texto: 'za'  ipa: None
    error: 400 Client Error: Bad Request for url: https://texttospeech.googleapis.com/v1/text:synthesize?key=AIzaSyAL1mg758L1cHG-yiGo-ztfDhRXJu2jmqM
  assets\audio\es\silabas\pelo-0.mp3
    texto: 'pe'  ipa: None
    error: 400 Client Error: Bad Request for url: https://texttospeech.googleapis.com/v1/text:synthesize?key=AIzaSyAL1mg758L1cHG-yiGo-ztfDhRXJu2jmqM
  assets\audio\es\silabas\pelo-1.mp3
    texto: 'lo'  ipa: None
    error: 400 Client Error: Bad Request for url: https://texttospeech.googleapis.com/v1/text:synthesize?key=AIzaSyAL1mg758L1cHG-yiGo-ztfDhRXJu2jmqM
  assets\audio\es\silabas\cuello-0.mp3
    texto: 'xcue'  ipa: 'kwe'
    error: 400 Client Error: Bad Request for url: https://texttospeech.googleapis.com/v1/text:synthesize?key=AIzaSyAL1mg758L1cHG-yiGo-ztfDhRXJu2jmqM
  assets\audio\es\silabas\hombro-1.mp3
    texto: 'bro'  ipa: None
    error: 400 Client Error: Bad Request for url: https://texttospeech.googleapis.com/v1/text:synthesize?key=AIzaSyAL1mg758L1cHG-yiGo-ztfDhRXJu2jmqM
  assets\audio\es\silabas\cuello-1.mp3
    texto: 'llo'  ipa: None
    error: 400 Client Error: Bad Request for url: https://texttospeech.googleapis.com/v1/text:synthesize?key=AIzaSyAL1mg758L1cHG-yiGo-ztfDhRXJu2jmqM
  assets\audio\es\silabas\hombro-0.mp3
    texto: 'om'  ipa: None
    error: 400 Client Error: Bad Request for url: https://texttospeech.googleapis.com/v1/text:synthesize?key=AIzaSyAL1mg758L1cHG-yiGo-ztfDhRXJu2jmqM
  assets\audio\es\silabas\brazo-0.mp3
    texto: 'bra'  ipa: None
    error: 400 Client Error: Bad Request for url: https://texttospeech.googleapis.com/v1/text:synthesize?key=AIzaSyAL1mg758L1cHG-yiGo-ztfDhRXJu2jmqM
  assets\audio\es\silabas\brazo-1.mp3
    texto: 'zo'  ipa: None
    error: 400 Client Error: Bad Request for url: https://texttospeech.googleapis.com/v1/text:synthesize?key=AIzaSyAL1mg758L1cHG-yiGo-ztfDhRXJu2jmqM
  assets\audio\es\silabas\dedo-0.mp3
    texto: 'de'  ipa: None
    error: 400 Client Error: Bad Request for url: https://texttospeech.googleapis.com/v1/text:synthesize?key=AIzaSyAL1mg758L1cHG-yiGo-ztfDhRXJu2jmqM
  assets\audio\es\silabas\dedo-1.mp3
    texto: 'do'  ipa: None
    error: 400 Client Error: Bad Request for url: https://texttospeech.googleapis.com/v1/text:synthesize?key=AIzaSyAL1mg758L1cHG-yiGo-ztfDhRXJu2jmqM
  assets\audio\es\silabas\pecho-1.mp3
    texto: 'cho'  ipa: None
    error: 400 Client Error: Bad Request for url: https://texttospeech.googleapis.com/v1/text:synthesize?key=AIzaSyAL1mg758L1cHG-yiGo-ztfDhRXJu2jmqM
  assets\audio\es\silabas\pecho-0.mp3
    texto: 'pe'  ipa: None
    error: 400 Client Error: Bad Request for url: https://texttospeech.googleapis.com/v1/text:synthesize?key=AIzaSyAL1mg758L1cHG-yiGo-ztfDhRXJu2jmqM
  assets\audio\es\silabas\barriga-0.mp3
    texto: 'bá'  ipa: None
    error: 400 Client Error: Bad Request for url: https://texttospeech.googleapis.com/v1/text:synthesize?key=AIzaSyAL1mg758L1cHG-yiGo-ztfDhRXJu2jmqM
  assets\audio\es\silabas\espalda-0.mp3
    texto: 'es'  ipa: None
    error: 400 Client Error: Bad Request for url: https://texttospeech.googleapis.com/v1/text:synthesize?key=AIzaSyAL1mg758L1cHG-yiGo-ztfDhRXJu2jmqM
  assets\audio\es\silabas\barriga-1.mp3
    texto: 'rri'  ipa: None
    error: 400 Client Error: Bad Request for url: https://texttospeech.googleapis.com/v1/text:synthesize?key=AIzaSyAL1mg758L1cHG-yiGo-ztfDhRXJu2jmqM
  assets\audio\es\silabas\barriga-2.mp3
    texto: 'ga'  ipa: None
    error: 400 Client Error: Bad Request for url: https://texttospeech.googleapis.com/v1/text:synthesize?key=AIzaSyAL1mg758L1cHG-yiGo-ztfDhRXJu2jmqM
  assets\audio\es\silabas\espalda-1.mp3
    texto: 'pal'  ipa: None
    error: 400 Client Error: Bad Request for url: https://texttospeech.googleapis.com/v1/text:synthesize?key=AIzaSyAL1mg758L1cHG-yiGo-ztfDhRXJu2jmqM
  assets\audio\es\silabas\espalda-2.mp3
    texto: 'da'  ipa: None
    error: 400 Client Error: Bad Request for url: https://texttospeech.googleapis.com/v1/text:synthesize?key=AIzaSyAL1mg758L1cHG-yiGo-ztfDhRXJu2jmqM
  assets\audio\es\silabas\pierna-0.mp3
    texto: 'pier'  ipa: None
    error: 400 Client Error: Bad Request for url: https://texttospeech.googleapis.com/v1/text:synthesize?key=AIzaSyAL1mg758L1cHG-yiGo-ztfDhRXJu2jmqM
  assets\audio\es\silabas\rodilla-0.mp3
    texto: 'ro'  ipa: None
    error: 400 Client Error: Bad Request for url: https://texttospeech.googleapis.com/v1/text:synthesize?key=AIzaSyAL1mg758L1cHG-yiGo-ztfDhRXJu2jmqM
  assets\audio\es\silabas\rodilla-1.mp3
    texto: 'di'  ipa: None
    error: 400 Client Error: Bad Request for url: https://texttospeech.googleapis.com/v1/text:synthesize?key=AIzaSyAL1mg758L1cHG-yiGo-ztfDhRXJu2jmqM
  assets\audio\es\silabas\pierna-1.mp3
    texto: 'na'  ipa: None
    error: 400 Client Error: Bad Request for url: https://texttospeech.googleapis.com/v1/text:synthesize?key=AIzaSyAL1mg758L1cHG-yiGo-ztfDhRXJu2jmqM
  assets\audio\es\silabas\rodilla-2.mp3
    texto: 'llá'  ipa: None
    error: 400 Client Error: Bad Request for url: https://texttospeech.googleapis.com/v1/text:synthesize?key=AIzaSyAL1mg758L1cHG-yiGo-ztfDhRXJu2jmqM
  assets\audio\es\silabas\pie-0.mp3
    texto: 'pie'  ipa: None
    error: 400 Client Error: Bad Request for url: https://texttospeech.googleapis.com/v1/text:synthesize?key=AIzaSyAL1mg758L1cHG-yiGo-ztfDhRXJu2jmqM
  assets\audio\es\silabas\talon-0.mp3
    texto: 'ta'  ipa: None
    error: 400 Client Error: Bad Request for url: https://texttospeech.googleapis.com/v1/text:synthesize?key=AIzaSyAL1mg758L1cHG-yiGo-ztfDhRXJu2jmqM
  assets\audio\es\silabas\una-0.mp3
    texto: 'u'  ipa: None
    error: 400 Client Error: Bad Request for url: https://texttospeech.googleapis.com/v1/text:synthesize?key=AIzaSyAL1mg758L1cHG-yiGo-ztfDhRXJu2jmqM
  assets\audio\es\silabas\una-1.mp3
    texto: 'ña'  ipa: None
    error: 400 Client Error: Bad Request for url: https://texttospeech.googleapis.com/v1/text:synthesize?key=AIzaSyAL1mg758L1cHG-yiGo-ztfDhRXJu2jmqM
  assets\audio\es\silabas\talon-1.mp3
    texto: 'lón'  ipa: None
    error: 400 Client Error: Bad Request for url: https://texttospeech.googleapis.com/v1/text:synthesize?key=AIzaSyAL1mg758L1cHG-yiGo-ztfDhRXJu2jmqM
  assets\audio\es\silabas\ceja-0.mp3
    texto: 'ce'  ipa: None
    error: 400 Client Error: Bad Request for url: https://texttospeech.googleapis.com/v1/text:synthesize?key=AIzaSyAL1mg758L1cHG-yiGo-ztfDhRXJu2jmqM
  assets\audio\es\silabas\ceja-1.mp3
    texto: 'ja'  ipa: None
    error: 400 Client Error: Bad Request for url: https://texttospeech.googleapis.com/v1/text:synthesize?key=AIzaSyAL1mg758L1cHG-yiGo-ztfDhRXJu2jmqM
  assets\audio\es\silabas\mejilla-1.mp3
    texto: 'ji'  ipa: None
    error: 400 Client Error: Bad Request for url: https://texttospeech.googleapis.com/v1/text:synthesize?key=AIzaSyAL1mg758L1cHG-yiGo-ztfDhRXJu2jmqM
  assets\audio\es\silabas\mejilla-2.mp3
    texto: 'llá'  ipa: None
    error: 400 Client Error: Bad Request for url: https://texttospeech.googleapis.com/v1/text:synthesize?key=AIzaSyAL1mg758L1cHG-yiGo-ztfDhRXJu2jmqM
  assets\audio\es\silabas\mejilla-0.mp3
    texto: 'me'  ipa: None
    error: 400 Client Error: Bad Request for url: https://texttospeech.googleapis.com/v1/text:synthesize?key=AIzaSyAL1mg758L1cHG-yiGo-ztfDhRXJu2jmqM
  assets\audio\es\silabas\barbilla-1.mp3
    texto: 'bi'  ipa: None
    error: 400 Client Error: Bad Request for url: https://texttospeech.googleapis.com/v1/text:synthesize?key=AIzaSyAL1mg758L1cHG-yiGo-ztfDhRXJu2jmqM
  assets\audio\es\silabas\barbilla-0.mp3
    texto: 'bar'  ipa: None
    error: 400 Client Error: Bad Request for url: https://texttospeech.googleapis.com/v1/text:synthesize?key=AIzaSyAL1mg758L1cHG-yiGo-ztfDhRXJu2jmqM
  assets\audio\es\silabas\barbilla-2.mp3
    texto: 'llá'  ipa: None
    error: 400 Client Error: Bad Request for url: https://texttospeech.googleapis.com/v1/text:synthesize?key=AIzaSyAL1mg758L1cHG-yiGo-ztfDhRXJu2jmqM
  assets\audio\es\silabas\codo-0.mp3
    texto: 'co'  ipa: None
    error: 400 Client Error: Bad Request for url: https://texttospeech.googleapis.com/v1/text:synthesize?key=AIzaSyAL1mg758L1cHG-yiGo-ztfDhRXJu2jmqM
  assets\audio\es\silabas\codo-1.mp3
    texto: 'do'  ipa: None
    error: 400 Client Error: Bad Request for url: https://texttospeech.googleapis.com/v1/text:synthesize?key=AIzaSyAL1mg758L1cHG-yiGo-ztfDhRXJu2jmqM
  assets\audio\es\silabas\muneca-juguete-0.mp3
    texto: 'mu'  ipa: None
    error: 400 Client Error: Bad Request for url: https://texttospeech.googleapis.com/v1/text:synthesize?key=AIzaSyAL1mg758L1cHG-yiGo-ztfDhRXJu2jmqM
  assets\audio\es\silabas\muneca-juguete-1.mp3
    texto: 'ñe'  ipa: None
    error: 400 Client Error: Bad Request for url: https://texttospeech.googleapis.com/v1/text:synthesize?key=AIzaSyAL1mg758L1cHG-yiGo-ztfDhRXJu2jmqM
  assets\audio\es\silabas\muneca-juguete-2.mp3
    texto: 'ca'  ipa: None
    error: 400 Client Error: Bad Request for url: https://texttospeech.googleapis.com/v1/text:synthesize?key=AIzaSyAL1mg758L1cHG-yiGo-ztfDhRXJu2jmqM
  assets\audio\es\silabas\lluvia-0.mp3
    texto: 'llú'  ipa: None
    error: 400 Client Error: Bad Request for url: https://texttospeech.googleapis.com/v1/text:synthesize?key=AIzaSyAL1mg758L1cHG-yiGo-ztfDhRXJu2jmqM
  assets\audio\es\silabas\lluvia-1.mp3
    texto: 'via'  ipa: None
    error: 400 Client Error: Bad Request for url: https://texttospeech.googleapis.com/v1/text:synthesize?key=AIzaSyAL1mg758L1cHG-yiGo-ztfDhRXJu2jmqM
  assets\audio\es\silabas\mar-0.mp3
    texto: 'mar'  ipa: None
    error: 400 Client Error: Bad Request for url: https://texttospeech.googleapis.com/v1/text:synthesize?key=AIzaSyAL1mg758L1cHG-yiGo-ztfDhRXJu2jmqM
  assets\audio\es\silabas\desierto-0.mp3
    texto: 'de'  ipa: None
    error: 400 Client Error: Bad Request for url: https://texttospeech.googleapis.com/v1/text:synthesize?key=AIzaSyAL1mg758L1cHG-yiGo-ztfDhRXJu2jmqM
  assets\audio\es\silabas\desierto-1.mp3
    texto: 'sier'  ipa: None
    error: 400 Client Error: Bad Request for url: https://texttospeech.googleapis.com/v1/text:synthesize?key=AIzaSyAL1mg758L1cHG-yiGo-ztfDhRXJu2jmqM
  assets\audio\es\silabas\desierto-2.mp3
    texto: 'xto'  ipa: 'to'
    error: 400 Client Error: Bad Request for url: https://texttospeech.googleapis.com/v1/text:synthesize?key=AIzaSyAL1mg758L1cHG-yiGo-ztfDhRXJu2jmqM
  assets\audio\es\silabas\bosque-0.mp3
    texto: 'bos'  ipa: None
    error: 400 Client Error: Bad Request for url: https://texttospeech.googleapis.com/v1/text:synthesize?key=AIzaSyAL1mg758L1cHG-yiGo-ztfDhRXJu2jmqM
  assets\audio\es\silabas\bosque-1.mp3
    texto: 'que'  ipa: None
    error: 400 Client Error: Bad Request for url: https://texttospeech.googleapis.com/v1/text:synthesize?key=AIzaSyAL1mg758L1cHG-yiGo-ztfDhRXJu2jmqM
  assets\audio\es\silabas\piedra-0.mp3
    texto: 'pie'  ipa: None
    error: 400 Client Error: Bad Request for url: https://texttospeech.googleapis.com/v1/text:synthesize?key=AIzaSyAL1mg758L1cHG-yiGo-ztfDhRXJu2jmqM
  assets\audio\es\silabas\piedra-1.mp3
    texto: 'drá'  ipa: None
    error: 400 Client Error: Bad Request for url: https://texttospeech.googleapis.com/v1/text:synthesize?key=AIzaSyAL1mg758L1cHG-yiGo-ztfDhRXJu2jmqM
  assets\audio\es\silabas\arena-0.mp3
    texto: 'a'  ipa: None
    error: 400 Client Error: Bad Request for url: https://texttospeech.googleapis.com/v1/text:synthesize?key=AIzaSyAL1mg758L1cHG-yiGo-ztfDhRXJu2jmqM
  assets\audio\es\silabas\arena-1.mp3
    texto: 're'  ipa: 'ɾe'
    error: 400 Client Error: Bad Request for url: https://texttospeech.googleapis.com/v1/text:synthesize?key=AIzaSyAL1mg758L1cHG-yiGo-ztfDhRXJu2jmqM
  assets\audio\es\silabas\arena-2.mp3
    texto: 'na'  ipa: None
    error: 400 Client Error: Bad Request for url: https://texttospeech.googleapis.com/v1/text:synthesize?key=AIzaSyAL1mg758L1cHG-yiGo-ztfDhRXJu2jmqM
  assets\audio\es\silabas\semilla-0.mp3
    texto: 'se'  ipa: None
    error: 400 Client Error: Bad Request for url: https://texttospeech.googleapis.com/v1/text:synthesize?key=AIzaSyAL1mg758L1cHG-yiGo-ztfDhRXJu2jmqM
  assets\audio\es\silabas\semilla-2.mp3
    texto: 'llá'  ipa: None
    error: 400 Client Error: Bad Request for url: https://texttospeech.googleapis.com/v1/text:synthesize?key=AIzaSyAL1mg758L1cHG-yiGo-ztfDhRXJu2jmqM
  assets\audio\es\silabas\raiz-0.mp3
    texto: 'ra'  ipa: None
    error: 400 Client Error: Bad Request for url: https://texttospeech.googleapis.com/v1/text:synthesize?key=AIzaSyAL1mg758L1cHG-yiGo-ztfDhRXJu2jmqM
  assets\audio\es\silabas\semilla-1.mp3
    texto: 'mi'  ipa: None
    error: 400 Client Error: Bad Request for url: https://texttospeech.googleapis.com/v1/text:synthesize?key=AIzaSyAL1mg758L1cHG-yiGo-ztfDhRXJu2jmqM
  assets\audio\es\silabas\raiz-1.mp3
    texto: 'íz'  ipa: None
    error: 400 Client Error: Bad Request for url: https://texttospeech.googleapis.com/v1/text:synthesize?key=AIzaSyAL1mg758L1cHG-yiGo-ztfDhRXJu2jmqM
  assets\audio\es\silabas\rama-0.mp3
    texto: 'ra'  ipa: None
    error: 400 Client Error: Bad Request for url: https://texttospeech.googleapis.com/v1/text:synthesize?key=AIzaSyAL1mg758L1cHG-yiGo-ztfDhRXJu2jmqM
  assets\audio\es\silabas\rama-1.mp3
    texto: 'ma'  ipa: None
    error: 400 Client Error: Bad Request for url: https://texttospeech.googleapis.com/v1/text:synthesize?key=AIzaSyAL1mg758L1cHG-yiGo-ztfDhRXJu2jmqM
  assets\audio\es\silabas\hierba-0.mp3
    texto: 'hier'  ipa: None
    error: 400 Client Error: Bad Request for url: https://texttospeech.googleapis.com/v1/text:synthesize?key=AIzaSyAL1mg758L1cHG-yiGo-ztfDhRXJu2jmqM
  assets\audio\es\silabas\hierba-1.mp3
    texto: 'bá'  ipa: None
    error: 400 Client Error: Bad Request for url: https://texttospeech.googleapis.com/v1/text:synthesize?key=AIzaSyAL1mg758L1cHG-yiGo-ztfDhRXJu2jmqM
  assets\audio\es\silabas\musgo-0.mp3
    texto: 'mus'  ipa: None
    error: 400 Client Error: Bad Request for url: https://texttospeech.googleapis.com/v1/text:synthesize?key=AIzaSyAL1mg758L1cHG-yiGo-ztfDhRXJu2jmqM
  assets\audio\es\silabas\cascada-0.mp3
    texto: 'cas'  ipa: None
    error: 400 Client Error: Bad Request for url: https://texttospeech.googleapis.com/v1/text:synthesize?key=AIzaSyAL1mg758L1cHG-yiGo-ztfDhRXJu2jmqM
  assets\audio\es\silabas\cascada-1.mp3
    texto: 'ca'  ipa: None
    error: 400 Client Error: Bad Request for url: https://texttospeech.googleapis.com/v1/text:synthesize?key=AIzaSyAL1mg758L1cHG-yiGo-ztfDhRXJu2jmqM
  assets\audio\es\silabas\cascada-2.mp3
    texto: 'da'  ipa: None
    error: 400 Client Error: Bad Request for url: https://texttospeech.googleapis.com/v1/text:synthesize?key=AIzaSyAL1mg758L1cHG-yiGo-ztfDhRXJu2jmqM
  assets\audio\es\silabas\arriba-0.mp3
    texto: 'a'  ipa: None
    error: 400 Client Error: Bad Request for url: https://texttospeech.googleapis.com/v1/text:synthesize?key=AIzaSyAL1mg758L1cHG-yiGo-ztfDhRXJu2jmqM
  assets\audio\es\silabas\arriba-1.mp3
    texto: 'rri'  ipa: None
    error: 400 Client Error: Bad Request for url: https://texttospeech.googleapis.com/v1/text:synthesize?key=AIzaSyAL1mg758L1cHG-yiGo-ztfDhRXJu2jmqM
  assets\audio\es\silabas\arriba-2.mp3
    texto: 'bá'  ipa: None
    error: 400 Client Error: Bad Request for url: https://texttospeech.googleapis.com/v1/text:synthesize?key=AIzaSyAL1mg758L1cHG-yiGo-ztfDhRXJu2jmqM
  assets\audio\es\silabas\abajo-2.mp3
    texto: 'xjo'  ipa: 'xo'
    error: 400 Client Error: Bad Request for url: https://texttospeech.googleapis.com/v1/text:synthesize?key=AIzaSyAL1mg758L1cHG-yiGo-ztfDhRXJu2jmqM
  assets\audio\es\silabas\abajo-0.mp3
    texto: 'a'  ipa: None
    error: 400 Client Error: Bad Request for url: https://texttospeech.googleapis.com/v1/text:synthesize?key=AIzaSyAL1mg758L1cHG-yiGo-ztfDhRXJu2jmqM
  assets\audio\es\silabas\abajo-1.mp3
    texto: 'bá'  ipa: None
    error: 400 Client Error: Bad Request for url: https://texttospeech.googleapis.com/v1/text:synthesize?key=AIzaSyAL1mg758L1cHG-yiGo-ztfDhRXJu2jmqM
  assets\audio\es\silabas\dentro-1.mp3
    texto: 'tro'  ipa: None
    error: 400 Client Error: Bad Request for url: https://texttospeech.googleapis.com/v1/text:synthesize?key=AIzaSyAL1mg758L1cHG-yiGo-ztfDhRXJu2jmqM
  assets\audio\es\silabas\dentro-0.mp3
    texto: 'den'  ipa: None
    error: 400 Client Error: Bad Request for url: https://texttospeech.googleapis.com/v1/text:synthesize?key=AIzaSyAL1mg758L1cHG-yiGo-ztfDhRXJu2jmqM
  assets\audio\es\silabas\fuera-1.mp3
    texto: 'ra'  ipa: 'ɾa'
    error: 400 Client Error: Bad Request for url: https://texttospeech.googleapis.com/v1/text:synthesize?key=AIzaSyAL1mg758L1cHG-yiGo-ztfDhRXJu2jmqM
  assets\audio\es\silabas\fuera-0.mp3
    texto: 'fue'  ipa: None
    error: 400 Client Error: Bad Request for url: https://texttospeech.googleapis.com/v1/text:synthesize?key=AIzaSyAL1mg758L1cHG-yiGo-ztfDhRXJu2jmqM
  assets\audio\es\silabas\antes-1.mp3
    texto: 'tes'  ipa: None
    error: 400 Client Error: Bad Request for url: https://texttospeech.googleapis.com/v1/text:synthesize?key=AIzaSyAL1mg758L1cHG-yiGo-ztfDhRXJu2jmqM
  assets\audio\es\silabas\despues-0.mp3
    texto: 'xdes'  ipa: 'des'
    error: 400 Client Error: Bad Request for url: https://texttospeech.googleapis.com/v1/text:synthesize?key=AIzaSyAL1mg758L1cHG-yiGo-ztfDhRXJu2jmqM
  assets\audio\es\silabas\antes-0.mp3
    texto: 'an'  ipa: None
    error: 400 Client Error: Bad Request for url: https://texttospeech.googleapis.com/v1/text:synthesize?key=AIzaSyAL1mg758L1cHG-yiGo-ztfDhRXJu2jmqM
  assets\audio\es\silabas\despues-1.mp3
    texto: 'pués'  ipa: None
    error: 400 Client Error: Bad Request for url: https://texttospeech.googleapis.com/v1/text:synthesize?key=AIzaSyAL1mg758L1cHG-yiGo-ztfDhRXJu2jmqM
  assets\audio\es\silabas\cerca-0.mp3
    texto: 'xcer'  ipa: 'ser'
    error: 400 Client Error: Bad Request for url: https://texttospeech.googleapis.com/v1/text:synthesize?key=AIzaSyAL1mg758L1cHG-yiGo-ztfDhRXJu2jmqM
  assets\audio\es\silabas\lejos-0.mp3
    texto: 'le'  ipa: None
    error: 400 Client Error: Bad Request for url: https://texttospeech.googleapis.com/v1/text:synthesize?key=AIzaSyAL1mg758L1cHG-yiGo-ztfDhRXJu2jmqM
  assets\audio\es\silabas\cerca-1.mp3
    texto: 'ca'  ipa: None
    error: 400 Client Error: Bad Request for url: https://texttospeech.googleapis.com/v1/text:synthesize?key=AIzaSyAL1mg758L1cHG-yiGo-ztfDhRXJu2jmqM
  assets\audio\es\silabas\lejos-1.mp3
    texto: 'jos'  ipa: None
    error: 400 Client Error: Bad Request for url: https://texttospeech.googleapis.com/v1/text:synthesize?key=AIzaSyAL1mg758L1cHG-yiGo-ztfDhRXJu2jmqM
  assets\audio\es\silabas\encima-0.mp3
    texto: 'en'  ipa: None
    error: 400 Client Error: Bad Request for url: https://texttospeech.googleapis.com/v1/text:synthesize?key=AIzaSyAL1mg758L1cHG-yiGo-ztfDhRXJu2jmqM
  assets\audio\es\silabas\encima-1.mp3
    texto: 'ci'  ipa: None
    error: 400 Client Error: Bad Request for url: https://texttospeech.googleapis.com/v1/text:synthesize?key=AIzaSyAL1mg758L1cHG-yiGo-ztfDhRXJu2jmqM
  assets\audio\es\silabas\encima-2.mp3
    texto: 'ma'  ipa: None
    error: 400 Client Error: Bad Request for url: https://texttospeech.googleapis.com/v1/text:synthesize?key=AIzaSyAL1mg758L1cHG-yiGo-ztfDhRXJu2jmqM
  assets\audio\es\silabas\debajo-0.mp3
    texto: 'de'  ipa: None
    error: 400 Client Error: Bad Request for url: https://texttospeech.googleapis.com/v1/text:synthesize?key=AIzaSyAL1mg758L1cHG-yiGo-ztfDhRXJu2jmqM
  assets\audio\es\silabas\debajo-1.mp3
    texto: 'bá'  ipa: None
    error: 400 Client Error: Bad Request for url: https://texttospeech.googleapis.com/v1/text:synthesize?key=AIzaSyAL1mg758L1cHG-yiGo-ztfDhRXJu2jmqM
  assets\audio\es\silabas\delante-0.mp3
    texto: 'de'  ipa: None
    error: 400 Client Error: Bad Request for url: https://texttospeech.googleapis.com/v1/text:synthesize?key=AIzaSyAL1mg758L1cHG-yiGo-ztfDhRXJu2jmqM
  assets\audio\es\silabas\debajo-2.mp3
    texto: 'xjo'  ipa: 'xo'
    error: 400 Client Error: Bad Request for url: https://texttospeech.googleapis.com/v1/text:synthesize?key=AIzaSyAL1mg758L1cHG-yiGo-ztfDhRXJu2jmqM
  assets\audio\es\silabas\delante-1.mp3
    texto: 'lan'  ipa: None
    error: 400 Client Error: Bad Request for url: https://texttospeech.googleapis.com/v1/text:synthesize?key=AIzaSyAL1mg758L1cHG-yiGo-ztfDhRXJu2jmqM
  assets\audio\es\silabas\delante-2.mp3
    texto: 'te'  ipa: None
    error: 400 Client Error: Bad Request for url: https://texttospeech.googleapis.com/v1/text:synthesize?key=AIzaSyAL1mg758L1cHG-yiGo-ztfDhRXJu2jmqM
  assets\audio\es\silabas\detras-0.mp3
    texto: 'de'  ipa: None
    error: 400 Client Error: Bad Request for url: https://texttospeech.googleapis.com/v1/text:synthesize?key=AIzaSyAL1mg758L1cHG-yiGo-ztfDhRXJu2jmqM
  assets\audio\es\silabas\detras-1.mp3
    texto: 'trás'  ipa: None
    error: 400 Client Error: Bad Request for url: https://texttospeech.googleapis.com/v1/text:synthesize?key=AIzaSyAL1mg758L1cHG-yiGo-ztfDhRXJu2jmqM
  assets\audio\es\silabas\izquierda-0.mp3
    texto: 'íz'  ipa: None
    error: 400 Client Error: Bad Request for url: https://texttospeech.googleapis.com/v1/text:synthesize?key=AIzaSyAL1mg758L1cHG-yiGo-ztfDhRXJu2jmqM
  assets\audio\es\silabas\izquierda-1.mp3
    texto: 'quier'  ipa: None
    error: 400 Client Error: Bad Request for url: https://texttospeech.googleapis.com/v1/text:synthesize?key=AIzaSyAL1mg758L1cHG-yiGo-ztfDhRXJu2jmqM
  assets\audio\es\silabas\izquierda-2.mp3
    texto: 'da'  ipa: None
    error: 400 Client Error: Bad Request for url: https://texttospeech.googleapis.com/v1/text:synthesize?key=AIzaSyAL1mg758L1cHG-yiGo-ztfDhRXJu2jmqM
  assets\audio\es\silabas\derecha-0.mp3
    texto: 'de'  ipa: None
    error: 400 Client Error: Bad Request for url: https://texttospeech.googleapis.com/v1/text:synthesize?key=AIzaSyAL1mg758L1cHG-yiGo-ztfDhRXJu2jmqM
  assets\audio\es\silabas\derecha-1.mp3
    texto: 're'  ipa: 'ɾe'
    error: 400 Client Error: Bad Request for url: https://texttospeech.googleapis.com/v1/text:synthesize?key=AIzaSyAL1mg758L1cHG-yiGo-ztfDhRXJu2jmqM
  assets\audio\es\silabas\derecha-2.mp3
    texto: 'cha'  ipa: None
    error: 400 Client Error: Bad Request for url: https://texttospeech.googleapis.com/v1/text:synthesize?key=AIzaSyAL1mg758L1cHG-yiGo-ztfDhRXJu2jmqM
  assets\audio\es\silabas\noche-0.mp3
    texto: 'no'  ipa: None
    error: 400 Client Error: Bad Request for url: https://texttospeech.googleapis.com/v1/text:synthesize?key=AIzaSyAL1mg758L1cHG-yiGo-ztfDhRXJu2jmqM
  assets\audio\es\silabas\noche-1.mp3
    texto: 'che'  ipa: None
    error: 400 Client Error: Bad Request for url: https://texttospeech.googleapis.com/v1/text:synthesize?key=AIzaSyAL1mg758L1cHG-yiGo-ztfDhRXJu2jmqM
  assets\audio\es\silabas\entrada-0.mp3
    texto: 'en'  ipa: None
    error: 400 Client Error: Bad Request for url: https://texttospeech.googleapis.com/v1/text:synthesize?key=AIzaSyAL1mg758L1cHG-yiGo-ztfDhRXJu2jmqM
  assets\audio\es\silabas\entrada-1.mp3
    texto: 'tra'  ipa: None
    error: 400 Client Error: Bad Request for url: https://texttospeech.googleapis.com/v1/text:synthesize?key=AIzaSyAL1mg758L1cHG-yiGo-ztfDhRXJu2jmqM
  assets\audio\es\silabas\entrada-2.mp3
    texto: 'da'  ipa: None
    error: 400 Client Error: Bad Request for url: https://texttospeech.googleapis.com/v1/text:synthesize?key=AIzaSyAL1mg758L1cHG-yiGo-ztfDhRXJu2jmqM
  assets\audio\es\silabas\salida-0.mp3
    texto: 'sa'  ipa: None
    error: 400 Client Error: Bad Request for url: https://texttospeech.googleapis.com/v1/text:synthesize?key=AIzaSyAL1mg758L1cHG-yiGo-ztfDhRXJu2jmqM
  assets\audio\es\silabas\salida-1.mp3
    texto: 'li'  ipa: None
    error: 400 Client Error: Bad Request for url: https://texttospeech.googleapis.com/v1/text:synthesize?key=AIzaSyAL1mg758L1cHG-yiGo-ztfDhRXJu2jmqM
  assets\audio\es\silabas\salida-2.mp3
    texto: 'da'  ipa: None
    error: 400 Client Error: Bad Request for url: https://texttospeech.googleapis.com/v1/text:synthesize?key=AIzaSyAL1mg758L1cHG-yiGo-ztfDhRXJu2jmqM
  assets\audio\es\silabas\inicio-1.mp3
    texto: 'ni'  ipa: None
    error: 400 Client Error: Bad Request for url: https://texttospeech.googleapis.com/v1/text:synthesize?key=AIzaSyAL1mg758L1cHG-yiGo-ztfDhRXJu2jmqM
  assets\audio\es\silabas\inicio-0.mp3
    texto: 'i'  ipa: None
    error: 400 Client Error: Bad Request for url: https://texttospeech.googleapis.com/v1/text:synthesize?key=AIzaSyAL1mg758L1cHG-yiGo-ztfDhRXJu2jmqM
  assets\audio\es\silabas\inicio-2.mp3
    texto: 'cio'  ipa: 'sjo'
    error: 400 Client Error: Bad Request for url: https://texttospeech.googleapis.com/v1/text:synthesize?key=AIzaSyAL1mg758L1cHG-yiGo-ztfDhRXJu2jmqM
  assets\audio\es\silabas\abierto-0.mp3
    texto: 'a'  ipa: None
    error: 400 Client Error: Bad Request for url: https://texttospeech.googleapis.com/v1/text:synthesize?key=AIzaSyAL1mg758L1cHG-yiGo-ztfDhRXJu2jmqM
  assets\audio\es\silabas\fin-0.mp3
    texto: 'fin'  ipa: None
    error: 400 Client Error: Bad Request for url: https://texttospeech.googleapis.com/v1/text:synthesize?key=AIzaSyAL1mg758L1cHG-yiGo-ztfDhRXJu2jmqM
  assets\audio\es\silabas\abierto-2.mp3
    texto: 'xto'  ipa: 'to'
    error: 400 Client Error: Bad Request for url: https://texttospeech.googleapis.com/v1/text:synthesize?key=AIzaSyAL1mg758L1cHG-yiGo-ztfDhRXJu2jmqM
  assets\audio\es\silabas\abierto-1.mp3
    texto: 'bier'  ipa: None
    error: 400 Client Error: Bad Request for url: https://texttospeech.googleapis.com/v1/text:synthesize?key=AIzaSyAL1mg758L1cHG-yiGo-ztfDhRXJu2jmqM
  assets\audio\es\silabas\cerrado-0.mp3
    texto: 'ce'  ipa: None
    error: 400 Client Error: Bad Request for url: https://texttospeech.googleapis.com/v1/text:synthesize?key=AIzaSyAL1mg758L1cHG-yiGo-ztfDhRXJu2jmqM
  assets\audio\es\silabas\cerrado-1.mp3
    texto: 'rrá'  ipa: None
    error: 400 Client Error: Bad Request for url: https://texttospeech.googleapis.com/v1/text:synthesize?key=AIzaSyAL1mg758L1cHG-yiGo-ztfDhRXJu2jmqM
  assets\audio\es\silabas\cerrado-2.mp3
    texto: 'do'  ipa: None
    error: 400 Client Error: Bad Request for url: https://texttospeech.googleapis.com/v1/text:synthesize?key=AIzaSyAL1mg758L1cHG-yiGo-ztfDhRXJu2jmqM
  assets\audio\es\silabas\vacio-0.mp3
    texto: 'va'  ipa: None
    error: 400 Client Error: Bad Request for url: https://texttospeech.googleapis.com/v1/text:synthesize?key=AIzaSyAL1mg758L1cHG-yiGo-ztfDhRXJu2jmqM
  assets\audio\es\silabas\lleno-0.mp3
    texto: 'lle'  ipa: None
    error: 400 Client Error: Bad Request for url: https://texttospeech.googleapis.com/v1/text:synthesize?key=AIzaSyAL1mg758L1cHG-yiGo-ztfDhRXJu2jmqM
  assets\audio\es\silabas\lleno-1.mp3
    texto: 'no'  ipa: None
    error: 400 Client Error: Bad Request for url: https://texttospeech.googleapis.com/v1/text:synthesize?key=AIzaSyAL1mg758L1cHG-yiGo-ztfDhRXJu2jmqM
  assets\audio\es\silabas\vacio-2.mp3
    texto: 'o'  ipa: None
    error: 400 Client Error: Bad Request for url: https://texttospeech.googleapis.com/v1/text:synthesize?key=AIzaSyAL1mg758L1cHG-yiGo-ztfDhRXJu2jmqM
  assets\audio\es\silabas\vacio-1.mp3
    texto: 'cí'  ipa: None
    error: 400 Client Error: Bad Request for url: https://texttospeech.googleapis.com/v1/text:synthesize?key=AIzaSyAL1mg758L1cHG-yiGo-ztfDhRXJu2jmqM
  assets\audio\es\silabas\pastelito-0.mp3
    texto: 'pas'  ipa: None
    error: 400 Client Error: Bad Request for url: https://texttospeech.googleapis.com/v1/text:synthesize?key=AIzaSyAL1mg758L1cHG-yiGo-ztfDhRXJu2jmqM
  assets\audio\es\silabas\pastelito-1.mp3
    texto: 'te'  ipa: None
    error: 400 Client Error: Bad Request for url: https://texttospeech.googleapis.com/v1/text:synthesize?key=AIzaSyAL1mg758L1cHG-yiGo-ztfDhRXJu2jmqM
  assets\audio\es\silabas\pastelito-2.mp3
    texto: 'li'  ipa: None
    error: 400 Client Error: Bad Request for url: https://texttospeech.googleapis.com/v1/text:synthesize?key=AIzaSyAL1mg758L1cHG-yiGo-ztfDhRXJu2jmqM
  assets\audio\es\silabas\pastelito-3.mp3
    texto: 'xto'  ipa: 'to'
    error: 400 Client Error: Bad Request for url: https://texttospeech.googleapis.com/v1/text:synthesize?key=AIzaSyAL1mg758L1cHG-yiGo-ztfDhRXJu2jmqM
  assets\audio\es\silabas\mono-nieve-0.mp3
    texto: 'mo'  ipa: None
    error: 400 Client Error: Bad Request for url: https://texttospeech.googleapis.com/v1/text:synthesize?key=AIzaSyAL1mg758L1cHG-yiGo-ztfDhRXJu2jmqM
  assets\audio\es\silabas\mono-nieve-1.mp3
    texto: 'no'  ipa: None
    error: 400 Client Error: Bad Request for url: https://texttospeech.googleapis.com/v1/text:synthesize?key=AIzaSyAL1mg758L1cHG-yiGo-ztfDhRXJu2jmqM
  assets\audio\es\silabas\mono-nieve-3.mp3
    texto: 'nie'  ipa: 'nje'
    error: 400 Client Error: Bad Request for url: https://texttospeech.googleapis.com/v1/text:synthesize?key=AIzaSyAL1mg758L1cHG-yiGo-ztfDhRXJu2jmqM
  assets\audio\es\silabas\mono-nieve-2.mp3
    texto: 'de'  ipa: None
    error: 400 Client Error: Bad Request for url: https://texttospeech.googleapis.com/v1/text:synthesize?key=AIzaSyAL1mg758L1cHG-yiGo-ztfDhRXJu2jmqM
  assets\audio\es\silabas\mono-nieve-4.mp3
    texto: 've'  ipa: None
    error: 400 Client Error: Bad Request for url: https://texttospeech.googleapis.com/v1/text:synthesize?key=AIzaSyAL1mg758L1cHG-yiGo-ztfDhRXJu2jmqM
  assets\audio\es\silabas\calor-0.mp3
    texto: 'ca'  ipa: None
    error: 400 Client Error: Bad Request for url: https://texttospeech.googleapis.com/v1/text:synthesize?key=AIzaSyAL1mg758L1cHG-yiGo-ztfDhRXJu2jmqM
  assets\audio\es\silabas\calor-1.mp3
    texto: 'lor'  ipa: None
    error: 400 Client Error: Bad Request for url: https://texttospeech.googleapis.com/v1/text:synthesize?key=AIzaSyAL1mg758L1cHG-yiGo-ztfDhRXJu2jmqM
  assets\audio\es\silabas\bombero-0.mp3
    texto: 'bom'  ipa: None
    error: 400 Client Error: Bad Request for url: https://texttospeech.googleapis.com/v1/text:synthesize?key=AIzaSyAL1mg758L1cHG-yiGo-ztfDhRXJu2jmqM
  assets\audio\es\silabas\bombero-1.mp3
    texto: 'xbe'  ipa: 'be'
    error: 400 Client Error: Bad Request for url: https://texttospeech.googleapis.com/v1/text:synthesize?key=AIzaSyAL1mg758L1cHG-yiGo-ztfDhRXJu2jmqM
  assets\audio\es\silabas\bombero-2.mp3
    texto: 'ro'  ipa: 'ɾo'
    error: 400 Client Error: Bad Request for url: https://texttospeech.googleapis.com/v1/text:synthesize?key=AIzaSyAL1mg758L1cHG-yiGo-ztfDhRXJu2jmqM
  assets\audio\es\silabas\naranja-color-0.mp3
    texto: 'na'  ipa: None
    error: 400 Client Error: Bad Request for url: https://texttospeech.googleapis.com/v1/text:synthesize?key=AIzaSyAL1mg758L1cHG-yiGo-ztfDhRXJu2jmqM
  assets\audio\es\silabas\naranja-color-1.mp3
    texto: 'ran'  ipa: 'ɾan'
    error: 400 Client Error: Bad Request for url: https://texttospeech.googleapis.com/v1/text:synthesize?key=AIzaSyAL1mg758L1cHG-yiGo-ztfDhRXJu2jmqM
  assets\audio\es\silabas\naranja-color-2.mp3
    texto: 'ja'  ipa: None
    error: 400 Client Error: Bad Request for url: https://texttospeech.googleapis.com/v1/text:synthesize?key=AIzaSyAL1mg758L1cHG-yiGo-ztfDhRXJu2jmqM
  assets\audio\es\silabas\muneca-cuerpo-0.mp3
    texto: 'mu'  ipa: None
    error: 400 Client Error: Bad Request for url: https://texttospeech.googleapis.com/v1/text:synthesize?key=AIzaSyAL1mg758L1cHG-yiGo-ztfDhRXJu2jmqM
  assets\audio\es\silabas\muneca-cuerpo-1.mp3
    texto: 'ñe'  ipa: None
    error: 400 Client Error: Bad Request for url: https://texttospeech.googleapis.com/v1/text:synthesize?key=AIzaSyAL1mg758L1cHG-yiGo-ztfDhRXJu2jmqM
  assets\audio\es\silabas\muneca-cuerpo-2.mp3
    texto: 'ca'  ipa: None
    error: 400 Client Error: Bad Request for url: https://texttospeech.googleapis.com/v1/text:synthesize?key=AIzaSyAL1mg758L1cHG-yiGo-ztfDhRXJu2jmqM
  assets\audio\es\silabas\lavar-manos-0.mp3
    texto: 'la'  ipa: None
    error: 400 Client Error: Bad Request for url: https://texttospeech.googleapis.com/v1/text:synthesize?key=AIzaSyAL1mg758L1cHG-yiGo-ztfDhRXJu2jmqM
  assets\audio\es\silabas\lavar-manos-1.mp3
    texto: 'var'  ipa: None
    error: 400 Client Error: Bad Request for url: https://texttospeech.googleapis.com/v1/text:synthesize?key=AIzaSyAL1mg758L1cHG-yiGo-ztfDhRXJu2jmqM
  assets\audio\es\silabas\lavar-manos-2.mp3
    texto: 'las'  ipa: None
    error: 400 Client Error: Bad Request for url: https://texttospeech.googleapis.com/v1/text:synthesize?key=AIzaSyAL1mg758L1cHG-yiGo-ztfDhRXJu2jmqM
  assets\audio\es\silabas\lavar-manos-3.mp3
    texto: 'ma'  ipa: None
    error: 400 Client Error: Bad Request for url: https://texttospeech.googleapis.com/v1/text:synthesize?key=AIzaSyAL1mg758L1cHG-yiGo-ztfDhRXJu2jmqM
  assets\audio\es\silabas\lavar-manos-4.mp3
    texto: 'nos'  ipa: None
    error: 400 Client Error: Bad Request for url: https://texttospeech.googleapis.com/v1/text:synthesize?key=AIzaSyAL1mg758L1cHG-yiGo-ztfDhRXJu2jmqM
  assets\audio\es\silabas\primero-0.mp3
    texto: 'pri'  ipa: None
    error: 400 Client Error: Bad Request for url: https://texttospeech.googleapis.com/v1/text:synthesize?key=AIzaSyAL1mg758L1cHG-yiGo-ztfDhRXJu2jmqM
  assets\audio\es\silabas\primero-1.mp3
    texto: 'me'  ipa: None
    error: 400 Client Error: Bad Request for url: https://texttospeech.googleapis.com/v1/text:synthesize?key=AIzaSyAL1mg758L1cHG-yiGo-ztfDhRXJu2jmqM
  assets\audio\es\silabas\primero-2.mp3
    texto: 'ro'  ipa: 'ɾo'
    error: 400 Client Error: Bad Request for url: https://texttospeech.googleapis.com/v1/text:synthesize?key=AIzaSyAL1mg758L1cHG-yiGo-ztfDhRXJu2jmqM
  assets\audio\es\silabas\descansar-0.mp3
    texto: 'xdes'  ipa: 'des'
    error: 400 Client Error: Bad Request for url: https://texttospeech.googleapis.com/v1/text:synthesize?key=AIzaSyAL1mg758L1cHG-yiGo-ztfDhRXJu2jmqM
  assets\audio\es\silabas\descansar-1.mp3
    texto: 'can'  ipa: None
    error: 400 Client Error: Bad Request for url: https://texttospeech.googleapis.com/v1/text:synthesize?key=AIzaSyAL1mg758L1cHG-yiGo-ztfDhRXJu2jmqM
  assets\audio\es\silabas\descansar-2.mp3
    texto: 'sar'  ipa: None
    error: 400 Client Error: Bad Request for url: https://texttospeech.googleapis.com/v1/text:synthesize?key=AIzaSyAL1mg758L1cHG-yiGo-ztfDhRXJu2jmqM
  assets\audio\es\silabas\hacer-popo-0.mp3
    texto: 'ha'  ipa: None
    error: 400 Client Error: Bad Request for url: https://texttospeech.googleapis.com/v1/text:synthesize?key=AIzaSyAL1mg758L1cHG-yiGo-ztfDhRXJu2jmqM
  assets\audio\es\silabas\hacer-popo-1.mp3
    texto: 'xcer'  ipa: 'ser'
    error: 400 Client Error: Bad Request for url: https://texttospeech.googleapis.com/v1/text:synthesize?key=AIzaSyAL1mg758L1cHG-yiGo-ztfDhRXJu2jmqM
  assets\audio\es\silabas\hacer-popo-2.mp3
    texto: 'po'  ipa: None
    error: 400 Client Error: Bad Request for url: https://texttospeech.googleapis.com/v1/text:synthesize?key=AIzaSyAL1mg758L1cHG-yiGo-ztfDhRXJu2jmqM
  assets\audio\es\silabas\hacer-popo-3.mp3
    texto: 'po'  ipa: None
    error: 400 Client Error: Bad Request for url: https://texttospeech.googleapis.com/v1/text:synthesize?key=AIzaSyAL1mg758L1cHG-yiGo-ztfDhRXJu2jmqM
  assets\audio\es\silabas\hacer-pipi-0.mp3
    texto: 'ha'  ipa: None
    error: 400 Client Error: Bad Request for url: https://texttospeech.googleapis.com/v1/text:synthesize?key=AIzaSyAL1mg758L1cHG-yiGo-ztfDhRXJu2jmqM
  assets\audio\es\silabas\hacer-pipi-1.mp3
    texto: 'xcer'  ipa: 'ser'
    error: 400 Client Error: Bad Request for url: https://texttospeech.googleapis.com/v1/text:synthesize?key=AIzaSyAL1mg758L1cHG-yiGo-ztfDhRXJu2jmqM
  assets\audio\es\silabas\hacer-pipi-2.mp3
    texto: 'pi'  ipa: None
    error: 400 Client Error: Bad Request for url: https://texttospeech.googleapis.com/v1/text:synthesize?key=AIzaSyAL1mg758L1cHG-yiGo-ztfDhRXJu2jmqM
  assets\audio\es\silabas\hacer-pipi-3.mp3
    texto: 'pi'  ipa: None
    error: 400 Client Error: Bad Request for url: https://texttospeech.googleapis.com/v1/text:synthesize?key=AIzaSyAL1mg758L1cHG-yiGo-ztfDhRXJu2jmqM
  assets\audio\es\silabas\yo-quiero-0.mp3
    texto: 'yo'  ipa: None
    error: 400 Client Error: Bad Request for url: https://texttospeech.googleapis.com/v1/text:synthesize?key=AIzaSyAL1mg758L1cHG-yiGo-ztfDhRXJu2jmqM
  assets\audio\es\silabas\yo-quiero-1.mp3
    texto: 'quie'  ipa: None
    error: 400 Client Error: Bad Request for url: https://texttospeech.googleapis.com/v1/text:synthesize?key=AIzaSyAL1mg758L1cHG-yiGo-ztfDhRXJu2jmqM
  assets\audio\es\silabas\yo-quiero-2.mp3
    texto: 'ro'  ipa: 'ɾo'
    error: 400 Client Error: Bad Request for url: https://texttospeech.googleapis.com/v1/text:synthesize?key=AIzaSyAL1mg758L1cHG-yiGo-ztfDhRXJu2jmqM
  assets\audio\es\silabas\autobus-dos-pisos-0.mp3
    texto: 'au'  ipa: None
    error: 400 Client Error: Bad Request for url: https://texttospeech.googleapis.com/v1/text:synthesize?key=AIzaSyAL1mg758L1cHG-yiGo-ztfDhRXJu2jmqM
  assets\audio\es\silabas\autobus-dos-pisos-1.mp3
    texto: 'xto'  ipa: 'to'
    error: 400 Client Error: Bad Request for url: https://texttospeech.googleapis.com/v1/text:synthesize?key=AIzaSyAL1mg758L1cHG-yiGo-ztfDhRXJu2jmqM
  assets\audio\es\silabas\autobus-dos-pisos-2.mp3
    texto: 'bús'  ipa: None
    error: 400 Client Error: Bad Request for url: https://texttospeech.googleapis.com/v1/text:synthesize?key=AIzaSyAL1mg758L1cHG-yiGo-ztfDhRXJu2jmqM
  assets\audio\es\silabas\autobus-dos-pisos-3.mp3
    texto: 'de'  ipa: None
    error: 400 Client Error: Bad Request for url: https://texttospeech.googleapis.com/v1/text:synthesize?key=AIzaSyAL1mg758L1cHG-yiGo-ztfDhRXJu2jmqM
  assets\audio\es\silabas\autobus-dos-pisos-4.mp3
    texto: 'dos'  ipa: None
    error: 400 Client Error: Bad Request for url: https://texttospeech.googleapis.com/v1/text:synthesize?key=AIzaSyAL1mg758L1cHG-yiGo-ztfDhRXJu2jmqM
  assets\audio\es\silabas\autobus-dos-pisos-5.mp3
    texto: 'pi'  ipa: None
    error: 400 Client Error: Bad Request for url: https://texttospeech.googleapis.com/v1/text:synthesize?key=AIzaSyAL1mg758L1cHG-yiGo-ztfDhRXJu2jmqM
  assets\audio\es\silabas\autobus-dos-pisos-6.mp3
    texto: 'sos'  ipa: None
    error: 400 Client Error: Bad Request for url: https://texttospeech.googleapis.com/v1/text:synthesize?key=AIzaSyAL1mg758L1cHG-yiGo-ztfDhRXJu2jmqM
  assets\audio\es\silabas\soplale-0.mp3
    texto: 'só'  ipa: None
    error: 400 Client Error: Bad Request for url: https://texttospeech.googleapis.com/v1/text:synthesize?key=AIzaSyAL1mg758L1cHG-yiGo-ztfDhRXJu2jmqM
  assets\audio\es\silabas\soplale-1.mp3
    texto: 'pla'  ipa: None
    error: 400 Client Error: Bad Request for url: https://texttospeech.googleapis.com/v1/text:synthesize?key=AIzaSyAL1mg758L1cHG-yiGo-ztfDhRXJu2jmqM
  assets\audio\es\silabas\soplale-2.mp3
    texto: 'le'  ipa: None
    error: 400 Client Error: Bad Request for url: https://texttospeech.googleapis.com/v1/text:synthesize?key=AIzaSyAL1mg758L1cHG-yiGo-ztfDhRXJu2jmqM
  assets\audio\es\silabas\paracaidas-0.mp3
    texto: 'pa'  ipa: None
    error: 400 Client Error: Bad Request for url: https://texttospeech.googleapis.com/v1/text:synthesize?key=AIzaSyAL1mg758L1cHG-yiGo-ztfDhRXJu2jmqM
  assets\audio\es\silabas\paracaidas-1.mp3
    texto: 'ra'  ipa: 'ɾa'
    error: 400 Client Error: Bad Request for url: https://texttospeech.googleapis.com/v1/text:synthesize?key=AIzaSyAL1mg758L1cHG-yiGo-ztfDhRXJu2jmqM
  assets\audio\es\silabas\paracaidas-2.mp3
    texto: 'ca'  ipa: None
    error: 400 Client Error: Bad Request for url: https://texttospeech.googleapis.com/v1/text:synthesize?key=AIzaSyAL1mg758L1cHG-yiGo-ztfDhRXJu2jmqM
  assets\audio\es\silabas\paracaidas-3.mp3
    texto: 'í'  ipa: None
    error: 400 Client Error: Bad Request for url: https://texttospeech.googleapis.com/v1/text:synthesize?key=AIzaSyAL1mg758L1cHG-yiGo-ztfDhRXJu2jmqM
  assets\audio\es\silabas\paracaidas-4.mp3
    texto: 'das'  ipa: None
    error: 400 Client Error: Bad Request for url: https://texttospeech.googleapis.com/v1/text:synthesize?key=AIzaSyAL1mg758L1cHG-yiGo-ztfDhRXJu2jmqM
  assets\audio\es\silabas\limusina-0.mp3
    texto: 'li'  ipa: None
    error: 400 Client Error: Bad Request for url: https://texttospeech.googleapis.com/v1/text:synthesize?key=AIzaSyAL1mg758L1cHG-yiGo-ztfDhRXJu2jmqM
  assets\audio\es\silabas\limusina-1.mp3
    texto: 'mu'  ipa: None
    error: 400 Client Error: Bad Request for url: https://texttospeech.googleapis.com/v1/text:synthesize?key=AIzaSyAL1mg758L1cHG-yiGo-ztfDhRXJu2jmqM
  assets\audio\es\silabas\limusina-2.mp3
    texto: 'si'  ipa: None
    error: 400 Client Error: Bad Request for url: https://texttospeech.googleapis.com/v1/text:synthesize?key=AIzaSyAL1mg758L1cHG-yiGo-ztfDhRXJu2jmqM
  assets\audio\es\silabas\limusina-3.mp3
    texto: 'na'  ipa: None
    error: 400 Client Error: Bad Request for url: https://texttospeech.googleapis.com/v1/text:synthesize?key=AIzaSyAL1mg758L1cHG-yiGo-ztfDhRXJu2jmqM
  assets\audio\es\silabas\astronauta-0.mp3
    texto: 'as'  ipa: None
    error: 400 Client Error: Bad Request for url: https://texttospeech.googleapis.com/v1/text:synthesize?key=AIzaSyAL1mg758L1cHG-yiGo-ztfDhRXJu2jmqM
  assets\audio\es\silabas\astronauta-1.mp3
    texto: 'tro'  ipa: None
    error: 400 Client Error: Bad Request for url: https://texttospeech.googleapis.com/v1/text:synthesize?key=AIzaSyAL1mg758L1cHG-yiGo-ztfDhRXJu2jmqM
  assets\audio\es\silabas\astronauta-2.mp3
    texto: 'nau'  ipa: None
    error: 400 Client Error: Bad Request for url: https://texttospeech.googleapis.com/v1/text:synthesize?key=AIzaSyAL1mg758L1cHG-yiGo-ztfDhRXJu2jmqM
  assets\audio\es\silabas\astronauta-3.mp3
    texto: 'ta'  ipa: None
    error: 400 Client Error: Bad Request for url: https://texttospeech.googleapis.com/v1/text:synthesize?key=AIzaSyAL1mg758L1cHG-yiGo-ztfDhRXJu2jmqM
  assets\audio\es\silabas\jeep-0.mp3
    texto: 'xje'  ipa: 'xe'
    error: 400 Client Error: Bad Request for url: https://texttospeech.googleapis.com/v1/text:synthesize?key=AIzaSyAL1mg758L1cHG-yiGo-ztfDhRXJu2jmqM
  assets\audio\es\silabas\jeep-1.mp3
    texto: 'ep'  ipa: None
    error: 400 Client Error: Bad Request for url: https://texttospeech.googleapis.com/v1/text:synthesize?key=AIzaSyAL1mg758L1cHG-yiGo-ztfDhRXJu2jmqM
  assets\audio\es\silabas\mototaxi-0.mp3
    texto: 'mo'  ipa: None
    error: 400 Client Error: Bad Request for url: https://texttospeech.googleapis.com/v1/text:synthesize?key=AIzaSyAL1mg758L1cHG-yiGo-ztfDhRXJu2jmqM
  assets\audio\es\silabas\mototaxi-1.mp3
    texto: 'xto'  ipa: 'to'
    error: 400 Client Error: Bad Request for url: https://texttospeech.googleapis.com/v1/text:synthesize?key=AIzaSyAL1mg758L1cHG-yiGo-ztfDhRXJu2jmqM
  assets\audio\es\silabas\mototaxi-2.mp3
    texto: 'ta'  ipa: None
    error: 400 Client Error: Bad Request for url: https://texttospeech.googleapis.com/v1/text:synthesize?key=AIzaSyAL1mg758L1cHG-yiGo-ztfDhRXJu2jmqM
  assets\audio\es\silabas\mototaxi-3.mp3
    texto: 'xi'  ipa: None
    error: 400 Client Error: Bad Request for url: https://texttospeech.googleapis.com/v1/text:synthesize?key=AIzaSyAL1mg758L1cHG-yiGo-ztfDhRXJu2jmqM
  assets\audio\es\silabas\kart-0.mp3
    texto: 'kart'  ipa: None
    error: 400 Client Error: Bad Request for url: https://texttospeech.googleapis.com/v1/text:synthesize?key=AIzaSyAL1mg758L1cHG-yiGo-ztfDhRXJu2jmqM
  assets\audio\es\silabas\motoneta-0.mp3
    texto: 'mo'  ipa: None
    error: 400 Client Error: Bad Request for url: https://texttospeech.googleapis.com/v1/text:synthesize?key=AIzaSyAL1mg758L1cHG-yiGo-ztfDhRXJu2jmqM
  assets\audio\es\silabas\motoneta-1.mp3
    texto: 'xto'  ipa: 'to'
    error: 400 Client Error: Bad Request for url: https://texttospeech.googleapis.com/v1/text:synthesize?key=AIzaSyAL1mg758L1cHG-yiGo-ztfDhRXJu2jmqM
  assets\audio\es\silabas\motoneta-2.mp3
    texto: 'ne'  ipa: None
    error: 400 Client Error: Bad Request for url: https://texttospeech.googleapis.com/v1/text:synthesize?key=AIzaSyAL1mg758L1cHG-yiGo-ztfDhRXJu2jmqM
  assets\audio\es\silabas\motoneta-3.mp3
    texto: 'ta'  ipa: None
    error: 400 Client Error: Bad Request for url: https://texttospeech.googleapis.com/v1/text:synthesize?key=AIzaSyAL1mg758L1cHG-yiGo-ztfDhRXJu2jmqM
  assets\audio\es\silabas\segway-0.mp3
    texto: 'seg'  ipa: None
    error: 400 Client Error: Bad Request for url: https://texttospeech.googleapis.com/v1/text:synthesize?key=AIzaSyAL1mg758L1cHG-yiGo-ztfDhRXJu2jmqM
  assets\audio\es\silabas\segway-1.mp3
    texto: 'way'  ipa: None
    error: 400 Client Error: Bad Request for url: https://texttospeech.googleapis.com/v1/text:synthesize?key=AIzaSyAL1mg758L1cHG-yiGo-ztfDhRXJu2jmqM
  assets\audio\es\silabas\dirigible-0.mp3
    texto: 'di'  ipa: None
    error: 400 Client Error: Bad Request for url: https://texttospeech.googleapis.com/v1/text:synthesize?key=AIzaSyAL1mg758L1cHG-yiGo-ztfDhRXJu2jmqM
  assets\audio\es\silabas\dirigible-1.mp3
    texto: 'ri'  ipa: 'ɾi'
    error: 400 Client Error: Bad Request for url: https://texttospeech.googleapis.com/v1/text:synthesize?key=AIzaSyAL1mg758L1cHG-yiGo-ztfDhRXJu2jmqM
  assets\audio\es\silabas\dirigible-2.mp3
    texto: 'gi'  ipa: None
    error: 400 Client Error: Bad Request for url: https://texttospeech.googleapis.com/v1/text:synthesize?key=AIzaSyAL1mg758L1cHG-yiGo-ztfDhRXJu2jmqM
  assets\audio\es\silabas\dirigible-3.mp3
    texto: 'blé'  ipa: None
    error: 400 Client Error: Bad Request for url: https://texttospeech.googleapis.com/v1/text:synthesize?key=AIzaSyAL1mg758L1cHG-yiGo-ztfDhRXJu2jmqM
  assets\audio\es\silabas\papalote-0.mp3
    texto: 'pa'  ipa: None
    error: 400 Client Error: Bad Request for url: https://texttospeech.googleapis.com/v1/text:synthesize?key=AIzaSyAL1mg758L1cHG-yiGo-ztfDhRXJu2jmqM
  assets\audio\es\silabas\papalote-1.mp3
    texto: 'pa'  ipa: None
    error: 400 Client Error: Bad Request for url: https://texttospeech.googleapis.com/v1/text:synthesize?key=AIzaSyAL1mg758L1cHG-yiGo-ztfDhRXJu2jmqM
  assets\audio\es\silabas\papalote-2.mp3
    texto: 'lo'  ipa: None
    error: 400 Client Error: Bad Request for url: https://texttospeech.googleapis.com/v1/text:synthesize?key=AIzaSyAL1mg758L1cHG-yiGo-ztfDhRXJu2jmqM
  assets\audio\es\silabas\papalote-3.mp3
    texto: 'te'  ipa: None
    error: 400 Client Error: Bad Request for url: https://texttospeech.googleapis.com/v1/text:synthesize?key=AIzaSyAL1mg758L1cHG-yiGo-ztfDhRXJu2jmqM
  assets\audio\es\silabas\avioneta-0.mp3
    texto: 'a'  ipa: None
    error: 400 Client Error: Bad Request for url: https://texttospeech.googleapis.com/v1/text:synthesize?key=AIzaSyAL1mg758L1cHG-yiGo-ztfDhRXJu2jmqM
  assets\audio\es\silabas\avioneta-1.mp3
    texto: 'vio'  ipa: None
    error: 400 Client Error: Bad Request for url: https://texttospeech.googleapis.com/v1/text:synthesize?key=AIzaSyAL1mg758L1cHG-yiGo-ztfDhRXJu2jmqM
  assets\audio\es\silabas\avioneta-2.mp3
    texto: 'ne'  ipa: None
    error: 400 Client Error: Bad Request for url: https://texttospeech.googleapis.com/v1/text:synthesize?key=AIzaSyAL1mg758L1cHG-yiGo-ztfDhRXJu2jmqM
  assets\audio\es\silabas\avioneta-3.mp3
    texto: 'ta'  ipa: None
    error: 400 Client Error: Bad Request for url: https://texttospeech.googleapis.com/v1/text:synthesize?key=AIzaSyAL1mg758L1cHG-yiGo-ztfDhRXJu2jmqM
  assets\audio\es\silabas\transbordador-espacial-0.mp3
    texto: 'trans'  ipa: None
    error: 400 Client Error: Bad Request for url: https://texttospeech.googleapis.com/v1/text:synthesize?key=AIzaSyAL1mg758L1cHG-yiGo-ztfDhRXJu2jmqM
  assets\audio\es\silabas\transbordador-espacial-1.mp3
    texto: 'bor'  ipa: None
    error: 400 Client Error: Bad Request for url: https://texttospeech.googleapis.com/v1/text:synthesize?key=AIzaSyAL1mg758L1cHG-yiGo-ztfDhRXJu2jmqM
  assets\audio\es\silabas\transbordador-espacial-2.mp3
    texto: 'da'  ipa: None
    error: 400 Client Error: Bad Request for url: https://texttospeech.googleapis.com/v1/text:synthesize?key=AIzaSyAL1mg758L1cHG-yiGo-ztfDhRXJu2jmqM
  assets\audio\es\silabas\transbordador-espacial-3.mp3
    texto: 'dor'  ipa: None
    error: 400 Client Error: Bad Request for url: https://texttospeech.googleapis.com/v1/text:synthesize?key=AIzaSyAL1mg758L1cHG-yiGo-ztfDhRXJu2jmqM
  assets\audio\es\silabas\transbordador-espacial-4.mp3
    texto: 'es'  ipa: None
    error: 400 Client Error: Bad Request for url: https://texttospeech.googleapis.com/v1/text:synthesize?key=AIzaSyAL1mg758L1cHG-yiGo-ztfDhRXJu2jmqM
  assets\audio\es\silabas\transbordador-espacial-5.mp3
    texto: 'pa'  ipa: None
    error: 400 Client Error: Bad Request for url: https://texttospeech.googleapis.com/v1/text:synthesize?key=AIzaSyAL1mg758L1cHG-yiGo-ztfDhRXJu2jmqM
  assets\audio\es\silabas\transbordador-espacial-6.mp3
    texto: 'cial'  ipa: None
    error: 400 Client Error: Bad Request for url: https://texttospeech.googleapis.com/v1/text:synthesize?key=AIzaSyAL1mg758L1cHG-yiGo-ztfDhRXJu2jmqM
  assets\audio\es\silabas\todoterreno-0.mp3
    texto: 'xto'  ipa: 'to'
    error: 400 Client Error: Bad Request for url: https://texttospeech.googleapis.com/v1/text:synthesize?key=AIzaSyAL1mg758L1cHG-yiGo-ztfDhRXJu2jmqM
  assets\audio\es\silabas\todoterreno-1.mp3
    texto: 'do'  ipa: None
    error: 400 Client Error: Bad Request for url: https://texttospeech.googleapis.com/v1/text:synthesize?key=AIzaSyAL1mg758L1cHG-yiGo-ztfDhRXJu2jmqM
  assets\audio\es\silabas\todoterreno-2.mp3
    texto: 'te'  ipa: None
    error: 400 Client Error: Bad Request for url: https://texttospeech.googleapis.com/v1/text:synthesize?key=AIzaSyAL1mg758L1cHG-yiGo-ztfDhRXJu2jmqM
  assets\audio\es\silabas\todoterreno-3.mp3
    texto: 'rre'  ipa: None
    error: 400 Client Error: Bad Request for url: https://texttospeech.googleapis.com/v1/text:synthesize?key=AIzaSyAL1mg758L1cHG-yiGo-ztfDhRXJu2jmqM
  assets\audio\es\silabas\todoterreno-4.mp3
    texto: 'no'  ipa: None
    error: 400 Client Error: Bad Request for url: https://texttospeech.googleapis.com/v1/text:synthesize?key=AIzaSyAL1mg758L1cHG-yiGo-ztfDhRXJu2jmqM
  assets\audio\es\silabas\autobus-escolar-0.mp3
    texto: 'au'  ipa: None
    error: 400 Client Error: Bad Request for url: https://texttospeech.googleapis.com/v1/text:synthesize?key=AIzaSyAL1mg758L1cHG-yiGo-ztfDhRXJu2jmqM
  assets\audio\es\silabas\autobus-escolar-2.mp3
    texto: 'bús'  ipa: None
    error: 400 Client Error: Bad Request for url: https://texttospeech.googleapis.com/v1/text:synthesize?key=AIzaSyAL1mg758L1cHG-yiGo-ztfDhRXJu2jmqM
  assets\audio\es\silabas\autobus-escolar-1.mp3
    texto: 'xto'  ipa: 'to'
    error: 400 Client Error: Bad Request for url: https://texttospeech.googleapis.com/v1/text:synthesize?key=AIzaSyAL1mg758L1cHG-yiGo-ztfDhRXJu2jmqM
  assets\audio\es\silabas\autobus-escolar-3.mp3
    texto: 'es'  ipa: None
    error: 400 Client Error: Bad Request for url: https://texttospeech.googleapis.com/v1/text:synthesize?key=AIzaSyAL1mg758L1cHG-yiGo-ztfDhRXJu2jmqM
  assets\audio\es\silabas\autobus-escolar-4.mp3
    texto: 'co'  ipa: None
    error: 400 Client Error: Bad Request for url: https://texttospeech.googleapis.com/v1/text:synthesize?key=AIzaSyAL1mg758L1cHG-yiGo-ztfDhRXJu2jmqM
  assets\audio\es\silabas\autobus-escolar-5.mp3
    texto: 'lar'  ipa: None
    error: 400 Client Error: Bad Request for url: https://texttospeech.googleapis.com/v1/text:synthesize?key=AIzaSyAL1mg758L1cHG-yiGo-ztfDhRXJu2jmqM
  assets\audio\es\silabas\trailer-0.mp3
    texto: 'trái'  ipa: None
    error: 400 Client Error: Bad Request for url: https://texttospeech.googleapis.com/v1/text:synthesize?key=AIzaSyAL1mg758L1cHG-yiGo-ztfDhRXJu2jmqM
  assets\audio\es\silabas\trailer-1.mp3
    texto: 'ler'  ipa: None
    error: 400 Client Error: Bad Request for url: https://texttospeech.googleapis.com/v1/text:synthesize?key=AIzaSyAL1mg758L1cHG-yiGo-ztfDhRXJu2jmqM
  assets\audio\es\silabas\camion-basura-0.mp3
    texto: 'ca'  ipa: None
    error: 400 Client Error: Bad Request for url: https://texttospeech.googleapis.com/v1/text:synthesize?key=AIzaSyAL1mg758L1cHG-yiGo-ztfDhRXJu2jmqM
  assets\audio\es\silabas\camion-basura-1.mp3
    texto: 'mión'  ipa: None
    error: 400 Client Error: Bad Request for url: https://texttospeech.googleapis.com/v1/text:synthesize?key=AIzaSyAL1mg758L1cHG-yiGo-ztfDhRXJu2jmqM
  assets\audio\es\silabas\camion-basura-2.mp3
    texto: 'de'  ipa: None
    error: 400 Client Error: Bad Request for url: https://texttospeech.googleapis.com/v1/text:synthesize?key=AIzaSyAL1mg758L1cHG-yiGo-ztfDhRXJu2jmqM
  assets\audio\es\silabas\camion-basura-3.mp3
    texto: 'la'  ipa: None
    error: 400 Client Error: Bad Request for url: https://texttospeech.googleapis.com/v1/text:synthesize?key=AIzaSyAL1mg758L1cHG-yiGo-ztfDhRXJu2jmqM
  assets\audio\es\silabas\camion-basura-4.mp3
    texto: 'bá'  ipa: None
    error: 400 Client Error: Bad Request for url: https://texttospeech.googleapis.com/v1/text:synthesize?key=AIzaSyAL1mg758L1cHG-yiGo-ztfDhRXJu2jmqM
  assets\audio\es\silabas\camion-basura-5.mp3
    texto: 'su'  ipa: None
    error: 400 Client Error: Bad Request for url: https://texttospeech.googleapis.com/v1/text:synthesize?key=AIzaSyAL1mg758L1cHG-yiGo-ztfDhRXJu2jmqM
  assets\audio\es\silabas\camion-basura-6.mp3
    texto: 'ra'  ipa: 'ɾa'
    error: 400 Client Error: Bad Request for url: https://texttospeech.googleapis.com/v1/text:synthesize?key=AIzaSyAL1mg758L1cHG-yiGo-ztfDhRXJu2jmqM
  assets\audio\es\silabas\quitanieve-0.mp3
    texto: 'qui'  ipa: None
    error: 400 Client Error: Bad Request for url: https://texttospeech.googleapis.com/v1/text:synthesize?key=AIzaSyAL1mg758L1cHG-yiGo-ztfDhRXJu2jmqM
  assets\audio\es\silabas\quitanieve-1.mp3
    texto: 'ta'  ipa: None
    error: 400 Client Error: Bad Request for url: https://texttospeech.googleapis.com/v1/text:synthesize?key=AIzaSyAL1mg758L1cHG-yiGo-ztfDhRXJu2jmqM
  assets\audio\es\silabas\quitanieve-2.mp3
    texto: 'nie'  ipa: 'nje'
    error: 400 Client Error: Bad Request for url: https://texttospeech.googleapis.com/v1/text:synthesize?key=AIzaSyAL1mg758L1cHG-yiGo-ztfDhRXJu2jmqM
  assets\audio\es\silabas\quitanieve-3.mp3
    texto: 've'  ipa: None
    error: 400 Client Error: Bad Request for url: https://texttospeech.googleapis.com/v1/text:synthesize?key=AIzaSyAL1mg758L1cHG-yiGo-ztfDhRXJu2jmqM
  assets\audio\es\silabas\quiero-0.mp3
    texto: 'quie'  ipa: None
    error: 400 Client Error: Bad Request for url: https://texttospeech.googleapis.com/v1/text:synthesize?key=AIzaSyAL1mg758L1cHG-yiGo-ztfDhRXJu2jmqM
  assets\audio\es\silabas\quiero-1.mp3
    texto: 'ro'  ipa: 'ɾo'
    error: 400 Client Error: Bad Request for url: https://texttospeech.googleapis.com/v1/text:synthesize?key=AIzaSyAL1mg758L1cHG-yiGo-ztfDhRXJu2jmqM
  assets\audio\es\silabas\alce-0.mp3
    texto: 'al'  ipa: None
    error: 400 Client Error: Bad Request for url: https://texttospeech.googleapis.com/v1/text:synthesize?key=AIzaSyAL1mg758L1cHG-yiGo-ztfDhRXJu2jmqM
  assets\audio\es\silabas\alpaca-1.mp3
    texto: 'pa'  ipa: None
    error: 400 Client Error: Bad Request for url: https://texttospeech.googleapis.com/v1/text:synthesize?key=AIzaSyAL1mg758L1cHG-yiGo-ztfDhRXJu2jmqM
  assets\audio\es\silabas\alpaca-0.mp3
    texto: 'al'  ipa: None
    error: 400 Client Error: Bad Request for url: https://texttospeech.googleapis.com/v1/text:synthesize?key=AIzaSyAL1mg758L1cHG-yiGo-ztfDhRXJu2jmqM
  assets\audio\es\silabas\alce-1.mp3
    texto: 'ce'  ipa: None
    error: 400 Client Error: Bad Request for url: https://texttospeech.googleapis.com/v1/text:synthesize?key=AIzaSyAL1mg758L1cHG-yiGo-ztfDhRXJu2jmqM
  assets\audio\es\silabas\alpaca-2.mp3
    texto: 'ca'  ipa: None
    error: 400 Client Error: Bad Request for url: https://texttospeech.googleapis.com/v1/text:synthesize?key=AIzaSyAL1mg758L1cHG-yiGo-ztfDhRXJu2jmqM
  assets\audio\es\silabas\anguila-0.mp3
    texto: 'an'  ipa: None
    error: 400 Client Error: Bad Request for url: https://texttospeech.googleapis.com/v1/text:synthesize?key=AIzaSyAL1mg758L1cHG-yiGo-ztfDhRXJu2jmqM
  assets\audio\es\silabas\anguila-2.mp3
    texto: 'la'  ipa: None
    error: 400 Client Error: Bad Request for url: https://texttospeech.googleapis.com/v1/text:synthesize?key=AIzaSyAL1mg758L1cHG-yiGo-ztfDhRXJu2jmqM
  assets\audio\es\silabas\anguila-1.mp3
    texto: 'gui'  ipa: None
    error: 400 Client Error: Bad Request for url: https://texttospeech.googleapis.com/v1/text:synthesize?key=AIzaSyAL1mg758L1cHG-yiGo-ztfDhRXJu2jmqM
  assets\audio\es\silabas\animales-0.mp3
    texto: 'a'  ipa: None
    error: 400 Client Error: Bad Request for url: https://texttospeech.googleapis.com/v1/text:synthesize?key=AIzaSyAL1mg758L1cHG-yiGo-ztfDhRXJu2jmqM
  assets\audio\es\silabas\animales-1.mp3
    texto: 'ni'  ipa: None
    error: 400 Client Error: Bad Request for url: https://texttospeech.googleapis.com/v1/text:synthesize?key=AIzaSyAL1mg758L1cHG-yiGo-ztfDhRXJu2jmqM
  assets\audio\es\silabas\animales-2.mp3
    texto: 'ma'  ipa: None
    error: 400 Client Error: Bad Request for url: https://texttospeech.googleapis.com/v1/text:synthesize?key=AIzaSyAL1mg758L1cHG-yiGo-ztfDhRXJu2jmqM
  assets\audio\es\silabas\animales-3.mp3
    texto: 'les'  ipa: None
    error: 400 Client Error: Bad Request for url: https://texttospeech.googleapis.com/v1/text:synthesize?key=AIzaSyAL1mg758L1cHG-yiGo-ztfDhRXJu2jmqM
  assets\audio\es\silabas\armadillo-0.mp3
    texto: 'ar'  ipa: None
    error: 400 Client Error: Bad Request for url: https://texttospeech.googleapis.com/v1/text:synthesize?key=AIzaSyAL1mg758L1cHG-yiGo-ztfDhRXJu2jmqM
  assets\audio\es\silabas\armadillo-1.mp3
    texto: 'ma'  ipa: None
    error: 400 Client Error: Bad Request for url: https://texttospeech.googleapis.com/v1/text:synthesize?key=AIzaSyAL1mg758L1cHG-yiGo-ztfDhRXJu2jmqM
  assets\audio\es\silabas\armadillo-2.mp3
    texto: 'di'  ipa: None
    error: 400 Client Error: Bad Request for url: https://texttospeech.googleapis.com/v1/text:synthesize?key=AIzaSyAL1mg758L1cHG-yiGo-ztfDhRXJu2jmqM
  assets\audio\es\silabas\armadillo-3.mp3
    texto: 'llo'  ipa: None
    error: 400 Client Error: Bad Request for url: https://texttospeech.googleapis.com/v1/text:synthesize?key=AIzaSyAL1mg758L1cHG-yiGo-ztfDhRXJu2jmqM
  assets\audio\es\silabas\avestruz-0.mp3
    texto: 'a'  ipa: None
    error: 400 Client Error: Bad Request for url: https://texttospeech.googleapis.com/v1/text:synthesize?key=AIzaSyAL1mg758L1cHG-yiGo-ztfDhRXJu2jmqM
  assets\audio\es\silabas\avestruz-2.mp3
    texto: 'truz'  ipa: None
    error: 400 Client Error: Bad Request for url: https://texttospeech.googleapis.com/v1/text:synthesize?key=AIzaSyAL1mg758L1cHG-yiGo-ztfDhRXJu2jmqM
  assets\audio\es\silabas\avestruz-1.mp3
    texto: 'ves'  ipa: None
    error: 400 Client Error: Bad Request for url: https://texttospeech.googleapis.com/v1/text:synthesize?key=AIzaSyAL1mg758L1cHG-yiGo-ztfDhRXJu2jmqM
  assets\audio\es\silabas\avispa-0.mp3
    texto: 'a'  ipa: None
    error: 400 Client Error: Bad Request for url: https://texttospeech.googleapis.com/v1/text:synthesize?key=AIzaSyAL1mg758L1cHG-yiGo-ztfDhRXJu2jmqM
  assets\audio\es\silabas\avispa-1.mp3
    texto: 'vis'  ipa: None
    error: 400 Client Error: Bad Request for url: https://texttospeech.googleapis.com/v1/text:synthesize?key=AIzaSyAL1mg758L1cHG-yiGo-ztfDhRXJu2jmqM
  assets\audio\es\silabas\avispa-2.mp3
    texto: 'pa'  ipa: None
    error: 400 Client Error: Bad Request for url: https://texttospeech.googleapis.com/v1/text:synthesize?key=AIzaSyAL1mg758L1cHG-yiGo-ztfDhRXJu2jmqM
  assets\audio\es\silabas\buitre-1.mp3
    texto: 'tre'  ipa: None
    error: 400 Client Error: Bad Request for url: https://texttospeech.googleapis.com/v1/text:synthesize?key=AIzaSyAL1mg758L1cHG-yiGo-ztfDhRXJu2jmqM
  assets\audio\es\silabas\buitre-0.mp3
    texto: 'bui'  ipa: None
    error: 400 Client Error: Bad Request for url: https://texttospeech.googleapis.com/v1/text:synthesize?key=AIzaSyAL1mg758L1cHG-yiGo-ztfDhRXJu2jmqM
  assets\audio\es\silabas\burro-0.mp3
    texto: 'bu'  ipa: None
    error: 400 Client Error: Bad Request for url: https://texttospeech.googleapis.com/v1/text:synthesize?key=AIzaSyAL1mg758L1cHG-yiGo-ztfDhRXJu2jmqM
  assets\audio\es\silabas\burro-1.mp3
    texto: 'rro'  ipa: None
    error: 400 Client Error: Bad Request for url: https://texttospeech.googleapis.com/v1/text:synthesize?key=AIzaSyAL1mg758L1cHG-yiGo-ztfDhRXJu2jmqM
  assets\audio\es\silabas\bufalo-0.mp3
    texto: 'bú'  ipa: None
    error: 400 Client Error: Bad Request for url: https://texttospeech.googleapis.com/v1/text:synthesize?key=AIzaSyAL1mg758L1cHG-yiGo-ztfDhRXJu2jmqM
  assets\audio\es\silabas\bufalo-1.mp3
    texto: 'fa'  ipa: None
    error: 400 Client Error: Bad Request for url: https://texttospeech.googleapis.com/v1/text:synthesize?key=AIzaSyAL1mg758L1cHG-yiGo-ztfDhRXJu2jmqM
  assets\audio\es\silabas\bufalo-2.mp3
    texto: 'lo'  ipa: None
    error: 400 Client Error: Bad Request for url: https://texttospeech.googleapis.com/v1/text:synthesize?key=AIzaSyAL1mg758L1cHG-yiGo-ztfDhRXJu2jmqM
  assets\audio\es\silabas\caballito-mar-0.mp3
    texto: 'ca'  ipa: None
    error: 400 Client Error: Bad Request for url: https://texttospeech.googleapis.com/v1/text:synthesize?key=AIzaSyAL1mg758L1cHG-yiGo-ztfDhRXJu2jmqM
  assets\audio\es\silabas\caballito-mar-1.mp3
    texto: 'bá'  ipa: None
    error: 400 Client Error: Bad Request for url: https://texttospeech.googleapis.com/v1/text:synthesize?key=AIzaSyAL1mg758L1cHG-yiGo-ztfDhRXJu2jmqM
  assets\audio\es\silabas\caballito-mar-2.mp3
    texto: 'llí'  ipa: None
    error: 400 Client Error: Bad Request for url: https://texttospeech.googleapis.com/v1/text:synthesize?key=AIzaSyAL1mg758L1cHG-yiGo-ztfDhRXJu2jmqM
  assets\audio\es\silabas\caballito-mar-5.mp3
    texto: 'mar'  ipa: None
    error: 400 Client Error: Bad Request for url: https://texttospeech.googleapis.com/v1/text:synthesize?key=AIzaSyAL1mg758L1cHG-yiGo-ztfDhRXJu2jmqM
  assets\audio\es\silabas\caballito-mar-3.mp3
    texto: 'xto'  ipa: 'to'
    error: 400 Client Error: Bad Request for url: https://texttospeech.googleapis.com/v1/text:synthesize?key=AIzaSyAL1mg758L1cHG-yiGo-ztfDhRXJu2jmqM
  assets\audio\es\silabas\caballito-mar-4.mp3
    texto: 'de'  ipa: None
    error: 400 Client Error: Bad Request for url: https://texttospeech.googleapis.com/v1/text:synthesize?key=AIzaSyAL1mg758L1cHG-yiGo-ztfDhRXJu2jmqM
  assets\audio\es\silabas\cabra-0.mp3
    texto: 'ca'  ipa: None
    error: 400 Client Error: Bad Request for url: https://texttospeech.googleapis.com/v1/text:synthesize?key=AIzaSyAL1mg758L1cHG-yiGo-ztfDhRXJu2jmqM
  assets\audio\es\silabas\cabra-1.mp3
    texto: 'bra'  ipa: None
    error: 400 Client Error: Bad Request for url: https://texttospeech.googleapis.com/v1/text:synthesize?key=AIzaSyAL1mg758L1cHG-yiGo-ztfDhRXJu2jmqM
  assets\audio\es\silabas\cacatua-1.mp3
    texto: 'ca'  ipa: None
    error: 400 Client Error: Bad Request for url: https://texttospeech.googleapis.com/v1/text:synthesize?key=AIzaSyAL1mg758L1cHG-yiGo-ztfDhRXJu2jmqM
  assets\audio\es\silabas\cacatua-0.mp3
    texto: 'ca'  ipa: None
    error: 400 Client Error: Bad Request for url: https://texttospeech.googleapis.com/v1/text:synthesize?key=AIzaSyAL1mg758L1cHG-yiGo-ztfDhRXJu2jmqM
  assets\audio\es\silabas\cacatua-2.mp3
    texto: 'tú'  ipa: None
    error: 400 Client Error: Bad Request for url: https://texttospeech.googleapis.com/v1/text:synthesize?key=AIzaSyAL1mg758L1cHG-yiGo-ztfDhRXJu2jmqM
  assets\audio\es\silabas\cacatua-3.mp3
    texto: 'a'  ipa: None
    error: 400 Client Error: Bad Request for url: https://texttospeech.googleapis.com/v1/text:synthesize?key=AIzaSyAL1mg758L1cHG-yiGo-ztfDhRXJu2jmqM
  assets\audio\es\silabas\caiman-0.mp3
    texto: 'cai'  ipa: None
    error: 400 Client Error: Bad Request for url: https://texttospeech.googleapis.com/v1/text:synthesize?key=AIzaSyAL1mg758L1cHG-yiGo-ztfDhRXJu2jmqM
  assets\audio\es\silabas\camaleon-2.mp3
    texto: 'le'  ipa: None
    error: 400 Client Error: Bad Request for url: https://texttospeech.googleapis.com/v1/text:synthesize?key=AIzaSyAL1mg758L1cHG-yiGo-ztfDhRXJu2jmqM
  assets\audio\es\silabas\camaleon-0.mp3
    texto: 'ca'  ipa: None
    error: 400 Client Error: Bad Request for url: https://texttospeech.googleapis.com/v1/text:synthesize?key=AIzaSyAL1mg758L1cHG-yiGo-ztfDhRXJu2jmqM
  assets\audio\es\silabas\caiman-1.mp3
    texto: 'mán'  ipa: None
    error: 400 Client Error: Bad Request for url: https://texttospeech.googleapis.com/v1/text:synthesize?key=AIzaSyAL1mg758L1cHG-yiGo-ztfDhRXJu2jmqM
  assets\audio\es\silabas\camaleon-1.mp3
    texto: 'ma'  ipa: None
    error: 400 Client Error: Bad Request for url: https://texttospeech.googleapis.com/v1/text:synthesize?key=AIzaSyAL1mg758L1cHG-yiGo-ztfDhRXJu2jmqM
  assets\audio\es\silabas\camaleon-3.mp3
    texto: 'ón'  ipa: None
    error: 400 Client Error: Bad Request for url: https://texttospeech.googleapis.com/v1/text:synthesize?key=AIzaSyAL1mg758L1cHG-yiGo-ztfDhRXJu2jmqM
  assets\audio\es\silabas\camello-0.mp3
    texto: 'ca'  ipa: None
    error: 400 Client Error: Bad Request for url: https://texttospeech.googleapis.com/v1/text:synthesize?key=AIzaSyAL1mg758L1cHG-yiGo-ztfDhRXJu2jmqM
  assets\audio\es\silabas\canario-0.mp3
    texto: 'ca'  ipa: None
    error: 400 Client Error: Bad Request for url: https://texttospeech.googleapis.com/v1/text:synthesize?key=AIzaSyAL1mg758L1cHG-yiGo-ztfDhRXJu2jmqM
  assets\audio\es\silabas\camello-2.mp3
    texto: 'llo'  ipa: None
    error: 400 Client Error: Bad Request for url: https://texttospeech.googleapis.com/v1/text:synthesize?key=AIzaSyAL1mg758L1cHG-yiGo-ztfDhRXJu2jmqM
  assets\audio\es\silabas\camello-1.mp3
    texto: 'me'  ipa: None
    error: 400 Client Error: Bad Request for url: https://texttospeech.googleapis.com/v1/text:synthesize?key=AIzaSyAL1mg758L1cHG-yiGo-ztfDhRXJu2jmqM
  assets\audio\es\silabas\canario-1.mp3
    texto: 'na'  ipa: None
    error: 400 Client Error: Bad Request for url: https://texttospeech.googleapis.com/v1/text:synthesize?key=AIzaSyAL1mg758L1cHG-yiGo-ztfDhRXJu2jmqM
  assets\audio\es\silabas\cangrejo-0.mp3
    texto: 'can'  ipa: None
    error: 400 Client Error: Bad Request for url: https://texttospeech.googleapis.com/v1/text:synthesize?key=AIzaSyAL1mg758L1cHG-yiGo-ztfDhRXJu2jmqM
  assets\audio\es\silabas\cangrejo-1.mp3
    texto: 'xgre'  ipa: 'gɾe'
    error: 400 Client Error: Bad Request for url: https://texttospeech.googleapis.com/v1/text:synthesize?key=AIzaSyAL1mg758L1cHG-yiGo-ztfDhRXJu2jmqM
  assets\audio\es\silabas\cangrejo-2.mp3
    texto: 'xjo'  ipa: 'xo'
    error: 400 Client Error: Bad Request for url: https://texttospeech.googleapis.com/v1/text:synthesize?key=AIzaSyAL1mg758L1cHG-yiGo-ztfDhRXJu2jmqM
  assets\audio\es\silabas\canario-2.mp3
    texto: 'rio'  ipa: 'ɾio'
    error: 400 Client Error: Bad Request for url: https://texttospeech.googleapis.com/v1/text:synthesize?key=AIzaSyAL1mg758L1cHG-yiGo-ztfDhRXJu2jmqM
  assets\audio\es\silabas\canguro-0.mp3
    texto: 'can'  ipa: None
    error: 400 Client Error: Bad Request for url: https://texttospeech.googleapis.com/v1/text:synthesize?key=AIzaSyAL1mg758L1cHG-yiGo-ztfDhRXJu2jmqM
  assets\audio\es\silabas\canguro-2.mp3
    texto: 'ro'  ipa: 'ɾo'
    error: 400 Client Error: Bad Request for url: https://texttospeech.googleapis.com/v1/text:synthesize?key=AIzaSyAL1mg758L1cHG-yiGo-ztfDhRXJu2jmqM
  assets\audio\es\silabas\canguro-1.mp3
    texto: 'gu'  ipa: None
    error: 400 Client Error: Bad Request for url: https://texttospeech.googleapis.com/v1/text:synthesize?key=AIzaSyAL1mg758L1cHG-yiGo-ztfDhRXJu2jmqM
  assets\audio\es\silabas\capibara-0.mp3
    texto: 'ca'  ipa: None
    error: 400 Client Error: Bad Request for url: https://texttospeech.googleapis.com/v1/text:synthesize?key=AIzaSyAL1mg758L1cHG-yiGo-ztfDhRXJu2jmqM
  assets\audio\es\silabas\capibara-1.mp3
    texto: 'pi'  ipa: None
    error: 400 Client Error: Bad Request for url: https://texttospeech.googleapis.com/v1/text:synthesize?key=AIzaSyAL1mg758L1cHG-yiGo-ztfDhRXJu2jmqM
  assets\audio\es\silabas\capibara-2.mp3
    texto: 'bá'  ipa: None
    error: 400 Client Error: Bad Request for url: https://texttospeech.googleapis.com/v1/text:synthesize?key=AIzaSyAL1mg758L1cHG-yiGo-ztfDhRXJu2jmqM
  assets\audio\es\silabas\caracol-1.mp3
    texto: 'ra'  ipa: 'ɾa'
    error: 400 Client Error: Bad Request for url: https://texttospeech.googleapis.com/v1/text:synthesize?key=AIzaSyAL1mg758L1cHG-yiGo-ztfDhRXJu2jmqM
  assets\audio\es\silabas\caracol-0.mp3
    texto: 'ca'  ipa: None
    error: 400 Client Error: Bad Request for url: https://texttospeech.googleapis.com/v1/text:synthesize?key=AIzaSyAL1mg758L1cHG-yiGo-ztfDhRXJu2jmqM
  assets\audio\es\silabas\caracol-2.mp3
    texto: 'col'  ipa: None
    error: 400 Client Error: Bad Request for url: https://texttospeech.googleapis.com/v1/text:synthesize?key=AIzaSyAL1mg758L1cHG-yiGo-ztfDhRXJu2jmqM
  assets\audio\es\silabas\capibara-3.mp3
    texto: 'ra'  ipa: 'ɾa'
    error: 400 Client Error: Bad Request for url: https://texttospeech.googleapis.com/v1/text:synthesize?key=AIzaSyAL1mg758L1cHG-yiGo-ztfDhRXJu2jmqM
  assets\audio\es\silabas\carnero-0.mp3
    texto: 'xcar'  ipa: 'kar'
    error: 400 Client Error: Bad Request for url: https://texttospeech.googleapis.com/v1/text:synthesize?key=AIzaSyAL1mg758L1cHG-yiGo-ztfDhRXJu2jmqM
  assets\audio\es\silabas\carnero-1.mp3
    texto: 'ne'  ipa: None
    error: 400 Client Error: Bad Request for url: https://texttospeech.googleapis.com/v1/text:synthesize?key=AIzaSyAL1mg758L1cHG-yiGo-ztfDhRXJu2jmqM
  assets\audio\es\silabas\carnero-2.mp3
    texto: 'ro'  ipa: 'ɾo'
    error: 400 Client Error: Bad Request for url: https://texttospeech.googleapis.com/v1/text:synthesize?key=AIzaSyAL1mg758L1cHG-yiGo-ztfDhRXJu2jmqM
  assets\audio\es\silabas\carpa-koi-0.mp3
    texto: 'xcar'  ipa: 'kar'
    error: 400 Client Error: Bad Request for url: https://texttospeech.googleapis.com/v1/text:synthesize?key=AIzaSyAL1mg758L1cHG-yiGo-ztfDhRXJu2jmqM
  assets\audio\es\silabas\carpa-koi-2.mp3
    texto: 'koi'  ipa: None
    error: 400 Client Error: Bad Request for url: https://texttospeech.googleapis.com/v1/text:synthesize?key=AIzaSyAL1mg758L1cHG-yiGo-ztfDhRXJu2jmqM
  assets\audio\es\silabas\carpa-koi-1.mp3
    texto: 'pa'  ipa: None
    error: 400 Client Error: Bad Request for url: https://texttospeech.googleapis.com/v1/text:synthesize?key=AIzaSyAL1mg758L1cHG-yiGo-ztfDhRXJu2jmqM
  assets\audio\es\silabas\castor-0.mp3
    texto: 'cas'  ipa: None
    error: 400 Client Error: Bad Request for url: https://texttospeech.googleapis.com/v1/text:synthesize?key=AIzaSyAL1mg758L1cHG-yiGo-ztfDhRXJu2jmqM
  assets\audio\es\silabas\cerdo-0.mp3
    texto: 'xcer'  ipa: 'ser'
    error: 400 Client Error: Bad Request for url: https://texttospeech.googleapis.com/v1/text:synthesize?key=AIzaSyAL1mg758L1cHG-yiGo-ztfDhRXJu2jmqM
  assets\audio\es\silabas\castor-1.mp3
    texto: 'tor'  ipa: None
    error: 400 Client Error: Bad Request for url: https://texttospeech.googleapis.com/v1/text:synthesize?key=AIzaSyAL1mg758L1cHG-yiGo-ztfDhRXJu2jmqM
  assets\audio\es\silabas\chimpance-0.mp3
    texto: 'chim'  ipa: None
    error: 400 Client Error: Bad Request for url: https://texttospeech.googleapis.com/v1/text:synthesize?key=AIzaSyAL1mg758L1cHG-yiGo-ztfDhRXJu2jmqM
  assets\audio\es\silabas\cerdo-1.mp3
    texto: 'do'  ipa: None
    error: 400 Client Error: Bad Request for url: https://texttospeech.googleapis.com/v1/text:synthesize?key=AIzaSyAL1mg758L1cHG-yiGo-ztfDhRXJu2jmqM
  assets\audio\es\silabas\chimpance-1.mp3
    texto: 'pan'  ipa: None
    error: 400 Client Error: Bad Request for url: https://texttospeech.googleapis.com/v1/text:synthesize?key=AIzaSyAL1mg758L1cHG-yiGo-ztfDhRXJu2jmqM
  assets\audio\es\silabas\chimpance-2.mp3
    texto: 'cé'  ipa: None
    error: 400 Client Error: Bad Request for url: https://texttospeech.googleapis.com/v1/text:synthesize?key=AIzaSyAL1mg758L1cHG-yiGo-ztfDhRXJu2jmqM
  assets\audio\es\silabas\ciempies-0.mp3
    texto: 'ciem'  ipa: None
    error: 400 Client Error: Bad Request for url: https://texttospeech.googleapis.com/v1/text:synthesize?key=AIzaSyAL1mg758L1cHG-yiGo-ztfDhRXJu2jmqM
  assets\audio\es\silabas\ciguena-0.mp3
    texto: 'ci'  ipa: None
    error: 400 Client Error: Bad Request for url: https://texttospeech.googleapis.com/v1/text:synthesize?key=AIzaSyAL1mg758L1cHG-yiGo-ztfDhRXJu2jmqM
  assets\audio\es\silabas\ciempies-1.mp3
    texto: 'pies'  ipa: None
    error: 400 Client Error: Bad Request for url: https://texttospeech.googleapis.com/v1/text:synthesize?key=AIzaSyAL1mg758L1cHG-yiGo-ztfDhRXJu2jmqM
  assets\audio\es\silabas\ciguena-1.mp3
    texto: 'güe'  ipa: None
    error: 400 Client Error: Bad Request for url: https://texttospeech.googleapis.com/v1/text:synthesize?key=AIzaSyAL1mg758L1cHG-yiGo-ztfDhRXJu2jmqM
  assets\audio\es\silabas\ciguena-2.mp3
    texto: 'ña'  ipa: None
    error: 400 Client Error: Bad Request for url: https://texttospeech.googleapis.com/v1/text:synthesize?key=AIzaSyAL1mg758L1cHG-yiGo-ztfDhRXJu2jmqM
  assets\audio\es\silabas\cisne-0.mp3
    texto: 'cis'  ipa: None
    error: 400 Client Error: Bad Request for url: https://texttospeech.googleapis.com/v1/text:synthesize?key=AIzaSyAL1mg758L1cHG-yiGo-ztfDhRXJu2jmqM
  assets\audio\es\silabas\cisne-1.mp3
    texto: 'ne'  ipa: None
    error: 400 Client Error: Bad Request for url: https://texttospeech.googleapis.com/v1/text:synthesize?key=AIzaSyAL1mg758L1cHG-yiGo-ztfDhRXJu2jmqM
  assets\audio\es\silabas\cocodrilo-0.mp3
    texto: 'co'  ipa: None
    error: 400 Client Error: Bad Request for url: https://texttospeech.googleapis.com/v1/text:synthesize?key=AIzaSyAL1mg758L1cHG-yiGo-ztfDhRXJu2jmqM
  assets\audio\es\silabas\cocodrilo-1.mp3
    texto: 'co'  ipa: None
    error: 400 Client Error: Bad Request for url: https://texttospeech.googleapis.com/v1/text:synthesize?key=AIzaSyAL1mg758L1cHG-yiGo-ztfDhRXJu2jmqM
  assets\audio\es\silabas\cocodrilo-2.mp3
    texto: 'dri'  ipa: None
    error: 400 Client Error: Bad Request for url: https://texttospeech.googleapis.com/v1/text:synthesize?key=AIzaSyAL1mg758L1cHG-yiGo-ztfDhRXJu2jmqM
  assets\audio\es\silabas\cocodrilo-3.mp3
    texto: 'lo'  ipa: None
    error: 400 Client Error: Bad Request for url: https://texttospeech.googleapis.com/v1/text:synthesize?key=AIzaSyAL1mg758L1cHG-yiGo-ztfDhRXJu2jmqM
  assets\audio\es\silabas\codorniz-0.mp3
    texto: 'co'  ipa: None
    error: 400 Client Error: Bad Request for url: https://texttospeech.googleapis.com/v1/text:synthesize?key=AIzaSyAL1mg758L1cHG-yiGo-ztfDhRXJu2jmqM
  assets\audio\es\silabas\codorniz-1.mp3
    texto: 'dor'  ipa: None
    error: 400 Client Error: Bad Request for url: https://texttospeech.googleapis.com/v1/text:synthesize?key=AIzaSyAL1mg758L1cHG-yiGo-ztfDhRXJu2jmqM
  assets\audio\es\silabas\codorniz-2.mp3
    texto: 'niz'  ipa: None
    error: 400 Client Error: Bad Request for url: https://texttospeech.googleapis.com/v1/text:synthesize?key=AIzaSyAL1mg758L1cHG-yiGo-ztfDhRXJu2jmqM
  assets\audio\es\silabas\colibri-0.mp3
    texto: 'co'  ipa: None
    error: 400 Client Error: Bad Request for url: https://texttospeech.googleapis.com/v1/text:synthesize?key=AIzaSyAL1mg758L1cHG-yiGo-ztfDhRXJu2jmqM
  assets\audio\es\silabas\colibri-1.mp3
    texto: 'li'  ipa: None
    error: 400 Client Error: Bad Request for url: https://texttospeech.googleapis.com/v1/text:synthesize?key=AIzaSyAL1mg758L1cHG-yiGo-ztfDhRXJu2jmqM
  assets\audio\es\silabas\colibri-2.mp3
    texto: 'brí'  ipa: None
    error: 400 Client Error: Bad Request for url: https://texttospeech.googleapis.com/v1/text:synthesize?key=AIzaSyAL1mg758L1cHG-yiGo-ztfDhRXJu2jmqM
  assets\audio\es\silabas\comadreja-0.mp3
    texto: 'co'  ipa: None
    error: 400 Client Error: Bad Request for url: https://texttospeech.googleapis.com/v1/text:synthesize?key=AIzaSyAL1mg758L1cHG-yiGo-ztfDhRXJu2jmqM
  assets\audio\es\silabas\comadreja-1.mp3
    texto: 'ma'  ipa: None
    error: 400 Client Error: Bad Request for url: https://texttospeech.googleapis.com/v1/text:synthesize?key=AIzaSyAL1mg758L1cHG-yiGo-ztfDhRXJu2jmqM
  assets\audio\es\silabas\comadreja-2.mp3
    texto: 'dre'  ipa: None
    error: 400 Client Error: Bad Request for url: https://texttospeech.googleapis.com/v1/text:synthesize?key=AIzaSyAL1mg758L1cHG-yiGo-ztfDhRXJu2jmqM
  assets\audio\es\silabas\comadreja-3.mp3
    texto: 'ja'  ipa: None
    error: 400 Client Error: Bad Request for url: https://texttospeech.googleapis.com/v1/text:synthesize?key=AIzaSyAL1mg758L1cHG-yiGo-ztfDhRXJu2jmqM
  assets\audio\es\silabas\coyote-1.mp3
    texto: 'yo'  ipa: None
    error: 400 Client Error: Bad Request for url: https://texttospeech.googleapis.com/v1/text:synthesize?key=AIzaSyAL1mg758L1cHG-yiGo-ztfDhRXJu2jmqM
  assets\audio\es\silabas\coyote-0.mp3
    texto: 'co'  ipa: None
    error: 400 Client Error: Bad Request for url: https://texttospeech.googleapis.com/v1/text:synthesize?key=AIzaSyAL1mg758L1cHG-yiGo-ztfDhRXJu2jmqM
  assets\audio\es\silabas\coyote-2.mp3
    texto: 'te'  ipa: None
    error: 400 Client Error: Bad Request for url: https://texttospeech.googleapis.com/v1/text:synthesize?key=AIzaSyAL1mg758L1cHG-yiGo-ztfDhRXJu2jmqM
  assets\audio\es\silabas\cuervo-0.mp3
    texto: 'cuer'  ipa: None
    error: 400 Client Error: Bad Request for url: https://texttospeech.googleapis.com/v1/text:synthesize?key=AIzaSyAL1mg758L1cHG-yiGo-ztfDhRXJu2jmqM
  assets\audio\es\silabas\condor-0.mp3
    texto: 'cón'  ipa: None
    error: 400 Client Error: Bad Request for url: https://texttospeech.googleapis.com/v1/text:synthesize?key=AIzaSyAL1mg758L1cHG-yiGo-ztfDhRXJu2jmqM
  assets\audio\es\silabas\condor-1.mp3
    texto: 'dor'  ipa: None
    error: 400 Client Error: Bad Request for url: https://texttospeech.googleapis.com/v1/text:synthesize?key=AIzaSyAL1mg758L1cHG-yiGo-ztfDhRXJu2jmqM
  assets\audio\es\silabas\cuervo-1.mp3
    texto: 'vo'  ipa: None
    error: 400 Client Error: Bad Request for url: https://texttospeech.googleapis.com/v1/text:synthesize?key=AIzaSyAL1mg758L1cHG-yiGo-ztfDhRXJu2jmqM
  assets\audio\es\silabas\dromedario-0.mp3
    texto: 'dro'  ipa: None
    error: 400 Client Error: Bad Request for url: https://texttospeech.googleapis.com/v1/text:synthesize?key=AIzaSyAL1mg758L1cHG-yiGo-ztfDhRXJu2jmqM
  assets\audio\es\silabas\dromedario-1.mp3
    texto: 'me'  ipa: None
    error: 400 Client Error: Bad Request for url: https://texttospeech.googleapis.com/v1/text:synthesize?key=AIzaSyAL1mg758L1cHG-yiGo-ztfDhRXJu2jmqM
  assets\audio\es\silabas\dromedario-2.mp3
    texto: 'da'  ipa: None
    error: 400 Client Error: Bad Request for url: https://texttospeech.googleapis.com/v1/text:synthesize?key=AIzaSyAL1mg758L1cHG-yiGo-ztfDhRXJu2jmqM
  assets\audio\es\silabas\dromedario-3.mp3
    texto: 'rio'  ipa: 'ɾio'
    error: 400 Client Error: Bad Request for url: https://texttospeech.googleapis.com/v1/text:synthesize?key=AIzaSyAL1mg758L1cHG-yiGo-ztfDhRXJu2jmqM
  assets\audio\es\silabas\escorpion-0.mp3
    texto: 'es'  ipa: None
    error: 400 Client Error: Bad Request for url: https://texttospeech.googleapis.com/v1/text:synthesize?key=AIzaSyAL1mg758L1cHG-yiGo-ztfDhRXJu2jmqM
  assets\audio\es\silabas\escorpion-1.mp3
    texto: 'cor'  ipa: None
    error: 400 Client Error: Bad Request for url: https://texttospeech.googleapis.com/v1/text:synthesize?key=AIzaSyAL1mg758L1cHG-yiGo-ztfDhRXJu2jmqM
  assets\audio\es\silabas\escorpion-2.mp3
    texto: 'pión'  ipa: None
    error: 400 Client Error: Bad Request for url: https://texttospeech.googleapis.com/v1/text:synthesize?key=AIzaSyAL1mg758L1cHG-yiGo-ztfDhRXJu2jmqM
  assets\audio\es\silabas\flamenco-1.mp3
    texto: 'men'  ipa: None
    error: 400 Client Error: Bad Request for url: https://texttospeech.googleapis.com/v1/text:synthesize?key=AIzaSyAL1mg758L1cHG-yiGo-ztfDhRXJu2jmqM
  assets\audio\es\silabas\flamenco-0.mp3
    texto: 'flá'  ipa: None
    error: 400 Client Error: Bad Request for url: https://texttospeech.googleapis.com/v1/text:synthesize?key=AIzaSyAL1mg758L1cHG-yiGo-ztfDhRXJu2jmqM
  assets\audio\es\silabas\gallo-0.mp3
    texto: 'ga'  ipa: None
    error: 400 Client Error: Bad Request for url: https://texttospeech.googleapis.com/v1/text:synthesize?key=AIzaSyAL1mg758L1cHG-yiGo-ztfDhRXJu2jmqM
  assets\audio\es\silabas\flamenco-2.mp3
    texto: 'co'  ipa: None
    error: 400 Client Error: Bad Request for url: https://texttospeech.googleapis.com/v1/text:synthesize?key=AIzaSyAL1mg758L1cHG-yiGo-ztfDhRXJu2jmqM
  assets\audio\es\silabas\gallo-1.mp3
    texto: 'llo'  ipa: None
    error: 400 Client Error: Bad Request for url: https://texttospeech.googleapis.com/v1/text:synthesize?key=AIzaSyAL1mg758L1cHG-yiGo-ztfDhRXJu2jmqM
  assets\audio\es\silabas\ganso-0.mp3
    texto: 'gan'  ipa: None
    error: 400 Client Error: Bad Request for url: https://texttospeech.googleapis.com/v1/text:synthesize?key=AIzaSyAL1mg758L1cHG-yiGo-ztfDhRXJu2jmqM
  assets\audio\es\silabas\gaviota-0.mp3
    texto: 'ga'  ipa: None
    error: 400 Client Error: Bad Request for url: https://texttospeech.googleapis.com/v1/text:synthesize?key=AIzaSyAL1mg758L1cHG-yiGo-ztfDhRXJu2jmqM
  assets\audio\es\silabas\gaviota-1.mp3
    texto: 'vio'  ipa: None
    error: 400 Client Error: Bad Request for url: https://texttospeech.googleapis.com/v1/text:synthesize?key=AIzaSyAL1mg758L1cHG-yiGo-ztfDhRXJu2jmqM
  assets\audio\es\silabas\ganso-1.mp3
    texto: 'xso'  ipa: 'so'
    error: 400 Client Error: Bad Request for url: https://texttospeech.googleapis.com/v1/text:synthesize?key=AIzaSyAL1mg758L1cHG-yiGo-ztfDhRXJu2jmqM
  assets\audio\es\silabas\gaviota-2.mp3
    texto: 'ta'  ipa: None
    error: 400 Client Error: Bad Request for url: https://texttospeech.googleapis.com/v1/text:synthesize?key=AIzaSyAL1mg758L1cHG-yiGo-ztfDhRXJu2jmqM
  assets\audio\es\silabas\gorrion-1.mp3
    texto: 'rrión'  ipa: None
    error: 400 Client Error: Bad Request for url: https://texttospeech.googleapis.com/v1/text:synthesize?key=AIzaSyAL1mg758L1cHG-yiGo-ztfDhRXJu2jmqM
  assets\audio\es\silabas\guepardo-0.mp3
    texto: 'gue'  ipa: None
    error: 400 Client Error: Bad Request for url: https://texttospeech.googleapis.com/v1/text:synthesize?key=AIzaSyAL1mg758L1cHG-yiGo-ztfDhRXJu2jmqM
  assets\audio\es\silabas\guepardo-1.mp3
    texto: 'par'  ipa: None
    error: 400 Client Error: Bad Request for url: https://texttospeech.googleapis.com/v1/text:synthesize?key=AIzaSyAL1mg758L1cHG-yiGo-ztfDhRXJu2jmqM
  assets\audio\es\silabas\guepardo-2.mp3
    texto: 'do'  ipa: None
    error: 400 Client Error: Bad Request for url: https://texttospeech.googleapis.com/v1/text:synthesize?key=AIzaSyAL1mg758L1cHG-yiGo-ztfDhRXJu2jmqM
  assets\audio\es\silabas\halcon-0.mp3
    texto: 'al'  ipa: None
    error: 400 Client Error: Bad Request for url: https://texttospeech.googleapis.com/v1/text:synthesize?key=AIzaSyAL1mg758L1cHG-yiGo-ztfDhRXJu2jmqM
  assets\audio\es\silabas\halcon-1.mp3
    texto: 'cón'  ipa: None
    error: 400 Client Error: Bad Request for url: https://texttospeech.googleapis.com/v1/text:synthesize?key=AIzaSyAL1mg758L1cHG-yiGo-ztfDhRXJu2jmqM
  assets\audio\es\silabas\hiena-0.mp3
    texto: 'ie'  ipa: None
    error: 400 Client Error: Bad Request for url: https://texttospeech.googleapis.com/v1/text:synthesize?key=AIzaSyAL1mg758L1cHG-yiGo-ztfDhRXJu2jmqM
  assets\audio\es\silabas\hiena-1.mp3
    texto: 'na'  ipa: None
    error: 400 Client Error: Bad Request for url: https://texttospeech.googleapis.com/v1/text:synthesize?key=AIzaSyAL1mg758L1cHG-yiGo-ztfDhRXJu2jmqM
  assets\audio\es\silabas\hipopotamo-0.mp3
    texto: 'i'  ipa: None
    error: 400 Client Error: Bad Request for url: https://texttospeech.googleapis.com/v1/text:synthesize?key=AIzaSyAL1mg758L1cHG-yiGo-ztfDhRXJu2jmqM
  assets\audio\es\silabas\hipopotamo-1.mp3
    texto: 'po'  ipa: None
    error: 400 Client Error: Bad Request for url: https://texttospeech.googleapis.com/v1/text:synthesize?key=AIzaSyAL1mg758L1cHG-yiGo-ztfDhRXJu2jmqM
  assets\audio\es\silabas\hipopotamo-3.mp3
    texto: 'ta'  ipa: None
    error: 400 Client Error: Bad Request for url: https://texttospeech.googleapis.com/v1/text:synthesize?key=AIzaSyAL1mg758L1cHG-yiGo-ztfDhRXJu2jmqM
  assets\audio\es\silabas\hamster-0.mp3
    texto: 'háms'  ipa: None
    error: 400 Client Error: Bad Request for url: https://texttospeech.googleapis.com/v1/text:synthesize?key=AIzaSyAL1mg758L1cHG-yiGo-ztfDhRXJu2jmqM
  assets\audio\es\silabas\hamster-1.mp3
    texto: 'ter'  ipa: None
    error: 400 Client Error: Bad Request for url: https://texttospeech.googleapis.com/v1/text:synthesize?key=AIzaSyAL1mg758L1cHG-yiGo-ztfDhRXJu2jmqM
  assets\audio\es\silabas\hipopotamo-4.mp3
    texto: 'mo'  ipa: None
    error: 400 Client Error: Bad Request for url: https://texttospeech.googleapis.com/v1/text:synthesize?key=AIzaSyAL1mg758L1cHG-yiGo-ztfDhRXJu2jmqM
  assets\audio\es\silabas\hipopotamo-2.mp3
    texto: 'pó'  ipa: None
    error: 400 Client Error: Bad Request for url: https://texttospeech.googleapis.com/v1/text:synthesize?key=AIzaSyAL1mg758L1cHG-yiGo-ztfDhRXJu2jmqM
  assets\audio\es\silabas\iguana-0.mp3
    texto: 'i'  ipa: None
    error: 400 Client Error: Bad Request for url: https://texttospeech.googleapis.com/v1/text:synthesize?key=AIzaSyAL1mg758L1cHG-yiGo-ztfDhRXJu2jmqM
  assets\audio\es\silabas\iguana-1.mp3
    texto: 'gua'  ipa: None
    error: 400 Client Error: Bad Request for url: https://texttospeech.googleapis.com/v1/text:synthesize?key=AIzaSyAL1mg758L1cHG-yiGo-ztfDhRXJu2jmqM
  assets\audio\es\silabas\jabali-1.mp3
    texto: 'bá'  ipa: None
    error: 400 Client Error: Bad Request for url: https://texttospeech.googleapis.com/v1/text:synthesize?key=AIzaSyAL1mg758L1cHG-yiGo-ztfDhRXJu2jmqM
  assets\audio\es\silabas\iguana-2.mp3
    texto: 'na'  ipa: None
    error: 400 Client Error: Bad Request for url: https://texttospeech.googleapis.com/v1/text:synthesize?key=AIzaSyAL1mg758L1cHG-yiGo-ztfDhRXJu2jmqM
  assets\audio\es\silabas\jabali-0.mp3
    texto: 'ja'  ipa: None
    error: 400 Client Error: Bad Request for url: https://texttospeech.googleapis.com/v1/text:synthesize?key=AIzaSyAL1mg758L1cHG-yiGo-ztfDhRXJu2jmqM
  assets\audio\es\silabas\lechuza-2.mp3
    texto: 'za'  ipa: None
    error: 400 Client Error: Bad Request for url: https://texttospeech.googleapis.com/v1/text:synthesize?key=AIzaSyAL1mg758L1cHG-yiGo-ztfDhRXJu2jmqM
  assets\audio\es\silabas\jabali-2.mp3
    texto: 'lí'  ipa: None
    error: 400 Client Error: Bad Request for url: https://texttospeech.googleapis.com/v1/text:synthesize?key=AIzaSyAL1mg758L1cHG-yiGo-ztfDhRXJu2jmqM
  assets\audio\es\silabas\leona-0.mp3
    texto: 'le'  ipa: None
    error: 400 Client Error: Bad Request for url: https://texttospeech.googleapis.com/v1/text:synthesize?key=AIzaSyAL1mg758L1cHG-yiGo-ztfDhRXJu2jmqM
  assets\audio\es\silabas\lechuza-1.mp3
    texto: 'chu'  ipa: None
    error: 400 Client Error: Bad Request for url: https://texttospeech.googleapis.com/v1/text:synthesize?key=AIzaSyAL1mg758L1cHG-yiGo-ztfDhRXJu2jmqM
  assets\audio\es\silabas\lechuza-0.mp3
    texto: 'le'  ipa: None
    error: 400 Client Error: Bad Request for url: https://texttospeech.googleapis.com/v1/text:synthesize?key=AIzaSyAL1mg758L1cHG-yiGo-ztfDhRXJu2jmqM
  assets\audio\es\silabas\leona-2.mp3
    texto: 'na'  ipa: None
    error: 400 Client Error: Bad Request for url: https://texttospeech.googleapis.com/v1/text:synthesize?key=AIzaSyAL1mg758L1cHG-yiGo-ztfDhRXJu2jmqM
  assets\audio\es\silabas\leona-1.mp3
    texto: 'o'  ipa: None
    error: 400 Client Error: Bad Request for url: https://texttospeech.googleapis.com/v1/text:synthesize?key=AIzaSyAL1mg758L1cHG-yiGo-ztfDhRXJu2jmqM
  assets\audio\es\silabas\leopardo-1.mp3
    texto: 'o'  ipa: None
    error: 400 Client Error: Bad Request for url: https://texttospeech.googleapis.com/v1/text:synthesize?key=AIzaSyAL1mg758L1cHG-yiGo-ztfDhRXJu2jmqM
  assets\audio\es\silabas\leopardo-2.mp3
    texto: 'par'  ipa: None
    error: 400 Client Error: Bad Request for url: https://texttospeech.googleapis.com/v1/text:synthesize?key=AIzaSyAL1mg758L1cHG-yiGo-ztfDhRXJu2jmqM
  assets\audio\es\silabas\leopardo-0.mp3
    texto: 'le'  ipa: None
    error: 400 Client Error: Bad Request for url: https://texttospeech.googleapis.com/v1/text:synthesize?key=AIzaSyAL1mg758L1cHG-yiGo-ztfDhRXJu2jmqM
  assets\audio\es\silabas\leopardo-3.mp3
    texto: 'do'  ipa: None
    error: 400 Client Error: Bad Request for url: https://texttospeech.googleapis.com/v1/text:synthesize?key=AIzaSyAL1mg758L1cHG-yiGo-ztfDhRXJu2jmqM
  assets\audio\es\silabas\leon-marino-0.mp3
    texto: 'le'  ipa: None
    error: 400 Client Error: Bad Request for url: https://texttospeech.googleapis.com/v1/text:synthesize?key=AIzaSyAL1mg758L1cHG-yiGo-ztfDhRXJu2jmqM
  assets\audio\es\silabas\leon-marino-1.mp3
    texto: 'ón'  ipa: None
    error: 400 Client Error: Bad Request for url: https://texttospeech.googleapis.com/v1/text:synthesize?key=AIzaSyAL1mg758L1cHG-yiGo-ztfDhRXJu2jmqM
  assets\audio\es\silabas\leon-marino-2.mp3
    texto: 'ma'  ipa: None
    error: 400 Client Error: Bad Request for url: https://texttospeech.googleapis.com/v1/text:synthesize?key=AIzaSyAL1mg758L1cHG-yiGo-ztfDhRXJu2jmqM
  assets\audio\es\silabas\leon-marino-3.mp3
    texto: 'ri'  ipa: 'ɾi'
    error: 400 Client Error: Bad Request for url: https://texttospeech.googleapis.com/v1/text:synthesize?key=AIzaSyAL1mg758L1cHG-yiGo-ztfDhRXJu2jmqM
  assets\audio\es\silabas\leon-marino-4.mp3
    texto: 'no'  ipa: None
    error: 400 Client Error: Bad Request for url: https://texttospeech.googleapis.com/v1/text:synthesize?key=AIzaSyAL1mg758L1cHG-yiGo-ztfDhRXJu2jmqM
  assets\audio\es\silabas\libelula-0.mp3
    texto: 'li'  ipa: None
    error: 400 Client Error: Bad Request for url: https://texttospeech.googleapis.com/v1/text:synthesize?key=AIzaSyAL1mg758L1cHG-yiGo-ztfDhRXJu2jmqM
  assets\audio\es\silabas\libelula-1.mp3
    texto: 'xbe'  ipa: 'be'
    error: 400 Client Error: Bad Request for url: https://texttospeech.googleapis.com/v1/text:synthesize?key=AIzaSyAL1mg758L1cHG-yiGo-ztfDhRXJu2jmqM
  assets\audio\es\silabas\libelula-3.mp3
    texto: 'la'  ipa: None
    error: 400 Client Error: Bad Request for url: https://texttospeech.googleapis.com/v1/text:synthesize?key=AIzaSyAL1mg758L1cHG-yiGo-ztfDhRXJu2jmqM
  assets\audio\es\silabas\libelula-2.mp3
    texto: 'lu'  ipa: None
    error: 400 Client Error: Bad Request for url: https://texttospeech.googleapis.com/v1/text:synthesize?key=AIzaSyAL1mg758L1cHG-yiGo-ztfDhRXJu2jmqM
  assets\audio\es\silabas\lince-0.mp3
    texto: 'lin'  ipa: None
    error: 400 Client Error: Bad Request for url: https://texttospeech.googleapis.com/v1/text:synthesize?key=AIzaSyAL1mg758L1cHG-yiGo-ztfDhRXJu2jmqM
  assets\audio\es\silabas\lince-1.mp3
    texto: 'ce'  ipa: None
    error: 400 Client Error: Bad Request for url: https://texttospeech.googleapis.com/v1/text:synthesize?key=AIzaSyAL1mg758L1cHG-yiGo-ztfDhRXJu2jmqM
  assets\audio\es\silabas\llama-0.mp3
    texto: 'llá'  ipa: None
    error: 400 Client Error: Bad Request for url: https://texttospeech.googleapis.com/v1/text:synthesize?key=AIzaSyAL1mg758L1cHG-yiGo-ztfDhRXJu2jmqM
  assets\audio\es\silabas\llama-1.mp3
    texto: 'ma'  ipa: None
    error: 400 Client Error: Bad Request for url: https://texttospeech.googleapis.com/v1/text:synthesize?key=AIzaSyAL1mg758L1cHG-yiGo-ztfDhRXJu2jmqM
  assets\audio\es\silabas\manta-0.mp3
    texto: 'man'  ipa: None
    error: 400 Client Error: Bad Request for url: https://texttospeech.googleapis.com/v1/text:synthesize?key=AIzaSyAL1mg758L1cHG-yiGo-ztfDhRXJu2jmqM
  assets\audio\es\silabas\manta-1.mp3
    texto: 'ta'  ipa: None
    error: 400 Client Error: Bad Request for url: https://texttospeech.googleapis.com/v1/text:synthesize?key=AIzaSyAL1mg758L1cHG-yiGo-ztfDhRXJu2jmqM
  assets\audio\es\silabas\mantis-0.mp3
    texto: 'man'  ipa: None
    error: 400 Client Error: Bad Request for url: https://texttospeech.googleapis.com/v1/text:synthesize?key=AIzaSyAL1mg758L1cHG-yiGo-ztfDhRXJu2jmqM
  assets\audio\es\silabas\mantis-1.mp3
    texto: 'tis'  ipa: None
    error: 400 Client Error: Bad Request for url: https://texttospeech.googleapis.com/v1/text:synthesize?key=AIzaSyAL1mg758L1cHG-yiGo-ztfDhRXJu2jmqM
  assets\audio\es\silabas\mapache-0.mp3
    texto: 'ma'  ipa: None
    error: 400 Client Error: Bad Request for url: https://texttospeech.googleapis.com/v1/text:synthesize?key=AIzaSyAL1mg758L1cHG-yiGo-ztfDhRXJu2jmqM
  assets\audio\es\silabas\mapache-1.mp3
    texto: 'pa'  ipa: None
    error: 400 Client Error: Bad Request for url: https://texttospeech.googleapis.com/v1/text:synthesize?key=AIzaSyAL1mg758L1cHG-yiGo-ztfDhRXJu2jmqM
  assets\audio\es\silabas\mapache-2.mp3
    texto: 'che'  ipa: None
    error: 400 Client Error: Bad Request for url: https://texttospeech.googleapis.com/v1/text:synthesize?key=AIzaSyAL1mg758L1cHG-yiGo-ztfDhRXJu2jmqM
  assets\audio\es\silabas\catarina-0.mp3
    texto: 'ca'  ipa: None
    error: 400 Client Error: Bad Request for url: https://texttospeech.googleapis.com/v1/text:synthesize?key=AIzaSyAL1mg758L1cHG-yiGo-ztfDhRXJu2jmqM
  assets\audio\es\silabas\catarina-1.mp3
    texto: 'ta'  ipa: None
    error: 400 Client Error: Bad Request for url: https://texttospeech.googleapis.com/v1/text:synthesize?key=AIzaSyAL1mg758L1cHG-yiGo-ztfDhRXJu2jmqM
  assets\audio\es\silabas\catarina-2.mp3
    texto: 'ri'  ipa: 'ɾi'
    error: 400 Client Error: Bad Request for url: https://texttospeech.googleapis.com/v1/text:synthesize?key=AIzaSyAL1mg758L1cHG-yiGo-ztfDhRXJu2jmqM
  assets\audio\es\silabas\catarina-3.mp3
    texto: 'na'  ipa: None
    error: 400 Client Error: Bad Request for url: https://texttospeech.googleapis.com/v1/text:synthesize?key=AIzaSyAL1mg758L1cHG-yiGo-ztfDhRXJu2jmqM
  assets\audio\es\silabas\marmota-0.mp3
    texto: 'mar'  ipa: None
    error: 400 Client Error: Bad Request for url: https://texttospeech.googleapis.com/v1/text:synthesize?key=AIzaSyAL1mg758L1cHG-yiGo-ztfDhRXJu2jmqM
  assets\audio\es\silabas\marmota-1.mp3
    texto: 'mo'  ipa: None
    error: 400 Client Error: Bad Request for url: https://texttospeech.googleapis.com/v1/text:synthesize?key=AIzaSyAL1mg758L1cHG-yiGo-ztfDhRXJu2jmqM
  assets\audio\es\silabas\marmota-2.mp3
    texto: 'ta'  ipa: None
    error: 400 Client Error: Bad Request for url: https://texttospeech.googleapis.com/v1/text:synthesize?key=AIzaSyAL1mg758L1cHG-yiGo-ztfDhRXJu2jmqM
  assets\audio\es\silabas\medusa-1.mp3
    texto: 'du'  ipa: None
    error: 400 Client Error: Bad Request for url: https://texttospeech.googleapis.com/v1/text:synthesize?key=AIzaSyAL1mg758L1cHG-yiGo-ztfDhRXJu2jmqM
  assets\audio\es\silabas\medusa-0.mp3
    texto: 'me'  ipa: None
    error: 400 Client Error: Bad Request for url: https://texttospeech.googleapis.com/v1/text:synthesize?key=AIzaSyAL1mg758L1cHG-yiGo-ztfDhRXJu2jmqM
  assets\audio\es\silabas\medusa-2.mp3
    texto: 'sa'  ipa: None
    error: 400 Client Error: Bad Request for url: https://texttospeech.googleapis.com/v1/text:synthesize?key=AIzaSyAL1mg758L1cHG-yiGo-ztfDhRXJu2jmqM
  assets\audio\es\silabas\zorrillo-0.mp3
    texto: 'zo'  ipa: None
    error: 400 Client Error: Bad Request for url: https://texttospeech.googleapis.com/v1/text:synthesize?key=AIzaSyAL1mg758L1cHG-yiGo-ztfDhRXJu2jmqM
  assets\audio\es\silabas\zorrillo-2.mp3
    texto: 'llo'  ipa: None
    error: 400 Client Error: Bad Request for url: https://texttospeech.googleapis.com/v1/text:synthesize?key=AIzaSyAL1mg758L1cHG-yiGo-ztfDhRXJu2jmqM
  assets\audio\es\silabas\zorrillo-1.mp3
    texto: 'rri'  ipa: None
    error: 400 Client Error: Bad Request for url: https://texttospeech.googleapis.com/v1/text:synthesize?key=AIzaSyAL1mg758L1cHG-yiGo-ztfDhRXJu2jmqM
  assets\audio\es\silabas\morsa-0.mp3
    texto: 'mor'  ipa: None
    error: 400 Client Error: Bad Request for url: https://texttospeech.googleapis.com/v1/text:synthesize?key=AIzaSyAL1mg758L1cHG-yiGo-ztfDhRXJu2jmqM
  assets\audio\es\silabas\morsa-1.mp3
    texto: 'sa'  ipa: None
    error: 400 Client Error: Bad Request for url: https://texttospeech.googleapis.com/v1/text:synthesize?key=AIzaSyAL1mg758L1cHG-yiGo-ztfDhRXJu2jmqM
  assets\audio\es\silabas\mosca-0.mp3
    texto: 'mos'  ipa: None
    error: 400 Client Error: Bad Request for url: https://texttospeech.googleapis.com/v1/text:synthesize?key=AIzaSyAL1mg758L1cHG-yiGo-ztfDhRXJu2jmqM
  assets\audio\es\silabas\nutria-0.mp3
    texto: 'nu'  ipa: None
    error: 400 Client Error: Bad Request for url: https://texttospeech.googleapis.com/v1/text:synthesize?key=AIzaSyAL1mg758L1cHG-yiGo-ztfDhRXJu2jmqM
  assets\audio\es\silabas\mosca-1.mp3
    texto: 'ca'  ipa: None
    error: 400 Client Error: Bad Request for url: https://texttospeech.googleapis.com/v1/text:synthesize?key=AIzaSyAL1mg758L1cHG-yiGo-ztfDhRXJu2jmqM
  assets\audio\es\silabas\orangutan-0.mp3
    texto: 'o'  ipa: None
    error: 400 Client Error: Bad Request for url: https://texttospeech.googleapis.com/v1/text:synthesize?key=AIzaSyAL1mg758L1cHG-yiGo-ztfDhRXJu2jmqM
  assets\audio\es\silabas\nutria-1.mp3
    texto: 'tria'  ipa: None
    error: 400 Client Error: Bad Request for url: https://texttospeech.googleapis.com/v1/text:synthesize?key=AIzaSyAL1mg758L1cHG-yiGo-ztfDhRXJu2jmqM
  assets\audio\es\silabas\orangutan-1.mp3
    texto: 'ran'  ipa: 'ɾan'
    error: 400 Client Error: Bad Request for url: https://texttospeech.googleapis.com/v1/text:synthesize?key=AIzaSyAL1mg758L1cHG-yiGo-ztfDhRXJu2jmqM
  assets\audio\es\silabas\orca-0.mp3
    texto: 'or'  ipa: None
    error: 400 Client Error: Bad Request for url: https://texttospeech.googleapis.com/v1/text:synthesize?key=AIzaSyAL1mg758L1cHG-yiGo-ztfDhRXJu2jmqM
  assets\audio\es\silabas\orangutan-2.mp3
    texto: 'gu'  ipa: None
    error: 400 Client Error: Bad Request for url: https://texttospeech.googleapis.com/v1/text:synthesize?key=AIzaSyAL1mg758L1cHG-yiGo-ztfDhRXJu2jmqM
  assets\audio\es\silabas\oso-hormiguero-0.mp3
    texto: 'o'  ipa: None
    error: 400 Client Error: Bad Request for url: https://texttospeech.googleapis.com/v1/text:synthesize?key=AIzaSyAL1mg758L1cHG-yiGo-ztfDhRXJu2jmqM
  assets\audio\es\silabas\orca-1.mp3
    texto: 'ca'  ipa: None
    error: 400 Client Error: Bad Request for url: https://texttospeech.googleapis.com/v1/text:synthesize?key=AIzaSyAL1mg758L1cHG-yiGo-ztfDhRXJu2jmqM
  assets\audio\es\silabas\orangutan-3.mp3
    texto: 'tán'  ipa: None
    error: 400 Client Error: Bad Request for url: https://texttospeech.googleapis.com/v1/text:synthesize?key=AIzaSyAL1mg758L1cHG-yiGo-ztfDhRXJu2jmqM
  assets\audio\es\silabas\oso-hormiguero-4.mp3
    texto: 'gue'  ipa: None
    error: 400 Client Error: Bad Request for url: https://texttospeech.googleapis.com/v1/text:synthesize?key=AIzaSyAL1mg758L1cHG-yiGo-ztfDhRXJu2jmqM
  assets\audio\es\silabas\oso-hormiguero-5.mp3
    texto: 'ro'  ipa: 'ɾo'
    error: 400 Client Error: Bad Request for url: https://texttospeech.googleapis.com/v1/text:synthesize?key=AIzaSyAL1mg758L1cHG-yiGo-ztfDhRXJu2jmqM
  assets\audio\es\silabas\oso-hormiguero-1.mp3
    texto: 'xso'  ipa: 'so'
    error: 400 Client Error: Bad Request for url: https://texttospeech.googleapis.com/v1/text:synthesize?key=AIzaSyAL1mg758L1cHG-yiGo-ztfDhRXJu2jmqM
  assets\audio\es\silabas\oso-hormiguero-2.mp3
    texto: 'hor'  ipa: None
    error: 400 Client Error: Bad Request for url: https://texttospeech.googleapis.com/v1/text:synthesize?key=AIzaSyAL1mg758L1cHG-yiGo-ztfDhRXJu2jmqM
  assets\audio\es\silabas\oso-hormiguero-3.mp3
    texto: 'mi'  ipa: None
    error: 400 Client Error: Bad Request for url: https://texttospeech.googleapis.com/v1/text:synthesize?key=AIzaSyAL1mg758L1cHG-yiGo-ztfDhRXJu2jmqM
  assets\audio\es\silabas\pangolin-0.mp3
    texto: 'pan'  ipa: None
    error: 400 Client Error: Bad Request for url: https://texttospeech.googleapis.com/v1/text:synthesize?key=AIzaSyAL1mg758L1cHG-yiGo-ztfDhRXJu2jmqM
  assets\audio\es\silabas\pangolin-2.mp3
    texto: 'lín'  ipa: None
    error: 400 Client Error: Bad Request for url: https://texttospeech.googleapis.com/v1/text:synthesize?key=AIzaSyAL1mg758L1cHG-yiGo-ztfDhRXJu2jmqM
  assets\audio\es\silabas\pantera-0.mp3
    texto: 'pan'  ipa: None
    error: 400 Client Error: Bad Request for url: https://texttospeech.googleapis.com/v1/text:synthesize?key=AIzaSyAL1mg758L1cHG-yiGo-ztfDhRXJu2jmqM
  assets\audio\es\silabas\pantera-1.mp3
    texto: 'te'  ipa: None
    error: 400 Client Error: Bad Request for url: https://texttospeech.googleapis.com/v1/text:synthesize?key=AIzaSyAL1mg758L1cHG-yiGo-ztfDhRXJu2jmqM
  assets\audio\es\silabas\pantera-2.mp3
    texto: 'ra'  ipa: 'ɾa'
    error: 400 Client Error: Bad Request for url: https://texttospeech.googleapis.com/v1/text:synthesize?key=AIzaSyAL1mg758L1cHG-yiGo-ztfDhRXJu2jmqM
  assets\audio\es\silabas\pavorreal-0.mp3
    texto: 'pa'  ipa: None
    error: 400 Client Error: Bad Request for url: https://texttospeech.googleapis.com/v1/text:synthesize?key=AIzaSyAL1mg758L1cHG-yiGo-ztfDhRXJu2jmqM
  assets\audio\es\silabas\pavorreal-2.mp3
    texto: 'rre'  ipa: None
    error: 400 Client Error: Bad Request for url: https://texttospeech.googleapis.com/v1/text:synthesize?key=AIzaSyAL1mg758L1cHG-yiGo-ztfDhRXJu2jmqM
  assets\audio\es\silabas\pavorreal-3.mp3
    texto: 'al'  ipa: None
    error: 400 Client Error: Bad Request for url: https://texttospeech.googleapis.com/v1/text:synthesize?key=AIzaSyAL1mg758L1cHG-yiGo-ztfDhRXJu2jmqM
  assets\audio\es\silabas\pavorreal-1.mp3
    texto: 'vo'  ipa: None
    error: 400 Client Error: Bad Request for url: https://texttospeech.googleapis.com/v1/text:synthesize?key=AIzaSyAL1mg758L1cHG-yiGo-ztfDhRXJu2jmqM
  assets\audio\es\silabas\pavo-0.mp3
    texto: 'pa'  ipa: None
    error: 400 Client Error: Bad Request for url: https://texttospeech.googleapis.com/v1/text:synthesize?key=AIzaSyAL1mg758L1cHG-yiGo-ztfDhRXJu2jmqM
  assets\audio\es\silabas\pavo-1.mp3
    texto: 'vo'  ipa: None
    error: 400 Client Error: Bad Request for url: https://texttospeech.googleapis.com/v1/text:synthesize?key=AIzaSyAL1mg758L1cHG-yiGo-ztfDhRXJu2jmqM
  assets\audio\es\silabas\pelicano-1.mp3
    texto: 'lí'  ipa: None
    error: 400 Client Error: Bad Request for url: https://texttospeech.googleapis.com/v1/text:synthesize?key=AIzaSyAL1mg758L1cHG-yiGo-ztfDhRXJu2jmqM
  assets\audio\es\silabas\pelicano-0.mp3
    texto: 'pe'  ipa: None
    error: 400 Client Error: Bad Request for url: https://texttospeech.googleapis.com/v1/text:synthesize?key=AIzaSyAL1mg758L1cHG-yiGo-ztfDhRXJu2jmqM
  assets\audio\es\silabas\pelicano-2.mp3
    texto: 'ca'  ipa: None
    error: 400 Client Error: Bad Request for url: https://texttospeech.googleapis.com/v1/text:synthesize?key=AIzaSyAL1mg758L1cHG-yiGo-ztfDhRXJu2jmqM
  assets\audio\es\silabas\pelicano-3.mp3
    texto: 'no'  ipa: None
    error: 400 Client Error: Bad Request for url: https://texttospeech.googleapis.com/v1/text:synthesize?key=AIzaSyAL1mg758L1cHG-yiGo-ztfDhRXJu2jmqM
  assets\audio\es\silabas\perezoso-0.mp3
    texto: 'pe'  ipa: None
    error: 400 Client Error: Bad Request for url: https://texttospeech.googleapis.com/v1/text:synthesize?key=AIzaSyAL1mg758L1cHG-yiGo-ztfDhRXJu2jmqM
  assets\audio\es\silabas\perezoso-1.mp3
    texto: 're'  ipa: 'ɾe'
    error: 400 Client Error: Bad Request for url: https://texttospeech.googleapis.com/v1/text:synthesize?key=AIzaSyAL1mg758L1cHG-yiGo-ztfDhRXJu2jmqM
  assets\audio\es\silabas\perezoso-2.mp3
    texto: 'zo'  ipa: None
    error: 400 Client Error: Bad Request for url: https://texttospeech.googleapis.com/v1/text:synthesize?key=AIzaSyAL1mg758L1cHG-yiGo-ztfDhRXJu2jmqM
  assets\audio\es\silabas\perezoso-3.mp3
    texto: 'xso'  ipa: 'so'
    error: 400 Client Error: Bad Request for url: https://texttospeech.googleapis.com/v1/text:synthesize?key=AIzaSyAL1mg758L1cHG-yiGo-ztfDhRXJu2jmqM
  assets\audio\es\silabas\periquito-0.mp3
    texto: 'pe'  ipa: None
    error: 400 Client Error: Bad Request for url: https://texttospeech.googleapis.com/v1/text:synthesize?key=AIzaSyAL1mg758L1cHG-yiGo-ztfDhRXJu2jmqM
  assets\audio\es\silabas\periquito-1.mp3
    texto: 'ri'  ipa: 'ɾi'
    error: 400 Client Error: Bad Request for url: https://texttospeech.googleapis.com/v1/text:synthesize?key=AIzaSyAL1mg758L1cHG-yiGo-ztfDhRXJu2jmqM
  assets\audio\es\silabas\periquito-2.mp3
    texto: 'qui'  ipa: None
    error: 400 Client Error: Bad Request for url: https://texttospeech.googleapis.com/v1/text:synthesize?key=AIzaSyAL1mg758L1cHG-yiGo-ztfDhRXJu2jmqM
  assets\audio\es\silabas\periquito-3.mp3
    texto: 'xto'  ipa: 'to'
    error: 400 Client Error: Bad Request for url: https://texttospeech.googleapis.com/v1/text:synthesize?key=AIzaSyAL1mg758L1cHG-yiGo-ztfDhRXJu2jmqM
  assets\audio\es\silabas\pez-espada-0.mp3
    texto: 'pez'  ipa: None
    error: 400 Client Error: Bad Request for url: https://texttospeech.googleapis.com/v1/text:synthesize?key=AIzaSyAL1mg758L1cHG-yiGo-ztfDhRXJu2jmqM
  assets\audio\es\silabas\pez-espada-1.mp3
    texto: 'es'  ipa: None
    error: 400 Client Error: Bad Request for url: https://texttospeech.googleapis.com/v1/text:synthesize?key=AIzaSyAL1mg758L1cHG-yiGo-ztfDhRXJu2jmqM
  assets\audio\es\silabas\pez-espada-2.mp3
    texto: 'pa'  ipa: None
    error: 400 Client Error: Bad Request for url: https://texttospeech.googleapis.com/v1/text:synthesize?key=AIzaSyAL1mg758L1cHG-yiGo-ztfDhRXJu2jmqM
  assets\audio\es\silabas\pez-espada-3.mp3
    texto: 'da'  ipa: None
    error: 400 Client Error: Bad Request for url: https://texttospeech.googleapis.com/v1/text:synthesize?key=AIzaSyAL1mg758L1cHG-yiGo-ztfDhRXJu2jmqM
  assets\audio\es\silabas\pez-martillo-0.mp3
    texto: 'pez'  ipa: None
    error: 400 Client Error: Bad Request for url: https://texttospeech.googleapis.com/v1/text:synthesize?key=AIzaSyAL1mg758L1cHG-yiGo-ztfDhRXJu2jmqM
  assets\audio\es\silabas\pez-martillo-2.mp3
    texto: 'ti'  ipa: None
    error: 400 Client Error: Bad Request for url: https://texttospeech.googleapis.com/v1/text:synthesize?key=AIzaSyAL1mg758L1cHG-yiGo-ztfDhRXJu2jmqM
  assets\audio\es\silabas\pez-martillo-1.mp3
    texto: 'mar'  ipa: None
    error: 400 Client Error: Bad Request for url: https://texttospeech.googleapis.com/v1/text:synthesize?key=AIzaSyAL1mg758L1cHG-yiGo-ztfDhRXJu2jmqM
  assets\audio\es\silabas\pez-martillo-3.mp3
    texto: 'llo'  ipa: None
    error: 400 Client Error: Bad Request for url: https://texttospeech.googleapis.com/v1/text:synthesize?key=AIzaSyAL1mg758L1cHG-yiGo-ztfDhRXJu2jmqM
  assets\audio\es\silabas\pez-payaso-0.mp3
    texto: 'pez'  ipa: None
    error: 400 Client Error: Bad Request for url: https://texttospeech.googleapis.com/v1/text:synthesize?key=AIzaSyAL1mg758L1cHG-yiGo-ztfDhRXJu2jmqM
  assets\audio\es\silabas\pez-payaso-2.mp3
    texto: 'ya'  ipa: None
    error: 400 Client Error: Bad Request for url: https://texttospeech.googleapis.com/v1/text:synthesize?key=AIzaSyAL1mg758L1cHG-yiGo-ztfDhRXJu2jmqM
  assets\audio\es\silabas\pez-payaso-1.mp3
    texto: 'pa'  ipa: None
    error: 400 Client Error: Bad Request for url: https://texttospeech.googleapis.com/v1/text:synthesize?key=AIzaSyAL1mg758L1cHG-yiGo-ztfDhRXJu2jmqM
  assets\audio\es\silabas\pez-payaso-3.mp3
    texto: 'xso'  ipa: 'so'
    error: 400 Client Error: Bad Request for url: https://texttospeech.googleapis.com/v1/text:synthesize?key=AIzaSyAL1mg758L1cHG-yiGo-ztfDhRXJu2jmqM
  assets\audio\es\silabas\pinguino-0.mp3
    texto: 'pin'  ipa: None
    error: 400 Client Error: Bad Request for url: https://texttospeech.googleapis.com/v1/text:synthesize?key=AIzaSyAL1mg758L1cHG-yiGo-ztfDhRXJu2jmqM
  assets\audio\es\silabas\pinguino-1.mp3
    texto: 'güi'  ipa: None
    error: 400 Client Error: Bad Request for url: https://texttospeech.googleapis.com/v1/text:synthesize?key=AIzaSyAL1mg758L1cHG-yiGo-ztfDhRXJu2jmqM
  assets\audio\es\silabas\pinguino-2.mp3
    texto: 'no'  ipa: None
    error: 400 Client Error: Bad Request for url: https://texttospeech.googleapis.com/v1/text:synthesize?key=AIzaSyAL1mg758L1cHG-yiGo-ztfDhRXJu2jmqM
  assets\audio\es\silabas\puma-0.mp3
    texto: 'pu'  ipa: None
    error: 400 Client Error: Bad Request for url: https://texttospeech.googleapis.com/v1/text:synthesize?key=AIzaSyAL1mg758L1cHG-yiGo-ztfDhRXJu2jmqM
  assets\audio\es\silabas\puma-1.mp3
    texto: 'ma'  ipa: None
    error: 400 Client Error: Bad Request for url: https://texttospeech.googleapis.com/v1/text:synthesize?key=AIzaSyAL1mg758L1cHG-yiGo-ztfDhRXJu2jmqM
  assets\audio\es\silabas\rinoceronte-0.mp3
    texto: 'ri'  ipa: None
    error: 400 Client Error: Bad Request for url: https://texttospeech.googleapis.com/v1/text:synthesize?key=AIzaSyAL1mg758L1cHG-yiGo-ztfDhRXJu2jmqM
  assets\audio\es\silabas\rinoceronte-1.mp3
    texto: 'no'  ipa: None
    error: 400 Client Error: Bad Request for url: https://texttospeech.googleapis.com/v1/text:synthesize?key=AIzaSyAL1mg758L1cHG-yiGo-ztfDhRXJu2jmqM
  assets\audio\es\silabas\rinoceronte-3.mp3
    texto: 'ron'  ipa: 'ɾon'
    error: 400 Client Error: Bad Request for url: https://texttospeech.googleapis.com/v1/text:synthesize?key=AIzaSyAL1mg758L1cHG-yiGo-ztfDhRXJu2jmqM
  assets\audio\es\silabas\rinoceronte-4.mp3
    texto: 'te'  ipa: None
    error: 400 Client Error: Bad Request for url: https://texttospeech.googleapis.com/v1/text:synthesize?key=AIzaSyAL1mg758L1cHG-yiGo-ztfDhRXJu2jmqM
  assets\audio\es\silabas\rinoceronte-2.mp3
    texto: 'ce'  ipa: None
    error: 400 Client Error: Bad Request for url: https://texttospeech.googleapis.com/v1/text:synthesize?key=AIzaSyAL1mg758L1cHG-yiGo-ztfDhRXJu2jmqM
  assets\audio\es\silabas\salamandra-0.mp3
    texto: 'sa'  ipa: None
    error: 400 Client Error: Bad Request for url: https://texttospeech.googleapis.com/v1/text:synthesize?key=AIzaSyAL1mg758L1cHG-yiGo-ztfDhRXJu2jmqM
  assets\audio\es\silabas\salamandra-1.mp3
    texto: 'la'  ipa: None
    error: 400 Client Error: Bad Request for url: https://texttospeech.googleapis.com/v1/text:synthesize?key=AIzaSyAL1mg758L1cHG-yiGo-ztfDhRXJu2jmqM
  assets\audio\es\silabas\salamandra-2.mp3
    texto: 'man'  ipa: None
    error: 400 Client Error: Bad Request for url: https://texttospeech.googleapis.com/v1/text:synthesize?key=AIzaSyAL1mg758L1cHG-yiGo-ztfDhRXJu2jmqM
  assets\audio\es\silabas\saltamontes-1.mp3
    texto: 'ta'  ipa: None
    error: 400 Client Error: Bad Request for url: https://texttospeech.googleapis.com/v1/text:synthesize?key=AIzaSyAL1mg758L1cHG-yiGo-ztfDhRXJu2jmqM
  assets\audio\es\silabas\salamandra-3.mp3
    texto: 'drá'  ipa: None
    error: 400 Client Error: Bad Request for url: https://texttospeech.googleapis.com/v1/text:synthesize?key=AIzaSyAL1mg758L1cHG-yiGo-ztfDhRXJu2jmqM
  assets\audio\es\silabas\saltamontes-0.mp3
    texto: 'sal'  ipa: None
    error: 400 Client Error: Bad Request for url: https://texttospeech.googleapis.com/v1/text:synthesize?key=AIzaSyAL1mg758L1cHG-yiGo-ztfDhRXJu2jmqM
  assets\audio\es\silabas\saltamontes-2.mp3
    texto: 'mon'  ipa: None
    error: 400 Client Error: Bad Request for url: https://texttospeech.googleapis.com/v1/text:synthesize?key=AIzaSyAL1mg758L1cHG-yiGo-ztfDhRXJu2jmqM
  assets\audio\es\silabas\tarantula-0.mp3
    texto: 'ta'  ipa: None
    error: 400 Client Error: Bad Request for url: https://texttospeech.googleapis.com/v1/text:synthesize?key=AIzaSyAL1mg758L1cHG-yiGo-ztfDhRXJu2jmqM
  assets\audio\es\silabas\saltamontes-3.mp3
    texto: 'tes'  ipa: None
    error: 400 Client Error: Bad Request for url: https://texttospeech.googleapis.com/v1/text:synthesize?key=AIzaSyAL1mg758L1cHG-yiGo-ztfDhRXJu2jmqM
  assets\audio\es\silabas\tarantula-2.mp3
    texto: 'tu'  ipa: None
    error: 400 Client Error: Bad Request for url: https://texttospeech.googleapis.com/v1/text:synthesize?key=AIzaSyAL1mg758L1cHG-yiGo-ztfDhRXJu2jmqM
  assets\audio\es\silabas\tarantula-1.mp3
    texto: 'rán'  ipa: 'ɾán'
    error: 400 Client Error: Bad Request for url: https://texttospeech.googleapis.com/v1/text:synthesize?key=AIzaSyAL1mg758L1cHG-yiGo-ztfDhRXJu2jmqM
  assets\audio\es\silabas\tejon-0.mp3
    texto: 'te'  ipa: None
    error: 400 Client Error: Bad Request for url: https://texttospeech.googleapis.com/v1/text:synthesize?key=AIzaSyAL1mg758L1cHG-yiGo-ztfDhRXJu2jmqM
  assets\audio\es\silabas\tiburon-ballena-1.mp3
    texto: 'bu'  ipa: None
    error: 400 Client Error: Bad Request for url: https://texttospeech.googleapis.com/v1/text:synthesize?key=AIzaSyAL1mg758L1cHG-yiGo-ztfDhRXJu2jmqM
  assets\audio\es\silabas\tejon-1.mp3
    texto: 'jón'  ipa: None
    error: 400 Client Error: Bad Request for url: https://texttospeech.googleapis.com/v1/text:synthesize?key=AIzaSyAL1mg758L1cHG-yiGo-ztfDhRXJu2jmqM
  assets\audio\es\silabas\tiburon-ballena-0.mp3
    texto: 'ti'  ipa: None
    error: 400 Client Error: Bad Request for url: https://texttospeech.googleapis.com/v1/text:synthesize?key=AIzaSyAL1mg758L1cHG-yiGo-ztfDhRXJu2jmqM
  assets\audio\es\silabas\tarantula-3.mp3
    texto: 'la'  ipa: None
    error: 400 Client Error: Bad Request for url: https://texttospeech.googleapis.com/v1/text:synthesize?key=AIzaSyAL1mg758L1cHG-yiGo-ztfDhRXJu2jmqM
  assets\audio\es\silabas\tiburon-ballena-4.mp3
    texto: 'lle'  ipa: None
    error: 400 Client Error: Bad Request for url: https://texttospeech.googleapis.com/v1/text:synthesize?key=AIzaSyAL1mg758L1cHG-yiGo-ztfDhRXJu2jmqM
  assets\audio\es\silabas\tiburon-ballena-5.mp3
    texto: 'na'  ipa: None
    error: 400 Client Error: Bad Request for url: https://texttospeech.googleapis.com/v1/text:synthesize?key=AIzaSyAL1mg758L1cHG-yiGo-ztfDhRXJu2jmqM
  assets\audio\es\silabas\tiburon-ballena-3.mp3
    texto: 'bá'  ipa: None
    error: 400 Client Error: Bad Request for url: https://texttospeech.googleapis.com/v1/text:synthesize?key=AIzaSyAL1mg758L1cHG-yiGo-ztfDhRXJu2jmqM
  assets\audio\es\silabas\tiburon-ballena-2.mp3
    texto: 'rón'  ipa: 'ɾón'
    error: 400 Client Error: Bad Request for url: https://texttospeech.googleapis.com/v1/text:synthesize?key=AIzaSyAL1mg758L1cHG-yiGo-ztfDhRXJu2jmqM
  assets\audio\es\silabas\titi-0.mp3
    texto: 'ti'  ipa: None
    error: 400 Client Error: Bad Request for url: https://texttospeech.googleapis.com/v1/text:synthesize?key=AIzaSyAL1mg758L1cHG-yiGo-ztfDhRXJu2jmqM
  assets\audio\es\silabas\topo-0.mp3
    texto: 'xto'  ipa: 'to'
    error: 400 Client Error: Bad Request for url: https://texttospeech.googleapis.com/v1/text:synthesize?key=AIzaSyAL1mg758L1cHG-yiGo-ztfDhRXJu2jmqM
  assets\audio\es\silabas\titi-1.mp3
    texto: 'tí'  ipa: None
    error: 400 Client Error: Bad Request for url: https://texttospeech.googleapis.com/v1/text:synthesize?key=AIzaSyAL1mg758L1cHG-yiGo-ztfDhRXJu2jmqM
  assets\audio\es\silabas\toro-1.mp3
    texto: 'ro'  ipa: 'ɾo'
    error: 400 Client Error: Bad Request for url: https://texttospeech.googleapis.com/v1/text:synthesize?key=AIzaSyAL1mg758L1cHG-yiGo-ztfDhRXJu2jmqM
  assets\audio\es\silabas\topo-1.mp3
    texto: 'po'  ipa: None
    error: 400 Client Error: Bad Request for url: https://texttospeech.googleapis.com/v1/text:synthesize?key=AIzaSyAL1mg758L1cHG-yiGo-ztfDhRXJu2jmqM
  assets\audio\es\silabas\toro-0.mp3
    texto: 'xto'  ipa: 'to'
    error: 400 Client Error: Bad Request for url: https://texttospeech.googleapis.com/v1/text:synthesize?key=AIzaSyAL1mg758L1cHG-yiGo-ztfDhRXJu2jmqM
  assets\audio\es\silabas\tortuga-marina-0.mp3
    texto: 'tor'  ipa: None
    error: 400 Client Error: Bad Request for url: https://texttospeech.googleapis.com/v1/text:synthesize?key=AIzaSyAL1mg758L1cHG-yiGo-ztfDhRXJu2jmqM
  assets\audio\es\silabas\tortuga-marina-1.mp3
    texto: 'tu'  ipa: None
    error: 400 Client Error: Bad Request for url: https://texttospeech.googleapis.com/v1/text:synthesize?key=AIzaSyAL1mg758L1cHG-yiGo-ztfDhRXJu2jmqM
  assets\audio\es\silabas\tortuga-marina-4.mp3
    texto: 'ri'  ipa: 'ɾi'
    error: 400 Client Error: Bad Request for url: https://texttospeech.googleapis.com/v1/text:synthesize?key=AIzaSyAL1mg758L1cHG-yiGo-ztfDhRXJu2jmqM
  assets\audio\es\silabas\tortuga-marina-3.mp3
    texto: 'ma'  ipa: None
    error: 400 Client Error: Bad Request for url: https://texttospeech.googleapis.com/v1/text:synthesize?key=AIzaSyAL1mg758L1cHG-yiGo-ztfDhRXJu2jmqM
  assets\audio\es\silabas\tortuga-marina-2.mp3
    texto: 'ga'  ipa: None
    error: 400 Client Error: Bad Request for url: https://texttospeech.googleapis.com/v1/text:synthesize?key=AIzaSyAL1mg758L1cHG-yiGo-ztfDhRXJu2jmqM
  assets\audio\es\silabas\tortuga-marina-5.mp3
    texto: 'na'  ipa: None
    error: 400 Client Error: Bad Request for url: https://texttospeech.googleapis.com/v1/text:synthesize?key=AIzaSyAL1mg758L1cHG-yiGo-ztfDhRXJu2jmqM
  assets\audio\es\silabas\tucan-0.mp3
    texto: 'tu'  ipa: None
    error: 400 Client Error: Bad Request for url: https://texttospeech.googleapis.com/v1/text:synthesize?key=AIzaSyAL1mg758L1cHG-yiGo-ztfDhRXJu2jmqM
  assets\audio\es\silabas\tucan-1.mp3
    texto: 'cán'  ipa: None
    error: 400 Client Error: Bad Request for url: https://texttospeech.googleapis.com/v1/text:synthesize?key=AIzaSyAL1mg758L1cHG-yiGo-ztfDhRXJu2jmqM
  assets\audio\es\silabas\oso-panda-0.mp3
    texto: 'o'  ipa: None
    error: 400 Client Error: Bad Request for url: https://texttospeech.googleapis.com/v1/text:synthesize?key=AIzaSyAL1mg758L1cHG-yiGo-ztfDhRXJu2jmqM
  assets\audio\es\silabas\oso-panda-1.mp3
    texto: 'xso'  ipa: 'so'
    error: 400 Client Error: Bad Request for url: https://texttospeech.googleapis.com/v1/text:synthesize?key=AIzaSyAL1mg758L1cHG-yiGo-ztfDhRXJu2jmqM
  assets\audio\es\silabas\oso-panda-2.mp3
    texto: 'pan'  ipa: None
    error: 400 Client Error: Bad Request for url: https://texttospeech.googleapis.com/v1/text:synthesize?key=AIzaSyAL1mg758L1cHG-yiGo-ztfDhRXJu2jmqM
  assets\audio\es\silabas\oso-panda-3.mp3
    texto: 'da'  ipa: None
    error: 400 Client Error: Bad Request for url: https://texttospeech.googleapis.com/v1/text:synthesize?key=AIzaSyAL1mg758L1cHG-yiGo-ztfDhRXJu2jmqM
  assets\audio\es\silabas\guacamaya-0.mp3
    texto: 'gua'  ipa: None
    error: 400 Client Error: Bad Request for url: https://texttospeech.googleapis.com/v1/text:synthesize?key=AIzaSyAL1mg758L1cHG-yiGo-ztfDhRXJu2jmqM
  assets\audio\es\silabas\guacamaya-1.mp3
    texto: 'ca'  ipa: None
    error: 400 Client Error: Bad Request for url: https://texttospeech.googleapis.com/v1/text:synthesize?key=AIzaSyAL1mg758L1cHG-yiGo-ztfDhRXJu2jmqM
  assets\audio\es\silabas\guacamaya-2.mp3
    texto: 'ma'  ipa: None
    error: 400 Client Error: Bad Request for url: https://texttospeech.googleapis.com/v1/text:synthesize?key=AIzaSyAL1mg758L1cHG-yiGo-ztfDhRXJu2jmqM
  assets\audio\es\silabas\guacamaya-3.mp3
    texto: 'ya'  ipa: None
    error: 400 Client Error: Bad Request for url: https://texttospeech.googleapis.com/v1/text:synthesize?key=AIzaSyAL1mg758L1cHG-yiGo-ztfDhRXJu2jmqM
  assets\audio\es\silabas\oso-polar-0.mp3
    texto: 'o'  ipa: None
    error: 400 Client Error: Bad Request for url: https://texttospeech.googleapis.com/v1/text:synthesize?key=AIzaSyAL1mg758L1cHG-yiGo-ztfDhRXJu2jmqM
  assets\audio\es\silabas\oso-polar-1.mp3
    texto: 'xso'  ipa: 'so'
    error: 400 Client Error: Bad Request for url: https://texttospeech.googleapis.com/v1/text:synthesize?key=AIzaSyAL1mg758L1cHG-yiGo-ztfDhRXJu2jmqM
  assets\audio\es\silabas\oso-polar-3.mp3
    texto: 'lar'  ipa: None
    error: 400 Client Error: Bad Request for url: https://texttospeech.googleapis.com/v1/text:synthesize?key=AIzaSyAL1mg758L1cHG-yiGo-ztfDhRXJu2jmqM
  assets\audio\es\silabas\oso-polar-2.mp3
    texto: 'po'  ipa: None
    error: 400 Client Error: Bad Request for url: https://texttospeech.googleapis.com/v1/text:synthesize?key=AIzaSyAL1mg758L1cHG-yiGo-ztfDhRXJu2jmqM
  assets\audio\es\silabas\avion-combate-0.mp3
    texto: 'a'  ipa: None
    error: 400 Client Error: Bad Request for url: https://texttospeech.googleapis.com/v1/text:synthesize?key=AIzaSyAL1mg758L1cHG-yiGo-ztfDhRXJu2jmqM
  assets\audio\es\silabas\avion-combate-1.mp3
    texto: 'vión'  ipa: None
    error: 400 Client Error: Bad Request for url: https://texttospeech.googleapis.com/v1/text:synthesize?key=AIzaSyAL1mg758L1cHG-yiGo-ztfDhRXJu2jmqM
  assets\audio\es\silabas\avion-combate-2.mp3
    texto: 'de'  ipa: None
    error: 400 Client Error: Bad Request for url: https://texttospeech.googleapis.com/v1/text:synthesize?key=AIzaSyAL1mg758L1cHG-yiGo-ztfDhRXJu2jmqM
  assets\audio\es\silabas\avion-combate-4.mp3
    texto: 'bá'  ipa: None
    error: 400 Client Error: Bad Request for url: https://texttospeech.googleapis.com/v1/text:synthesize?key=AIzaSyAL1mg758L1cHG-yiGo-ztfDhRXJu2jmqM
  assets\audio\es\silabas\avion-combate-3.mp3
    texto: 'com'  ipa: None
    error: 400 Client Error: Bad Request for url: https://texttospeech.googleapis.com/v1/text:synthesize?key=AIzaSyAL1mg758L1cHG-yiGo-ztfDhRXJu2jmqM
  assets\audio\es\silabas\avion-combate-5.mp3
    texto: 'te'  ipa: None
    error: 400 Client Error: Bad Request for url: https://texttospeech.googleapis.com/v1/text:synthesize?key=AIzaSyAL1mg758L1cHG-yiGo-ztfDhRXJu2jmqM
  assets\audio\es\silabas\buque-carga-0.mp3
    texto: 'bu'  ipa: None
    error: 400 Client Error: Bad Request for url: https://texttospeech.googleapis.com/v1/text:synthesize?key=AIzaSyAL1mg758L1cHG-yiGo-ztfDhRXJu2jmqM
  assets\audio\es\silabas\buque-carga-1.mp3
    texto: 'que'  ipa: None
    error: 400 Client Error: Bad Request for url: https://texttospeech.googleapis.com/v1/text:synthesize?key=AIzaSyAL1mg758L1cHG-yiGo-ztfDhRXJu2jmqM
  assets\audio\es\silabas\buque-carga-2.mp3
    texto: 'de'  ipa: None
    error: 400 Client Error: Bad Request for url: https://texttospeech.googleapis.com/v1/text:synthesize?key=AIzaSyAL1mg758L1cHG-yiGo-ztfDhRXJu2jmqM
  assets\audio\es\silabas\buque-carga-3.mp3
    texto: 'xcar'  ipa: 'kar'
    error: 400 Client Error: Bad Request for url: https://texttospeech.googleapis.com/v1/text:synthesize?key=AIzaSyAL1mg758L1cHG-yiGo-ztfDhRXJu2jmqM
  assets\audio\es\silabas\buque-carga-4.mp3
    texto: 'ga'  ipa: None
    error: 400 Client Error: Bad Request for url: https://texttospeech.googleapis.com/v1/text:synthesize?key=AIzaSyAL1mg758L1cHG-yiGo-ztfDhRXJu2jmqM
  assets\audio\es\silabas\camion-cisterna-1.mp3
    texto: 'mión'  ipa: None
    error: 400 Client Error: Bad Request for url: https://texttospeech.googleapis.com/v1/text:synthesize?key=AIzaSyAL1mg758L1cHG-yiGo-ztfDhRXJu2jmqM
  assets\audio\es\silabas\camion-cisterna-0.mp3
    texto: 'ca'  ipa: None
    error: 400 Client Error: Bad Request for url: https://texttospeech.googleapis.com/v1/text:synthesize?key=AIzaSyAL1mg758L1cHG-yiGo-ztfDhRXJu2jmqM
  assets\audio\es\silabas\camion-cisterna-2.mp3
    texto: 'cis'  ipa: None
    error: 400 Client Error: Bad Request for url: https://texttospeech.googleapis.com/v1/text:synthesize?key=AIzaSyAL1mg758L1cHG-yiGo-ztfDhRXJu2jmqM
  assets\audio\es\silabas\camion-cisterna-4.mp3
    texto: 'na'  ipa: None
    error: 400 Client Error: Bad Request for url: https://texttospeech.googleapis.com/v1/text:synthesize?key=AIzaSyAL1mg758L1cHG-yiGo-ztfDhRXJu2jmqM
  assets\audio\es\silabas\camion-cisterna-3.mp3
    texto: 'ter'  ipa: None
    error: 400 Client Error: Bad Request for url: https://texttospeech.googleapis.com/v1/text:synthesize?key=AIzaSyAL1mg758L1cHG-yiGo-ztfDhRXJu2jmqM
  assets\audio\es\silabas\camion-helados-0.mp3
    texto: 'ca'  ipa: None
    error: 400 Client Error: Bad Request for url: https://texttospeech.googleapis.com/v1/text:synthesize?key=AIzaSyAL1mg758L1cHG-yiGo-ztfDhRXJu2jmqM
  assets\audio\es\silabas\camion-helados-1.mp3
    texto: 'mión'  ipa: None
    error: 400 Client Error: Bad Request for url: https://texttospeech.googleapis.com/v1/text:synthesize?key=AIzaSyAL1mg758L1cHG-yiGo-ztfDhRXJu2jmqM
  assets\audio\es\silabas\camion-helados-2.mp3
    texto: 'de'  ipa: None
    error: 400 Client Error: Bad Request for url: https://texttospeech.googleapis.com/v1/text:synthesize?key=AIzaSyAL1mg758L1cHG-yiGo-ztfDhRXJu2jmqM
  assets\audio\es\silabas\camion-helados-3.mp3
    texto: 'he'  ipa: None
    error: 400 Client Error: Bad Request for url: https://texttospeech.googleapis.com/v1/text:synthesize?key=AIzaSyAL1mg758L1cHG-yiGo-ztfDhRXJu2jmqM
  assets\audio\es\silabas\camion-helados-4.mp3
    texto: 'la'  ipa: None
    error: 400 Client Error: Bad Request for url: https://texttospeech.googleapis.com/v1/text:synthesize?key=AIzaSyAL1mg758L1cHG-yiGo-ztfDhRXJu2jmqM
  assets\audio\es\silabas\camion-helados-5.mp3
    texto: 'dos'  ipa: None
    error: 400 Client Error: Bad Request for url: https://texttospeech.googleapis.com/v1/text:synthesize?key=AIzaSyAL1mg758L1cHG-yiGo-ztfDhRXJu2jmqM
  assets\audio\es\silabas\tractor-orugas-0.mp3
    texto: 'trac'  ipa: None
    error: 400 Client Error: Bad Request for url: https://texttospeech.googleapis.com/v1/text:synthesize?key=AIzaSyAL1mg758L1cHG-yiGo-ztfDhRXJu2jmqM
  assets\audio\es\silabas\tractor-orugas-1.mp3
    texto: 'tor'  ipa: None
    error: 400 Client Error: Bad Request for url: https://texttospeech.googleapis.com/v1/text:synthesize?key=AIzaSyAL1mg758L1cHG-yiGo-ztfDhRXJu2jmqM
  assets\audio\es\silabas\tractor-orugas-2.mp3
    texto: 'de'  ipa: None
    error: 400 Client Error: Bad Request for url: https://texttospeech.googleapis.com/v1/text:synthesize?key=AIzaSyAL1mg758L1cHG-yiGo-ztfDhRXJu2jmqM
  assets\audio\es\silabas\tractor-orugas-3.mp3
    texto: 'o'  ipa: None
    error: 400 Client Error: Bad Request for url: https://texttospeech.googleapis.com/v1/text:synthesize?key=AIzaSyAL1mg758L1cHG-yiGo-ztfDhRXJu2jmqM
  assets\audio\es\silabas\tractor-orugas-4.mp3
    texto: 'ru'  ipa: 'ɾu'
    error: 400 Client Error: Bad Request for url: https://texttospeech.googleapis.com/v1/text:synthesize?key=AIzaSyAL1mg758L1cHG-yiGo-ztfDhRXJu2jmqM
  assets\audio\es\silabas\tractor-orugas-5.mp3
    texto: 'gas'  ipa: None
    error: 400 Client Error: Bad Request for url: https://texttospeech.googleapis.com/v1/text:synthesize?key=AIzaSyAL1mg758L1cHG-yiGo-ztfDhRXJu2jmqM
  assets\audio\es\silabas\camion-reparto-0.mp3
    texto: 'ca'  ipa: None
    error: 400 Client Error: Bad Request for url: https://texttospeech.googleapis.com/v1/text:synthesize?key=AIzaSyAL1mg758L1cHG-yiGo-ztfDhRXJu2jmqM
  assets\audio\es\silabas\camion-reparto-1.mp3
    texto: 'mión'  ipa: None
    error: 400 Client Error: Bad Request for url: https://texttospeech.googleapis.com/v1/text:synthesize?key=AIzaSyAL1mg758L1cHG-yiGo-ztfDhRXJu2jmqM
  assets\audio\es\silabas\camion-reparto-2.mp3
    texto: 'de'  ipa: None
    error: 400 Client Error: Bad Request for url: https://texttospeech.googleapis.com/v1/text:synthesize?key=AIzaSyAL1mg758L1cHG-yiGo-ztfDhRXJu2jmqM
  assets\audio\es\silabas\camion-reparto-3.mp3
    texto: 're'  ipa: 'ɾe'
    error: 400 Client Error: Bad Request for url: https://texttospeech.googleapis.com/v1/text:synthesize?key=AIzaSyAL1mg758L1cHG-yiGo-ztfDhRXJu2jmqM
  assets\audio\es\silabas\camion-reparto-4.mp3
    texto: 'par'  ipa: None
    error: 400 Client Error: Bad Request for url: https://texttospeech.googleapis.com/v1/text:synthesize?key=AIzaSyAL1mg758L1cHG-yiGo-ztfDhRXJu2jmqM
  assets\audio\es\silabas\camion-reparto-5.mp3
    texto: 'xto'  ipa: 'to'
    error: 400 Client Error: Bad Request for url: https://texttospeech.googleapis.com/v1/text:synthesize?key=AIzaSyAL1mg758L1cHG-yiGo-ztfDhRXJu2jmqM
  assets\audio\es\silabas\camion-volteo-0.mp3
    texto: 'ca'  ipa: None
    error: 400 Client Error: Bad Request for url: https://texttospeech.googleapis.com/v1/text:synthesize?key=AIzaSyAL1mg758L1cHG-yiGo-ztfDhRXJu2jmqM
  assets\audio\es\silabas\camion-volteo-1.mp3
    texto: 'mión'  ipa: None
    error: 400 Client Error: Bad Request for url: https://texttospeech.googleapis.com/v1/text:synthesize?key=AIzaSyAL1mg758L1cHG-yiGo-ztfDhRXJu2jmqM
  assets\audio\es\silabas\camion-volteo-2.mp3
    texto: 'de'  ipa: None
    error: 400 Client Error: Bad Request for url: https://texttospeech.googleapis.com/v1/text:synthesize?key=AIzaSyAL1mg758L1cHG-yiGo-ztfDhRXJu2jmqM
  assets\audio\es\silabas\camion-volteo-3.mp3
    texto: 'xvol'  ipa: 'bol'
    error: 400 Client Error: Bad Request for url: https://texttospeech.googleapis.com/v1/text:synthesize?key=AIzaSyAL1mg758L1cHG-yiGo-ztfDhRXJu2jmqM
  assets\audio\es\silabas\camion-volteo-5.mp3
    texto: 'o'  ipa: None
    error: 400 Client Error: Bad Request for url: https://texttospeech.googleapis.com/v1/text:synthesize?key=AIzaSyAL1mg758L1cHG-yiGo-ztfDhRXJu2jmqM
  assets\audio\es\silabas\camion-volteo-4.mp3
    texto: 'te'  ipa: None
    error: 400 Client Error: Bad Request for url: https://texttospeech.googleapis.com/v1/text:synthesize?key=AIzaSyAL1mg758L1cHG-yiGo-ztfDhRXJu2jmqM
  assets\audio\es\silabas\camion-minero-0.mp3
    texto: 'ca'  ipa: None
    error: 400 Client Error: Bad Request for url: https://texttospeech.googleapis.com/v1/text:synthesize?key=AIzaSyAL1mg758L1cHG-yiGo-ztfDhRXJu2jmqM
  assets\audio\es\silabas\camion-minero-1.mp3
    texto: 'mión'  ipa: None
    error: 400 Client Error: Bad Request for url: https://texttospeech.googleapis.com/v1/text:synthesize?key=AIzaSyAL1mg758L1cHG-yiGo-ztfDhRXJu2jmqM
  assets\audio\es\silabas\camion-minero-2.mp3
    texto: 'mi'  ipa: None
    error: 400 Client Error: Bad Request for url: https://texttospeech.googleapis.com/v1/text:synthesize?key=AIzaSyAL1mg758L1cHG-yiGo-ztfDhRXJu2jmqM
  assets\audio\es\silabas\camion-minero-3.mp3
    texto: 'ne'  ipa: None
    error: 400 Client Error: Bad Request for url: https://texttospeech.googleapis.com/v1/text:synthesize?key=AIzaSyAL1mg758L1cHG-yiGo-ztfDhRXJu2jmqM
  assets\audio\es\silabas\camion-minero-4.mp3
    texto: 'ro'  ipa: 'ɾo'
    error: 400 Client Error: Bad Request for url: https://texttospeech.googleapis.com/v1/text:synthesize?key=AIzaSyAL1mg758L1cHG-yiGo-ztfDhRXJu2jmqM
  assets\audio\es\silabas\cargadora-frontal-0.mp3
    texto: 'xcar'  ipa: 'kar'
    error: 400 Client Error: Bad Request for url: https://texttospeech.googleapis.com/v1/text:synthesize?key=AIzaSyAL1mg758L1cHG-yiGo-ztfDhRXJu2jmqM
  assets\audio\es\silabas\cargadora-frontal-1.mp3
    texto: 'ga'  ipa: None
    error: 400 Client Error: Bad Request for url: https://texttospeech.googleapis.com/v1/text:synthesize?key=AIzaSyAL1mg758L1cHG-yiGo-ztfDhRXJu2jmqM
  assets\audio\es\silabas\cargadora-frontal-2.mp3
    texto: 'do'  ipa: None
    error: 400 Client Error: Bad Request for url: https://texttospeech.googleapis.com/v1/text:synthesize?key=AIzaSyAL1mg758L1cHG-yiGo-ztfDhRXJu2jmqM
  assets\audio\es\silabas\cargadora-frontal-4.mp3
    texto: 'fron'  ipa: None
    error: 400 Client Error: Bad Request for url: https://texttospeech.googleapis.com/v1/text:synthesize?key=AIzaSyAL1mg758L1cHG-yiGo-ztfDhRXJu2jmqM
  assets\audio\es\silabas\cargadora-frontal-3.mp3
    texto: 'ra'  ipa: 'ɾa'
    error: 400 Client Error: Bad Request for url: https://texttospeech.googleapis.com/v1/text:synthesize?key=AIzaSyAL1mg758L1cHG-yiGo-ztfDhRXJu2jmqM
  assets\audio\es\silabas\cargadora-frontal-5.mp3
    texto: 'tal'  ipa: None
    error: 400 Client Error: Bad Request for url: https://texttospeech.googleapis.com/v1/text:synthesize?key=AIzaSyAL1mg758L1cHG-yiGo-ztfDhRXJu2jmqM
  assets\audio\es\silabas\carrito-golf-0.mp3
    texto: 'ca'  ipa: None
    error: 400 Client Error: Bad Request for url: https://texttospeech.googleapis.com/v1/text:synthesize?key=AIzaSyAL1mg758L1cHG-yiGo-ztfDhRXJu2jmqM
  assets\audio\es\silabas\carrito-golf-1.mp3
    texto: 'rri'  ipa: None
    error: 400 Client Error: Bad Request for url: https://texttospeech.googleapis.com/v1/text:synthesize?key=AIzaSyAL1mg758L1cHG-yiGo-ztfDhRXJu2jmqM
  assets\audio\es\silabas\carrito-golf-3.mp3
    texto: 'de'  ipa: None
    error: 400 Client Error: Bad Request for url: https://texttospeech.googleapis.com/v1/text:synthesize?key=AIzaSyAL1mg758L1cHG-yiGo-ztfDhRXJu2jmqM
  assets\audio\es\silabas\convertible-0.mp3
    texto: 'con'  ipa: None
    error: 400 Client Error: Bad Request for url: https://texttospeech.googleapis.com/v1/text:synthesize?key=AIzaSyAL1mg758L1cHG-yiGo-ztfDhRXJu2jmqM
  assets\audio\es\silabas\carrito-golf-4.mp3
    texto: 'golf'  ipa: None
    error: 400 Client Error: Bad Request for url: https://texttospeech.googleapis.com/v1/text:synthesize?key=AIzaSyAL1mg758L1cHG-yiGo-ztfDhRXJu2jmqM
  assets\audio\es\silabas\carrito-golf-2.mp3
    texto: 'xto'  ipa: 'to'
    error: 400 Client Error: Bad Request for url: https://texttospeech.googleapis.com/v1/text:synthesize?key=AIzaSyAL1mg758L1cHG-yiGo-ztfDhRXJu2jmqM
  assets\audio\es\silabas\convertible-1.mp3
    texto: 'ver'  ipa: None
    error: 400 Client Error: Bad Request for url: https://texttospeech.googleapis.com/v1/text:synthesize?key=AIzaSyAL1mg758L1cHG-yiGo-ztfDhRXJu2jmqM
  assets\audio\es\silabas\grua-1.mp3
    texto: 'a'  ipa: None
    error: 400 Client Error: Bad Request for url: https://texttospeech.googleapis.com/v1/text:synthesize?key=AIzaSyAL1mg758L1cHG-yiGo-ztfDhRXJu2jmqM
  assets\audio\es\silabas\convertible-3.mp3
    texto: 'blé'  ipa: None
    error: 400 Client Error: Bad Request for url: https://texttospeech.googleapis.com/v1/text:synthesize?key=AIzaSyAL1mg758L1cHG-yiGo-ztfDhRXJu2jmqM
  assets\audio\es\silabas\convertible-2.mp3
    texto: 'ti'  ipa: None
    error: 400 Client Error: Bad Request for url: https://texttospeech.googleapis.com/v1/text:synthesize?key=AIzaSyAL1mg758L1cHG-yiGo-ztfDhRXJu2jmqM
  assets\audio\es\silabas\grua-0.mp3
    texto: 'grú'  ipa: None
    error: 400 Client Error: Bad Request for url: https://texttospeech.googleapis.com/v1/text:synthesize?key=AIzaSyAL1mg758L1cHG-yiGo-ztfDhRXJu2jmqM
  assets\audio\es\silabas\helicoptero-rescate-0.mp3
    texto: 'he'  ipa: None
    error: 400 Client Error: Bad Request for url: https://texttospeech.googleapis.com/v1/text:synthesize?key=AIzaSyAL1mg758L1cHG-yiGo-ztfDhRXJu2jmqM
  assets\audio\es\silabas\helicoptero-rescate-1.mp3
    texto: 'li'  ipa: None
    error: 400 Client Error: Bad Request for url: https://texttospeech.googleapis.com/v1/text:synthesize?key=AIzaSyAL1mg758L1cHG-yiGo-ztfDhRXJu2jmqM
  assets\audio\es\silabas\helicoptero-rescate-4.mp3
    texto: 'ro'  ipa: 'ɾo'
    error: 400 Client Error: Bad Request for url: https://texttospeech.googleapis.com/v1/text:synthesize?key=AIzaSyAL1mg758L1cHG-yiGo-ztfDhRXJu2jmqM
  assets\audio\es\silabas\helicoptero-rescate-2.mp3
    texto: 'cóp'  ipa: None
    error: 400 Client Error: Bad Request for url: https://texttospeech.googleapis.com/v1/text:synthesize?key=AIzaSyAL1mg758L1cHG-yiGo-ztfDhRXJu2jmqM
  assets\audio\es\silabas\helicoptero-rescate-3.mp3
    texto: 'te'  ipa: None
    error: 400 Client Error: Bad Request for url: https://texttospeech.googleapis.com/v1/text:synthesize?key=AIzaSyAL1mg758L1cHG-yiGo-ztfDhRXJu2jmqM
  assets\audio\es\silabas\helicoptero-rescate-5.mp3
    texto: 'de'  ipa: None
    error: 400 Client Error: Bad Request for url: https://texttospeech.googleapis.com/v1/text:synthesize?key=AIzaSyAL1mg758L1cHG-yiGo-ztfDhRXJu2jmqM
  assets\audio\es\silabas\helicoptero-rescate-6.mp3
    texto: 'res'  ipa: 'ɾes'
    error: 400 Client Error: Bad Request for url: https://texttospeech.googleapis.com/v1/text:synthesize?key=AIzaSyAL1mg758L1cHG-yiGo-ztfDhRXJu2jmqM
  assets\audio\es\silabas\camion-mezclador-cemento-1.mp3
    texto: 'mión'  ipa: None
    error: 400 Client Error: Bad Request for url: https://texttospeech.googleapis.com/v1/text:synthesize?key=AIzaSyAL1mg758L1cHG-yiGo-ztfDhRXJu2jmqM
  assets\audio\es\silabas\helicoptero-rescate-8.mp3
    texto: 'te'  ipa: None
    error: 400 Client Error: Bad Request for url: https://texttospeech.googleapis.com/v1/text:synthesize?key=AIzaSyAL1mg758L1cHG-yiGo-ztfDhRXJu2jmqM
  assets\audio\es\silabas\camion-mezclador-cemento-0.mp3
    texto: 'ca'  ipa: None
    error: 400 Client Error: Bad Request for url: https://texttospeech.googleapis.com/v1/text:synthesize?key=AIzaSyAL1mg758L1cHG-yiGo-ztfDhRXJu2jmqM
  assets\audio\es\silabas\helicoptero-rescate-7.mp3
    texto: 'ca'  ipa: None
    error: 400 Client Error: Bad Request for url: https://texttospeech.googleapis.com/v1/text:synthesize?key=AIzaSyAL1mg758L1cHG-yiGo-ztfDhRXJu2jmqM
  assets\audio\es\silabas\camion-mezclador-cemento-2.mp3
    texto: 'mez'  ipa: None
    error: 400 Client Error: Bad Request for url: https://texttospeech.googleapis.com/v1/text:synthesize?key=AIzaSyAL1mg758L1cHG-yiGo-ztfDhRXJu2jmqM
  assets\audio\es\silabas\camion-mezclador-cemento-3.mp3
    texto: 'cla'  ipa: None
    error: 400 Client Error: Bad Request for url: https://texttospeech.googleapis.com/v1/text:synthesize?key=AIzaSyAL1mg758L1cHG-yiGo-ztfDhRXJu2jmqM
  assets\audio\es\silabas\camion-mezclador-cemento-5.mp3
    texto: 'de'  ipa: None
    error: 400 Client Error: Bad Request for url: https://texttospeech.googleapis.com/v1/text:synthesize?key=AIzaSyAL1mg758L1cHG-yiGo-ztfDhRXJu2jmqM
  assets\audio\es\silabas\camion-mezclador-cemento-4.mp3
    texto: 'dor'  ipa: None
    error: 400 Client Error: Bad Request for url: https://texttospeech.googleapis.com/v1/text:synthesize?key=AIzaSyAL1mg758L1cHG-yiGo-ztfDhRXJu2jmqM
  assets\audio\es\silabas\camion-mezclador-cemento-6.mp3
    texto: 'ce'  ipa: None
    error: 400 Client Error: Bad Request for url: https://texttospeech.googleapis.com/v1/text:synthesize?key=AIzaSyAL1mg758L1cHG-yiGo-ztfDhRXJu2jmqM
  assets\audio\es\silabas\camion-mezclador-cemento-7.mp3
    texto: 'men'  ipa: None
    error: 400 Client Error: Bad Request for url: https://texttospeech.googleapis.com/v1/text:synthesize?key=AIzaSyAL1mg758L1cHG-yiGo-ztfDhRXJu2jmqM
  assets\audio\es\silabas\montacargas-2.mp3
    texto: 'xcar'  ipa: 'kar'
    error: 400 Client Error: Bad Request for url: https://texttospeech.googleapis.com/v1/text:synthesize?key=AIzaSyAL1mg758L1cHG-yiGo-ztfDhRXJu2jmqM
  assets\audio\es\silabas\montacargas-0.mp3
    texto: 'mon'  ipa: None
    error: 400 Client Error: Bad Request for url: https://texttospeech.googleapis.com/v1/text:synthesize?key=AIzaSyAL1mg758L1cHG-yiGo-ztfDhRXJu2jmqM
  assets\audio\es\silabas\montacargas-1.mp3
    texto: 'ta'  ipa: None
    error: 400 Client Error: Bad Request for url: https://texttospeech.googleapis.com/v1/text:synthesize?key=AIzaSyAL1mg758L1cHG-yiGo-ztfDhRXJu2jmqM
  assets\audio\es\silabas\camion-mezclador-cemento-8.mp3
    texto: 'xto'  ipa: 'to'
    error: 400 Client Error: Bad Request for url: https://texttospeech.googleapis.com/v1/text:synthesize?key=AIzaSyAL1mg758L1cHG-yiGo-ztfDhRXJu2jmqM
  assets\audio\es\silabas\montacargas-3.mp3
    texto: 'gas'  ipa: None
    error: 400 Client Error: Bad Request for url: https://texttospeech.googleapis.com/v1/text:synthesize?key=AIzaSyAL1mg758L1cHG-yiGo-ztfDhRXJu2jmqM
  assets\audio\es\silabas\motoniveladora-0.mp3
    texto: 'mo'  ipa: None
    error: 400 Client Error: Bad Request for url: https://texttospeech.googleapis.com/v1/text:synthesize?key=AIzaSyAL1mg758L1cHG-yiGo-ztfDhRXJu2jmqM
  assets\audio\es\silabas\motoniveladora-3.mp3
    texto: 've'  ipa: None
    error: 400 Client Error: Bad Request for url: https://texttospeech.googleapis.com/v1/text:synthesize?key=AIzaSyAL1mg758L1cHG-yiGo-ztfDhRXJu2jmqM
  assets\audio\es\silabas\motoniveladora-1.mp3
    texto: 'xto'  ipa: 'to'
    error: 400 Client Error: Bad Request for url: https://texttospeech.googleapis.com/v1/text:synthesize?key=AIzaSyAL1mg758L1cHG-yiGo-ztfDhRXJu2jmqM
  assets\audio\es\silabas\motoniveladora-2.mp3
    texto: 'ni'  ipa: None
    error: 400 Client Error: Bad Request for url: https://texttospeech.googleapis.com/v1/text:synthesize?key=AIzaSyAL1mg758L1cHG-yiGo-ztfDhRXJu2jmqM
  assets\audio\es\silabas\motoniveladora-4.mp3
    texto: 'la'  ipa: None
    error: 400 Client Error: Bad Request for url: https://texttospeech.googleapis.com/v1/text:synthesize?key=AIzaSyAL1mg758L1cHG-yiGo-ztfDhRXJu2jmqM
  assets\audio\es\silabas\motoniveladora-5.mp3
    texto: 'do'  ipa: None
    error: 400 Client Error: Bad Request for url: https://texttospeech.googleapis.com/v1/text:synthesize?key=AIzaSyAL1mg758L1cHG-yiGo-ztfDhRXJu2jmqM
  assets\audio\es\silabas\tren-bala-0.mp3
    texto: 'tren'  ipa: None
    error: 400 Client Error: Bad Request for url: https://texttospeech.googleapis.com/v1/text:synthesize?key=AIzaSyAL1mg758L1cHG-yiGo-ztfDhRXJu2jmqM
  assets\audio\es\silabas\motoniveladora-6.mp3
    texto: 'ra'  ipa: 'ɾa'
    error: 400 Client Error: Bad Request for url: https://texttospeech.googleapis.com/v1/text:synthesize?key=AIzaSyAL1mg758L1cHG-yiGo-ztfDhRXJu2jmqM
  assets\audio\es\silabas\tren-bala-1.mp3
    texto: 'bá'  ipa: None
    error: 400 Client Error: Bad Request for url: https://texttospeech.googleapis.com/v1/text:synthesize?key=AIzaSyAL1mg758L1cHG-yiGo-ztfDhRXJu2jmqM
  assets\audio\es\silabas\tren-bala-2.mp3
    texto: 'la'  ipa: None
    error: 400 Client Error: Bad Request for url: https://texttospeech.googleapis.com/v1/text:synthesize?key=AIzaSyAL1mg758L1cHG-yiGo-ztfDhRXJu2jmqM
  assets\audio\es\silabas\furgoneta-0.mp3
    texto: 'fur'  ipa: None
    error: 400 Client Error: Bad Request for url: https://texttospeech.googleapis.com/v1/text:synthesize?key=AIzaSyAL1mg758L1cHG-yiGo-ztfDhRXJu2jmqM
  assets\audio\es\silabas\furgoneta-2.mp3
    texto: 'ne'  ipa: None
    error: 400 Client Error: Bad Request for url: https://texttospeech.googleapis.com/v1/text:synthesize?key=AIzaSyAL1mg758L1cHG-yiGo-ztfDhRXJu2jmqM
  assets\audio\es\silabas\furgoneta-3.mp3
    texto: 'ta'  ipa: None
    error: 400 Client Error: Bad Request for url: https://texttospeech.googleapis.com/v1/text:synthesize?key=AIzaSyAL1mg758L1cHG-yiGo-ztfDhRXJu2jmqM
  assets\audio\es\silabas\camioneta-0.mp3
    texto: 'ca'  ipa: None
    error: 400 Client Error: Bad Request for url: https://texttospeech.googleapis.com/v1/text:synthesize?key=AIzaSyAL1mg758L1cHG-yiGo-ztfDhRXJu2jmqM
  assets\audio\es\silabas\camioneta-1.mp3
    texto: 'mio'  ipa: 'mjo'
    error: 400 Client Error: Bad Request for url: https://texttospeech.googleapis.com/v1/text:synthesize?key=AIzaSyAL1mg758L1cHG-yiGo-ztfDhRXJu2jmqM
  assets\audio\es\silabas\camioneta-3.mp3
    texto: 'ta'  ipa: None
    error: 400 Client Error: Bad Request for url: https://texttospeech.googleapis.com/v1/text:synthesize?key=AIzaSyAL1mg758L1cHG-yiGo-ztfDhRXJu2jmqM
  assets\audio\es\silabas\camioneta-2.mp3
    texto: 'ne'  ipa: None
    error: 400 Client Error: Bad Request for url: https://texttospeech.googleapis.com/v1/text:synthesize?key=AIzaSyAL1mg758L1cHG-yiGo-ztfDhRXJu2jmqM
  assets\audio\es\silabas\moto-agua-1.mp3
    texto: 'xto'  ipa: 'to'
    error: 400 Client Error: Bad Request for url: https://texttospeech.googleapis.com/v1/text:synthesize?key=AIzaSyAL1mg758L1cHG-yiGo-ztfDhRXJu2jmqM
  assets\audio\es\silabas\moto-agua-0.mp3
    texto: 'mo'  ipa: None
    error: 400 Client Error: Bad Request for url: https://texttospeech.googleapis.com/v1/text:synthesize?key=AIzaSyAL1mg758L1cHG-yiGo-ztfDhRXJu2jmqM
  assets\audio\es\silabas\moto-agua-2.mp3
    texto: 'de'  ipa: None
    error: 400 Client Error: Bad Request for url: https://texttospeech.googleapis.com/v1/text:synthesize?key=AIzaSyAL1mg758L1cHG-yiGo-ztfDhRXJu2jmqM
  assets\audio\es\silabas\moto-agua-3.mp3
    texto: 'a'  ipa: None
    error: 400 Client Error: Bad Request for url: https://texttospeech.googleapis.com/v1/text:synthesize?key=AIzaSyAL1mg758L1cHG-yiGo-ztfDhRXJu2jmqM
  assets\audio\es\silabas\moto-agua-4.mp3
    texto: 'gua'  ipa: None
    error: 400 Client Error: Bad Request for url: https://texttospeech.googleapis.com/v1/text:synthesize?key=AIzaSyAL1mg758L1cHG-yiGo-ztfDhRXJu2jmqM
  assets\audio\es\silabas\granizo-1.mp3
    texto: 'ni'  ipa: None
    error: 400 Client Error: Bad Request for url: https://texttospeech.googleapis.com/v1/text:synthesize?key=AIzaSyAL1mg758L1cHG-yiGo-ztfDhRXJu2jmqM
  assets\audio\es\silabas\granizo-0.mp3
    texto: 'gra'  ipa: None
    error: 400 Client Error: Bad Request for url: https://texttospeech.googleapis.com/v1/text:synthesize?key=AIzaSyAL1mg758L1cHG-yiGo-ztfDhRXJu2jmqM
  assets\audio\es\silabas\granizo-2.mp3
    texto: 'zo'  ipa: None
    error: 400 Client Error: Bad Request for url: https://texttospeech.googleapis.com/v1/text:synthesize?key=AIzaSyAL1mg758L1cHG-yiGo-ztfDhRXJu2jmqM
  assets\audio\es\silabas\tormenta-0.mp3
    texto: 'tor'  ipa: None
    error: 400 Client Error: Bad Request for url: https://texttospeech.googleapis.com/v1/text:synthesize?key=AIzaSyAL1mg758L1cHG-yiGo-ztfDhRXJu2jmqM
  assets\audio\es\silabas\tormenta-1.mp3
    texto: 'men'  ipa: None
    error: 400 Client Error: Bad Request for url: https://texttospeech.googleapis.com/v1/text:synthesize?key=AIzaSyAL1mg758L1cHG-yiGo-ztfDhRXJu2jmqM
  assets\audio\es\silabas\huracan-0.mp3
    texto: 'u'  ipa: None
    error: 400 Client Error: Bad Request for url: https://texttospeech.googleapis.com/v1/text:synthesize?key=AIzaSyAL1mg758L1cHG-yiGo-ztfDhRXJu2jmqM
  assets\audio\es\silabas\huracan-1.mp3
    texto: 'ra'  ipa: 'ɾa'
    error: 400 Client Error: Bad Request for url: https://texttospeech.googleapis.com/v1/text:synthesize?key=AIzaSyAL1mg758L1cHG-yiGo-ztfDhRXJu2jmqM
  assets\audio\es\silabas\tormenta-2.mp3
    texto: 'ta'  ipa: None
    error: 400 Client Error: Bad Request for url: https://texttospeech.googleapis.com/v1/text:synthesize?key=AIzaSyAL1mg758L1cHG-yiGo-ztfDhRXJu2jmqM
  assets\audio\es\silabas\huracan-2.mp3
    texto: 'cán'  ipa: None
    error: 400 Client Error: Bad Request for url: https://texttospeech.googleapis.com/v1/text:synthesize?key=AIzaSyAL1mg758L1cHG-yiGo-ztfDhRXJu2jmqM
  assets\audio\es\silabas\niebla-0.mp3
    texto: 'nie'  ipa: 'nje'
    error: 400 Client Error: Bad Request for url: https://texttospeech.googleapis.com/v1/text:synthesize?key=AIzaSyAL1mg758L1cHG-yiGo-ztfDhRXJu2jmqM
  assets\audio\es\silabas\niebla-1.mp3
    texto: 'bla'  ipa: None
    error: 400 Client Error: Bad Request for url: https://texttospeech.googleapis.com/v1/text:synthesize?key=AIzaSyAL1mg758L1cHG-yiGo-ztfDhRXJu2jmqM
  assets\audio\es\silabas\parcialmente-nublado-1.mp3
    texto: 'cial'  ipa: None
    error: 400 Client Error: Bad Request for url: https://texttospeech.googleapis.com/v1/text:synthesize?key=AIzaSyAL1mg758L1cHG-yiGo-ztfDhRXJu2jmqM
  assets\audio\es\silabas\parcialmente-nublado-0.mp3
    texto: 'par'  ipa: None
    error: 400 Client Error: Bad Request for url: https://texttospeech.googleapis.com/v1/text:synthesize?key=AIzaSyAL1mg758L1cHG-yiGo-ztfDhRXJu2jmqM
  assets\audio\es\silabas\parcialmente-nublado-2.mp3
    texto: 'men'  ipa: None
    error: 400 Client Error: Bad Request for url: https://texttospeech.googleapis.com/v1/text:synthesize?key=AIzaSyAL1mg758L1cHG-yiGo-ztfDhRXJu2jmqM
  assets\audio\es\silabas\parcialmente-nublado-3.mp3
    texto: 'te'  ipa: None
    error: 400 Client Error: Bad Request for url: https://texttospeech.googleapis.com/v1/text:synthesize?key=AIzaSyAL1mg758L1cHG-yiGo-ztfDhRXJu2jmqM
  assets\audio\es\silabas\parcialmente-nublado-6.mp3
    texto: 'do'  ipa: None
    error: 400 Client Error: Bad Request for url: https://texttospeech.googleapis.com/v1/text:synthesize?key=AIzaSyAL1mg758L1cHG-yiGo-ztfDhRXJu2jmqM
  assets\audio\es\silabas\parcialmente-nublado-5.mp3
    texto: 'bla'  ipa: None
    error: 400 Client Error: Bad Request for url: https://texttospeech.googleapis.com/v1/text:synthesize?key=AIzaSyAL1mg758L1cHG-yiGo-ztfDhRXJu2jmqM
  assets\audio\es\silabas\parcialmente-nublado-4.mp3
    texto: 'nu'  ipa: None
    error: 400 Client Error: Bad Request for url: https://texttospeech.googleapis.com/v1/text:synthesize?key=AIzaSyAL1mg758L1cHG-yiGo-ztfDhRXJu2jmqM
  assets\audio\es\silabas\nublado-0.mp3
    texto: 'nu'  ipa: None
    error: 400 Client Error: Bad Request for url: https://texttospeech.googleapis.com/v1/text:synthesize?key=AIzaSyAL1mg758L1cHG-yiGo-ztfDhRXJu2jmqM
  assets\audio\es\silabas\nublado-1.mp3
    texto: 'bla'  ipa: None
    error: 400 Client Error: Bad Request for url: https://texttospeech.googleapis.com/v1/text:synthesize?key=AIzaSyAL1mg758L1cHG-yiGo-ztfDhRXJu2jmqM
  assets\audio\es\silabas\nublado-2.mp3
    texto: 'do'  ipa: None
    error: 400 Client Error: Bad Request for url: https://texttospeech.googleapis.com/v1/text:synthesize?key=AIzaSyAL1mg758L1cHG-yiGo-ztfDhRXJu2jmqM
  assets\audio\es\silabas\ventoso-0.mp3
    texto: 'ven'  ipa: None
    error: 400 Client Error: Bad Request for url: https://texttospeech.googleapis.com/v1/text:synthesize?key=AIzaSyAL1mg758L1cHG-yiGo-ztfDhRXJu2jmqM
  assets\audio\es\silabas\ventoso-1.mp3
    texto: 'xto'  ipa: 'to'
    error: 400 Client Error: Bad Request for url: https://texttospeech.googleapis.com/v1/text:synthesize?key=AIzaSyAL1mg758L1cHG-yiGo-ztfDhRXJu2jmqM
  assets\audio\es\silabas\ventoso-2.mp3
    texto: 'xso'  ipa: 'so'
    error: 400 Client Error: Bad Request for url: https://texttospeech.googleapis.com/v1/text:synthesize?key=AIzaSyAL1mg758L1cHG-yiGo-ztfDhRXJu2jmqM
  assets\audio\es\silabas\invierno-0.mp3
    texto: 'in'  ipa: None
    error: 400 Client Error: Bad Request for url: https://texttospeech.googleapis.com/v1/text:synthesize?key=AIzaSyAL1mg758L1cHG-yiGo-ztfDhRXJu2jmqM
  assets\audio\es\silabas\invierno-2.mp3
    texto: 'no'  ipa: None
    error: 400 Client Error: Bad Request for url: https://texttospeech.googleapis.com/v1/text:synthesize?key=AIzaSyAL1mg758L1cHG-yiGo-ztfDhRXJu2jmqM
  assets\audio\es\silabas\invierno-1.mp3
    texto: 'vier'  ipa: None
    error: 400 Client Error: Bad Request for url: https://texttospeech.googleapis.com/v1/text:synthesize?key=AIzaSyAL1mg758L1cHG-yiGo-ztfDhRXJu2jmqM
  assets\audio\es\silabas\otono-0.mp3
    texto: 'o'  ipa: None
    error: 400 Client Error: Bad Request for url: https://texttospeech.googleapis.com/v1/text:synthesize?key=AIzaSyAL1mg758L1cHG-yiGo-ztfDhRXJu2jmqM
  assets\audio\es\silabas\otono-1.mp3
    texto: 'xto'  ipa: 'to'
    error: 400 Client Error: Bad Request for url: https://texttospeech.googleapis.com/v1/text:synthesize?key=AIzaSyAL1mg758L1cHG-yiGo-ztfDhRXJu2jmqM
  assets\audio\es\silabas\otono-2.mp3
    texto: 'ño'  ipa: None
    error: 400 Client Error: Bad Request for url: https://texttospeech.googleapis.com/v1/text:synthesize?key=AIzaSyAL1mg758L1cHG-yiGo-ztfDhRXJu2jmqM
  assets\audio\es\silabas\primavera-0.mp3
    texto: 'pri'  ipa: None
    error: 400 Client Error: Bad Request for url: https://texttospeech.googleapis.com/v1/text:synthesize?key=AIzaSyAL1mg758L1cHG-yiGo-ztfDhRXJu2jmqM
  assets\audio\es\silabas\primavera-1.mp3
    texto: 'ma'  ipa: None
    error: 400 Client Error: Bad Request for url: https://texttospeech.googleapis.com/v1/text:synthesize?key=AIzaSyAL1mg758L1cHG-yiGo-ztfDhRXJu2jmqM
  assets\audio\es\silabas\primavera-2.mp3
    texto: 've'  ipa: None
    error: 400 Client Error: Bad Request for url: https://texttospeech.googleapis.com/v1/text:synthesize?key=AIzaSyAL1mg758L1cHG-yiGo-ztfDhRXJu2jmqM
  assets\audio\es\silabas\primavera-3.mp3
    texto: 'ra'  ipa: 'ɾa'
    error: 400 Client Error: Bad Request for url: https://texttospeech.googleapis.com/v1/text:synthesize?key=AIzaSyAL1mg758L1cHG-yiGo-ztfDhRXJu2jmqM
  assets\audio\es\silabas\verano-0.mp3
    texto: 've'  ipa: None
    error: 400 Client Error: Bad Request for url: https://texttospeech.googleapis.com/v1/text:synthesize?key=AIzaSyAL1mg758L1cHG-yiGo-ztfDhRXJu2jmqM
  assets\audio\es\silabas\estaciones-clima-0.mp3
    texto: 'es'  ipa: None
    error: 400 Client Error: Bad Request for url: https://texttospeech.googleapis.com/v1/text:synthesize?key=AIzaSyAL1mg758L1cHG-yiGo-ztfDhRXJu2jmqM
  assets\audio\es\silabas\verano-2.mp3
    texto: 'no'  ipa: None
    error: 400 Client Error: Bad Request for url: https://texttospeech.googleapis.com/v1/text:synthesize?key=AIzaSyAL1mg758L1cHG-yiGo-ztfDhRXJu2jmqM
  assets\audio\es\silabas\verano-1.mp3
    texto: 'ra'  ipa: 'ɾa'
    error: 400 Client Error: Bad Request for url: https://texttospeech.googleapis.com/v1/text:synthesize?key=AIzaSyAL1mg758L1cHG-yiGo-ztfDhRXJu2jmqM
  assets\audio\es\silabas\estaciones-clima-1.mp3
    texto: 'ta'  ipa: None
    error: 400 Client Error: Bad Request for url: https://texttospeech.googleapis.com/v1/text:synthesize?key=AIzaSyAL1mg758L1cHG-yiGo-ztfDhRXJu2jmqM
  assets\audio\es\silabas\estaciones-clima-2.mp3
    texto: 'cio'  ipa: 'sjo'
    error: 400 Client Error: Bad Request for url: https://texttospeech.googleapis.com/v1/text:synthesize?key=AIzaSyAL1mg758L1cHG-yiGo-ztfDhRXJu2jmqM
  assets\audio\es\silabas\estaciones-clima-3.mp3
    texto: 'nes'  ipa: None
    error: 400 Client Error: Bad Request for url: https://texttospeech.googleapis.com/v1/text:synthesize?key=AIzaSyAL1mg758L1cHG-yiGo-ztfDhRXJu2jmqM
  assets\audio\es\silabas\estaciones-clima-4.mp3
    texto: 'del'  ipa: None
    error: 400 Client Error: Bad Request for url: https://texttospeech.googleapis.com/v1/text:synthesize?key=AIzaSyAL1mg758L1cHG-yiGo-ztfDhRXJu2jmqM
  assets\audio\es\silabas\estaciones-clima-5.mp3
    texto: 'a'  ipa: None
    error: 400 Client Error: Bad Request for url: https://texttospeech.googleapis.com/v1/text:synthesize?key=AIzaSyAL1mg758L1cHG-yiGo-ztfDhRXJu2jmqM
  assets\audio\es\silabas\estaciones-clima-6.mp3
    texto: 'ño'  ipa: None
    error: 400 Client Error: Bad Request for url: https://texttospeech.googleapis.com/v1/text:synthesize?key=AIzaSyAL1mg758L1cHG-yiGo-ztfDhRXJu2jmqM
  assets\audio\es\silabas\submarino-adjetivo-0.mp3
    texto: 'sub'  ipa: None
    error: 400 Client Error: Bad Request for url: https://texttospeech.googleapis.com/v1/text:synthesize?key=AIzaSyAL1mg758L1cHG-yiGo-ztfDhRXJu2jmqM
  assets\audio\es\silabas\submarino-adjetivo-2.mp3
    texto: 'ri'  ipa: 'ɾi'
    error: 400 Client Error: Bad Request for url: https://texttospeech.googleapis.com/v1/text:synthesize?key=AIzaSyAL1mg758L1cHG-yiGo-ztfDhRXJu2jmqM
  assets\audio\es\silabas\submarino-adjetivo-1.mp3
    texto: 'ma'  ipa: None
    error: 400 Client Error: Bad Request for url: https://texttospeech.googleapis.com/v1/text:synthesize?key=AIzaSyAL1mg758L1cHG-yiGo-ztfDhRXJu2jmqM
  assets\audio\es\silabas\submarino-adjetivo-3.mp3
    texto: 'no'  ipa: None
    error: 400 Client Error: Bad Request for url: https://texttospeech.googleapis.com/v1/text:synthesize?key=AIzaSyAL1mg758L1cHG-yiGo-ztfDhRXJu2jmqM
